[01:41:25] Generando rutas candidatas (inicio)
[01:41:29] EstadoGlobalMutableProblemaPlanificacion: Rutas para pedidos pendientes, cantidad:675
[01:41:29] planificar: Iteración 0: quedan 108 pedidos pendientes
[01:41:29] rutasConDestinoCompartido: [[2210], [30705], [2216], [30765], [2222], [30825], [2211], [30706], [2217], [30766], [2223], [30826], [30707], [30767], [30827], [4439], [52995], [4445], [53055], [4428], [52876], [4434], [52936], [4440], [52996]]
[01:41:29] Pedido: PedidoParaAlgoritmo{id=14, idAlmacenDestino=10, pedidas=71, entregadas=0, programadas=0, restante o pendientes=71, registro=2025-10-28T17:29:00Z, instanteEntregaMax=2025-10-30T17:29:00Z}
[01:41:29] Ruta: [2210]
[01:41:29] Último vuelo: VueloEntidad{id=2210, inicio=2025-10-27T12:09:00Z, fin=2025-10-27T18:13:00Z, idAlmacenOrigen=5, idAlmacenDestino=10, capacidadMaximaProductos=300, capacidadOcupadaProductos=0, capacidadSinOcupar=300}
[01:41:29] Ruta: [30705]
[01:41:29] Último vuelo: VueloEntidad{id=30705, inicio=2025-10-27T12:09:00Z, fin=2025-10-27T18:13:00Z, idAlmacenOrigen=5, idAlmacenDestino=10, capacidadMaximaProductos=300, capacidadOcupadaProductos=0, capacidadSinOcupar=300}
[01:41:29] Ruta: [2216]
[01:41:29] Último vuelo: VueloEntidad{id=2216, inicio=2025-10-27T20:55:00Z, fin=2025-10-28T02:59:00Z, idAlmacenOrigen=5, idAlmacenDestino=10, capacidadMaximaProductos=340, capacidadOcupadaProductos=0, capacidadSinOcupar=340}
[01:41:29] Ruta: [30765]
[01:41:29] Último vuelo: VueloEntidad{id=30765, inicio=2025-10-27T20:55:00Z, fin=2025-10-28T02:59:00Z, idAlmacenOrigen=5, idAlmacenDestino=10, capacidadMaximaProductos=340, capacidadOcupadaProductos=0, capacidadSinOcupar=340}
[01:41:29] Ruta: [2222]
[01:41:29] Último vuelo: VueloEntidad{id=2222, inicio=2025-10-27T22:51:00Z, fin=2025-10-28T04:55:00Z, idAlmacenOrigen=5, idAlmacenDestino=10, capacidadMaximaProductos=360, capacidadOcupadaProductos=0, capacidadSinOcupar=360}
[01:41:29] Ruta: [30825]
[01:41:29] Último vuelo: VueloEntidad{id=30825, inicio=2025-10-27T22:51:00Z, fin=2025-10-28T04:55:00Z, idAlmacenOrigen=5, idAlmacenDestino=10, capacidadMaximaProductos=360, capacidadOcupadaProductos=0, capacidadSinOcupar=360}
[01:41:29] Ruta: [2211]
[01:41:29] Último vuelo: VueloEntidad{id=2211, inicio=2025-10-28T12:09:00Z, fin=2025-10-28T18:13:00Z, idAlmacenOrigen=5, idAlmacenDestino=10, capacidadMaximaProductos=300, capacidadOcupadaProductos=0, capacidadSinOcupar=300}
[01:41:29] Ruta: [30706]
[01:41:29] Último vuelo: VueloEntidad{id=30706, inicio=2025-10-28T12:09:00Z, fin=2025-10-28T18:13:00Z, idAlmacenOrigen=5, idAlmacenDestino=10, capacidadMaximaProductos=300, capacidadOcupadaProductos=0, capacidadSinOcupar=300}
[01:41:29] Ruta: [2217]
[01:41:29] Último vuelo: VueloEntidad{id=2217, inicio=2025-10-28T20:55:00Z, fin=2025-10-29T02:59:00Z, idAlmacenOrigen=5, idAlmacenDestino=10, capacidadMaximaProductos=340, capacidadOcupadaProductos=0, capacidadSinOcupar=340}
[01:41:29] Ruta: [30766]
[01:41:29] Último vuelo: VueloEntidad{id=30766, inicio=2025-10-28T20:55:00Z, fin=2025-10-29T02:59:00Z, idAlmacenOrigen=5, idAlmacenDestino=10, capacidadMaximaProductos=340, capacidadOcupadaProductos=0, capacidadSinOcupar=340}
[01:41:29] Ruta: [2223]
[01:41:29] Último vuelo: VueloEntidad{id=2223, inicio=2025-10-28T22:51:00Z, fin=2025-10-29T04:55:00Z, idAlmacenOrigen=5, idAlmacenDestino=10, capacidadMaximaProductos=360, capacidadOcupadaProductos=0, capacidadSinOcupar=360}
[01:41:29] Ruta: [30826]
[01:41:29] Último vuelo: VueloEntidad{id=30826, inicio=2025-10-28T22:51:00Z, fin=2025-10-29T04:55:00Z, idAlmacenOrigen=5, idAlmacenDestino=10, capacidadMaximaProductos=360, capacidadOcupadaProductos=0, capacidadSinOcupar=360}
[01:41:29] Ruta: [30707]
[01:41:29] Último vuelo: VueloEntidad{id=30707, inicio=2025-10-29T12:09:00Z, fin=2025-10-29T18:13:00Z, idAlmacenOrigen=5, idAlmacenDestino=10, capacidadMaximaProductos=300, capacidadOcupadaProductos=0, capacidadSinOcupar=300}
[01:41:29] Ruta: [30767]
[01:41:29] Último vuelo: VueloEntidad{id=30767, inicio=2025-10-29T20:55:00Z, fin=2025-10-30T02:59:00Z, idAlmacenOrigen=5, idAlmacenDestino=10, capacidadMaximaProductos=340, capacidadOcupadaProductos=0, capacidadSinOcupar=340}
[01:41:29] Ruta: [30827]
[01:41:29] Último vuelo: VueloEntidad{id=30827, inicio=2025-10-29T22:51:00Z, fin=2025-10-30T04:55:00Z, idAlmacenOrigen=5, idAlmacenDestino=10, capacidadMaximaProductos=360, capacidadOcupadaProductos=0, capacidadSinOcupar=360}
[01:41:29] Ruta: [4439]
[01:41:29] Último vuelo: VueloEntidad{id=4439, inicio=2025-10-27T10:13:00Z, fin=2025-10-28T01:06:00Z, idAlmacenOrigen=14, idAlmacenDestino=10, capacidadMaximaProductos=360, capacidadOcupadaProductos=0, capacidadSinOcupar=360}
[01:41:29] Ruta: [52995]
[01:41:29] Último vuelo: VueloEntidad{id=52995, inicio=2025-10-27T10:13:00Z, fin=2025-10-28T01:06:00Z, idAlmacenOrigen=14, idAlmacenDestino=10, capacidadMaximaProductos=360, capacidadOcupadaProductos=0, capacidadSinOcupar=360}
[01:41:29] Ruta: [4445]
[01:41:29] Último vuelo: VueloEntidad{id=4445, inicio=2025-10-27T21:55:00Z, fin=2025-10-28T12:48:00Z, idAlmacenOrigen=14, idAlmacenDestino=10, capacidadMaximaProductos=320, capacidadOcupadaProductos=0, capacidadSinOcupar=320}
[01:41:29] Ruta: [53055]
[01:41:29] Último vuelo: VueloEntidad{id=53055, inicio=2025-10-27T21:55:00Z, fin=2025-10-28T12:48:00Z, idAlmacenOrigen=14, idAlmacenDestino=10, capacidadMaximaProductos=320, capacidadOcupadaProductos=0, capacidadSinOcupar=320}
[01:41:29] Ruta: [4428]
[01:41:29] Último vuelo: VueloEntidad{id=4428, inicio=2025-10-27T22:02:00Z, fin=2025-10-28T13:55:00Z, idAlmacenOrigen=14, idAlmacenDestino=10, capacidadMaximaProductos=340, capacidadOcupadaProductos=0, capacidadSinOcupar=340}
[01:41:29] Ruta: [52876]
[01:41:29] Último vuelo: VueloEntidad{id=52876, inicio=2025-10-27T22:02:00Z, fin=2025-10-28T13:55:00Z, idAlmacenOrigen=14, idAlmacenDestino=10, capacidadMaximaProductos=340, capacidadOcupadaProductos=0, capacidadSinOcupar=340}
[01:41:29] Ruta: [4434]
[01:41:29] Último vuelo: VueloEntidad{id=4434, inicio=2025-10-28T04:34:00Z, fin=2025-10-28T19:27:00Z, idAlmacenOrigen=14, idAlmacenDestino=10, capacidadMaximaProductos=360, capacidadOcupadaProductos=0, capacidadSinOcupar=360}
[01:41:29] Ruta: [52936]
[01:41:29] Último vuelo: VueloEntidad{id=52936, inicio=2025-10-28T04:34:00Z, fin=2025-10-28T19:27:00Z, idAlmacenOrigen=14, idAlmacenDestino=10, capacidadMaximaProductos=360, capacidadOcupadaProductos=0, capacidadSinOcupar=360}
[01:41:29] Ruta: [4440]
[01:41:29] Último vuelo: VueloEntidad{id=4440, inicio=2025-10-28T10:13:00Z, fin=2025-10-29T01:06:00Z, idAlmacenOrigen=14, idAlmacenDestino=10, capacidadMaximaProductos=360, capacidadOcupadaProductos=0, capacidadSinOcupar=360}
[01:41:29] Ruta: [52996]
[01:41:29] Último vuelo: VueloEntidad{id=52996, inicio=2025-10-28T10:13:00Z, fin=2025-10-29T01:06:00Z, idAlmacenOrigen=14, idAlmacenDestino=10, capacidadMaximaProductos=360, capacidadOcupadaProductos=0, capacidadSinOcupar=360}
[01:41:29] rutasFiltradasSegunPlazoPedido: [[2210], [30705], [2216], [30765], [2222], [30825], [2211], [30706], [2217], [30766], [2223], [30826], [30707], [30767], [30827], [4439], [52995], [4445], [53055], [4428], [52876], [4434], [52936], [4440], [52996]]
[01:41:29] me llegó: 25 rutas, instante act: 2025-10-27T06:41:25.740233300Z pedido: PedidoParaAlgoritmo{id=14, idAlmacenDestino=10, pedidas=71, entregadas=0, programadas=0, restante o pendientes=71, registro=2025-10-28T17:29:00Z, instanteEntregaMax=2025-10-30T17:29:00Z}
[01:41:29] score obtenido en ruta: 0.03830343584346741 ruta
[01:41:29] score obtenido en ruta: 0.03830343584346741 ruta
[01:41:29] score obtenido en ruta: 0.11380946444444444 ruta
[01:41:29] score obtenido en ruta: 0.11380946444444444 ruta
[01:41:29] score obtenido en ruta: 0.1334027219776188 ruta
[01:41:29] score obtenido en ruta: 0.1334027219776188 ruta
[01:41:29] score obtenido en ruta: 0.3116309914198402 ruta
[01:41:29] score obtenido en ruta: 0.3116309914198402 ruta
[01:41:29] score obtenido en ruta: 0.49644393578643575 ruta
[01:41:29] score obtenido en ruta: 0.49644393578643575 ruta
[01:41:29] score obtenido en ruta: 0.5491273890914615 ruta
[01:41:29] score obtenido en ruta: 0.5491273890914615 ruta
[01:41:29] score obtenido en ruta: 1.1488434754059216 ruta
[01:41:29] score obtenido en ruta: 2.1457304501915706 ruta
[01:41:29] score obtenido en ruta: 2.552765904067197 ruta
[01:41:29] score obtenido en ruta: 0.02738428466649409 ruta
[01:41:29] score obtenido en ruta: 0.02738428466649409 ruta
[01:41:29] score obtenido en ruta: 0.14450664083096065 ruta
[01:41:29] score obtenido en ruta: 0.14450664083096065 ruta
[01:41:29] score obtenido en ruta: 0.14876712723550958 ruta
[01:41:29] score obtenido en ruta: 0.14876712723550958 ruta
[01:41:29] score obtenido en ruta: 0.2376124155201545 ruta
[01:41:29] score obtenido en ruta: 0.2376124155201545 ruta
[01:41:29] score obtenido en ruta: 0.34081118104278446 ruta
[01:41:29] score obtenido en ruta: 0.34081118104278446 ruta
[01:41:29] puntajesPorRuta: {[2210]=0.03830343584346741, [2211]=0.3116309914198402, [2216]=0.11380946444444444, [30825]=0.1334027219776188, [2217]=0.49644393578643575, [30826]=0.5491273890914615, [30827]=2.552765904067197, [30765]=0.11380946444444444, [2222]=0.1334027219776188, [30766]=0.49644393578643575, [2223]=0.5491273890914615, [30767]=2.1457304501915706, [30705]=0.03830343584346741, [30706]=0.3116309914198402, [30707]=1.1488434754059216, [53055]=0.14450664083096065, [52995]=0.02738428466649409, [52996]=0.34081118104278446, [52936]=0.2376124155201545, [4428]=0.14876712723550958, [52876]=0.14876712723550958, [4434]=0.2376124155201545, [4439]=0.02738428466649409, [4440]=0.34081118104278446, [4445]=0.14450664083096065}
[01:41:29] construccionGRASPParaUnaRuta: Rutas que entraron a la RCL:  
[[30827], [30767], [30707], [30826], [2223]]
[01:41:29] Simulación del almacén destino hasta siguiente inicio: pe.edu.pucp.inf.pddsbackend.modelos.dominio.Almacen@a7dc532=0
[01:41:29] Generando rutas candidatas (inicio)
[01:41:31] EstadoGlobalMutableProblemaPlanificacion: Rutas para pedidos pendientes, cantidad:675
[01:41:31] planificar: Iteración 0: quedan 108 pedidos pendientes
[01:41:31] rutasConDestinoCompartido: [[2210], [30705], [2216], [30765], [2222], [30825], [2211], [30706], [2217], [30766], [2223], [30826], [30707], [30767], [30827], [4439], [52995], [4445], [53055], [4428], [52876], [4434], [52936], [4440], [52996]]
[01:41:31] Pedido: PedidoParaAlgoritmo{id=14, idAlmacenDestino=10, pedidas=71, entregadas=0, programadas=0, restante o pendientes=71, registro=2025-10-28T17:29:00Z, instanteEntregaMax=2025-10-30T17:29:00Z}
[01:41:31] Ruta: [2210]
[01:41:31] Último vuelo: VueloEntidad{id=2210, inicio=2025-10-27T12:09:00Z, fin=2025-10-27T18:13:00Z, idAlmacenOrigen=5, idAlmacenDestino=10, capacidadMaximaProductos=300, capacidadOcupadaProductos=0, capacidadSinOcupar=300}
[01:41:31] Ruta: [30705]
[01:41:31] Último vuelo: VueloEntidad{id=30705, inicio=2025-10-27T12:09:00Z, fin=2025-10-27T18:13:00Z, idAlmacenOrigen=5, idAlmacenDestino=10, capacidadMaximaProductos=300, capacidadOcupadaProductos=0, capacidadSinOcupar=300}
[01:41:31] Ruta: [2216]
[01:41:31] Último vuelo: VueloEntidad{id=2216, inicio=2025-10-27T20:55:00Z, fin=2025-10-28T02:59:00Z, idAlmacenOrigen=5, idAlmacenDestino=10, capacidadMaximaProductos=340, capacidadOcupadaProductos=0, capacidadSinOcupar=340}
[01:41:31] Ruta: [30765]
[01:41:31] Último vuelo: VueloEntidad{id=30765, inicio=2025-10-27T20:55:00Z, fin=2025-10-28T02:59:00Z, idAlmacenOrigen=5, idAlmacenDestino=10, capacidadMaximaProductos=340, capacidadOcupadaProductos=0, capacidadSinOcupar=340}
[01:41:31] Ruta: [2222]
[01:41:31] Último vuelo: VueloEntidad{id=2222, inicio=2025-10-27T22:51:00Z, fin=2025-10-28T04:55:00Z, idAlmacenOrigen=5, idAlmacenDestino=10, capacidadMaximaProductos=360, capacidadOcupadaProductos=0, capacidadSinOcupar=360}
[01:41:31] Ruta: [30825]
[01:41:31] Último vuelo: VueloEntidad{id=30825, inicio=2025-10-27T22:51:00Z, fin=2025-10-28T04:55:00Z, idAlmacenOrigen=5, idAlmacenDestino=10, capacidadMaximaProductos=360, capacidadOcupadaProductos=0, capacidadSinOcupar=360}
[01:41:31] Ruta: [2211]
[01:41:31] Último vuelo: VueloEntidad{id=2211, inicio=2025-10-28T12:09:00Z, fin=2025-10-28T18:13:00Z, idAlmacenOrigen=5, idAlmacenDestino=10, capacidadMaximaProductos=300, capacidadOcupadaProductos=0, capacidadSinOcupar=300}
[01:41:31] Ruta: [30706]
[01:41:31] Último vuelo: VueloEntidad{id=30706, inicio=2025-10-28T12:09:00Z, fin=2025-10-28T18:13:00Z, idAlmacenOrigen=5, idAlmacenDestino=10, capacidadMaximaProductos=300, capacidadOcupadaProductos=0, capacidadSinOcupar=300}
[01:41:31] Ruta: [2217]
[01:41:31] Último vuelo: VueloEntidad{id=2217, inicio=2025-10-28T20:55:00Z, fin=2025-10-29T02:59:00Z, idAlmacenOrigen=5, idAlmacenDestino=10, capacidadMaximaProductos=340, capacidadOcupadaProductos=0, capacidadSinOcupar=340}
[01:41:31] Ruta: [30766]
[01:41:31] Último vuelo: VueloEntidad{id=30766, inicio=2025-10-28T20:55:00Z, fin=2025-10-29T02:59:00Z, idAlmacenOrigen=5, idAlmacenDestino=10, capacidadMaximaProductos=340, capacidadOcupadaProductos=0, capacidadSinOcupar=340}
[01:41:31] Ruta: [2223]
[01:41:31] Último vuelo: VueloEntidad{id=2223, inicio=2025-10-28T22:51:00Z, fin=2025-10-29T04:55:00Z, idAlmacenOrigen=5, idAlmacenDestino=10, capacidadMaximaProductos=360, capacidadOcupadaProductos=0, capacidadSinOcupar=360}
[01:41:31] Ruta: [30826]
[01:41:31] Último vuelo: VueloEntidad{id=30826, inicio=2025-10-28T22:51:00Z, fin=2025-10-29T04:55:00Z, idAlmacenOrigen=5, idAlmacenDestino=10, capacidadMaximaProductos=360, capacidadOcupadaProductos=0, capacidadSinOcupar=360}
[01:41:31] Ruta: [30707]
[01:41:31] Último vuelo: VueloEntidad{id=30707, inicio=2025-10-29T12:09:00Z, fin=2025-10-29T18:13:00Z, idAlmacenOrigen=5, idAlmacenDestino=10, capacidadMaximaProductos=300, capacidadOcupadaProductos=0, capacidadSinOcupar=300}
[01:41:31] Ruta: [30767]
[01:41:31] Último vuelo: VueloEntidad{id=30767, inicio=2025-10-29T20:55:00Z, fin=2025-10-30T02:59:00Z, idAlmacenOrigen=5, idAlmacenDestino=10, capacidadMaximaProductos=340, capacidadOcupadaProductos=0, capacidadSinOcupar=340}
[01:41:31] Ruta: [30827]
[01:41:31] Último vuelo: VueloEntidad{id=30827, inicio=2025-10-29T22:51:00Z, fin=2025-10-30T04:55:00Z, idAlmacenOrigen=5, idAlmacenDestino=10, capacidadMaximaProductos=360, capacidadOcupadaProductos=0, capacidadSinOcupar=360}
[01:41:31] Ruta: [4439]
[01:41:31] Último vuelo: VueloEntidad{id=4439, inicio=2025-10-27T10:13:00Z, fin=2025-10-28T01:06:00Z, idAlmacenOrigen=14, idAlmacenDestino=10, capacidadMaximaProductos=360, capacidadOcupadaProductos=0, capacidadSinOcupar=360}
[01:41:31] Ruta: [52995]
[01:41:31] Último vuelo: VueloEntidad{id=52995, inicio=2025-10-27T10:13:00Z, fin=2025-10-28T01:06:00Z, idAlmacenOrigen=14, idAlmacenDestino=10, capacidadMaximaProductos=360, capacidadOcupadaProductos=0, capacidadSinOcupar=360}
[01:41:31] Ruta: [4445]
[01:41:31] Último vuelo: VueloEntidad{id=4445, inicio=2025-10-27T21:55:00Z, fin=2025-10-28T12:48:00Z, idAlmacenOrigen=14, idAlmacenDestino=10, capacidadMaximaProductos=320, capacidadOcupadaProductos=0, capacidadSinOcupar=320}
[01:41:31] Ruta: [53055]
[01:41:31] Último vuelo: VueloEntidad{id=53055, inicio=2025-10-27T21:55:00Z, fin=2025-10-28T12:48:00Z, idAlmacenOrigen=14, idAlmacenDestino=10, capacidadMaximaProductos=320, capacidadOcupadaProductos=0, capacidadSinOcupar=320}
[01:41:31] Ruta: [4428]
[01:41:31] Último vuelo: VueloEntidad{id=4428, inicio=2025-10-27T22:02:00Z, fin=2025-10-28T13:55:00Z, idAlmacenOrigen=14, idAlmacenDestino=10, capacidadMaximaProductos=340, capacidadOcupadaProductos=0, capacidadSinOcupar=340}
[01:41:31] Ruta: [52876]
[01:41:31] Último vuelo: VueloEntidad{id=52876, inicio=2025-10-27T22:02:00Z, fin=2025-10-28T13:55:00Z, idAlmacenOrigen=14, idAlmacenDestino=10, capacidadMaximaProductos=340, capacidadOcupadaProductos=0, capacidadSinOcupar=340}
[01:41:31] Ruta: [4434]
[01:41:31] Último vuelo: VueloEntidad{id=4434, inicio=2025-10-28T04:34:00Z, fin=2025-10-28T19:27:00Z, idAlmacenOrigen=14, idAlmacenDestino=10, capacidadMaximaProductos=360, capacidadOcupadaProductos=0, capacidadSinOcupar=360}
[01:41:31] Ruta: [52936]
[01:41:31] Último vuelo: VueloEntidad{id=52936, inicio=2025-10-28T04:34:00Z, fin=2025-10-28T19:27:00Z, idAlmacenOrigen=14, idAlmacenDestino=10, capacidadMaximaProductos=360, capacidadOcupadaProductos=0, capacidadSinOcupar=360}
[01:41:31] Ruta: [4440]
[01:41:31] Último vuelo: VueloEntidad{id=4440, inicio=2025-10-28T10:13:00Z, fin=2025-10-29T01:06:00Z, idAlmacenOrigen=14, idAlmacenDestino=10, capacidadMaximaProductos=360, capacidadOcupadaProductos=0, capacidadSinOcupar=360}
[01:41:31] Ruta: [52996]
[01:41:31] Último vuelo: VueloEntidad{id=52996, inicio=2025-10-28T10:13:00Z, fin=2025-10-29T01:06:00Z, idAlmacenOrigen=14, idAlmacenDestino=10, capacidadMaximaProductos=360, capacidadOcupadaProductos=0, capacidadSinOcupar=360}
[01:41:31] rutasFiltradasSegunPlazoPedido: [[2210], [30705], [2216], [30765], [2222], [30825], [2211], [30706], [2217], [30766], [2223], [30826], [30707], [30767], [30827], [4439], [52995], [4445], [53055], [4428], [52876], [4434], [52936], [4440], [52996]]
[01:41:31] me llegó: 25 rutas, instante act: 2025-10-27T06:41:29.092245600Z pedido: PedidoParaAlgoritmo{id=14, idAlmacenDestino=10, pedidas=71, entregadas=0, programadas=0, restante o pendientes=71, registro=2025-10-28T17:29:00Z, instanteEntregaMax=2025-10-30T17:29:00Z}
[01:41:31] score obtenido en ruta: 0.038296903258497036 ruta
[01:41:31] score obtenido en ruta: 0.038296903258497036 ruta
[01:41:31] score obtenido en ruta: 0.11380201555555555 ruta
[01:41:31] score obtenido en ruta: 0.11380201555555555 ruta
[01:41:31] score obtenido en ruta: 0.13339503531462116 ruta
[01:41:31] score obtenido en ruta: 0.13339503531462116 ruta
[01:41:31] score obtenido en ruta: 0.3116211418664786 ruta
[01:41:31] score obtenido en ruta: 0.3116211418664786 ruta
[01:41:31] score obtenido en ruta: 0.49643184343434343 ruta
[01:41:31] score obtenido en ruta: 0.49643184343434343 ruta
[01:41:31] score obtenido en ruta: 0.5491146573989669 ruta
[01:41:31] score obtenido en ruta: 0.5491146573989669 ruta
[01:41:31] score obtenido en ruta: 1.1488234658548233 ruta
[01:41:31] score obtenido en ruta: 2.1456983429118774 ruta
[01:41:31] score obtenido en ruta: 2.5527288572060125 ruta
[01:41:31] score obtenido en ruta: 0.027377053671585123 ruta
[01:41:31] score obtenido en ruta: 0.027377053671585123 ruta
[01:41:31] score obtenido en ruta: 0.14449780396498998 ruta
[01:41:31] score obtenido en ruta: 0.14449780396498998 ruta
[01:41:31] score obtenido en ruta: 0.1487580990088343 ruta
[01:41:31] score obtenido en ruta: 0.1487580990088343 ruta
[01:41:31] score obtenido en ruta: 0.2376023020757905 ruta
[01:41:31] score obtenido en ruta: 0.2376023020757905 ruta
[01:41:31] score obtenido en ruta: 0.3407996526344752 ruta
[01:41:31] score obtenido en ruta: 0.3407996526344752 ruta
[01:41:31] puntajesPorRuta: {[2210]=0.038296903258497036, [2211]=0.3116211418664786, [2216]=0.11380201555555555, [30825]=0.13339503531462116, [2217]=0.49643184343434343, [30826]=0.5491146573989669, [30827]=2.5527288572060125, [30765]=0.11380201555555555, [2222]=0.13339503531462116, [30766]=0.49643184343434343, [2223]=0.5491146573989669, [30767]=2.1456983429118774, [30705]=0.038296903258497036, [30706]=0.3116211418664786, [30707]=1.1488234658548233, [53055]=0.14449780396498998, [52995]=0.027377053671585123, [52996]=0.3407996526344752, [52936]=0.2376023020757905, [4428]=0.1487580990088343, [52876]=0.1487580990088343, [4434]=0.2376023020757905, [4439]=0.027377053671585123, [4440]=0.3407996526344752, [4445]=0.14449780396498998}
[01:41:31] construccionGRASPParaUnaRuta: Rutas que entraron a la RCL:  
[[30827], [30767], [30707], [30826], [2223]]
[01:41:31] Simulación del almacén destino hasta siguiente inicio: pe.edu.pucp.inf.pddsbackend.modelos.dominio.Almacen@16192055=0
[01:41:31] Generando rutas candidatas (inicio)
[01:41:34] EstadoGlobalMutableProblemaPlanificacion: Rutas para pedidos pendientes, cantidad:675
[01:41:34] planificar: Iteración 0: quedan 108 pedidos pendientes
[01:41:34] rutasConDestinoCompartido: [[2210], [30705], [2216], [30765], [2222], [30825], [2211], [30706], [2217], [30766], [2223], [30826], [30707], [30767], [30827], [4439], [52995], [4445], [53055], [4428], [52876], [4434], [52936], [4440], [52996]]
[01:41:34] Pedido: PedidoParaAlgoritmo{id=14, idAlmacenDestino=10, pedidas=71, entregadas=0, programadas=0, restante o pendientes=71, registro=2025-10-28T17:29:00Z, instanteEntregaMax=2025-10-30T17:29:00Z}
[01:41:34] Ruta: [2210]
[01:41:34] Último vuelo: VueloEntidad{id=2210, inicio=2025-10-27T12:09:00Z, fin=2025-10-27T18:13:00Z, idAlmacenOrigen=5, idAlmacenDestino=10, capacidadMaximaProductos=300, capacidadOcupadaProductos=0, capacidadSinOcupar=300}
[01:41:34] Ruta: [30705]
[01:41:34] Último vuelo: VueloEntidad{id=30705, inicio=2025-10-27T12:09:00Z, fin=2025-10-27T18:13:00Z, idAlmacenOrigen=5, idAlmacenDestino=10, capacidadMaximaProductos=300, capacidadOcupadaProductos=0, capacidadSinOcupar=300}
[01:41:34] Ruta: [2216]
[01:41:34] Último vuelo: VueloEntidad{id=2216, inicio=2025-10-27T20:55:00Z, fin=2025-10-28T02:59:00Z, idAlmacenOrigen=5, idAlmacenDestino=10, capacidadMaximaProductos=340, capacidadOcupadaProductos=0, capacidadSinOcupar=340}
[01:41:34] Ruta: [30765]
[01:41:34] Último vuelo: VueloEntidad{id=30765, inicio=2025-10-27T20:55:00Z, fin=2025-10-28T02:59:00Z, idAlmacenOrigen=5, idAlmacenDestino=10, capacidadMaximaProductos=340, capacidadOcupadaProductos=0, capacidadSinOcupar=340}
[01:41:34] Ruta: [2222]
[01:41:34] Último vuelo: VueloEntidad{id=2222, inicio=2025-10-27T22:51:00Z, fin=2025-10-28T04:55:00Z, idAlmacenOrigen=5, idAlmacenDestino=10, capacidadMaximaProductos=360, capacidadOcupadaProductos=0, capacidadSinOcupar=360}
[01:41:34] Ruta: [30825]
[01:41:34] Último vuelo: VueloEntidad{id=30825, inicio=2025-10-27T22:51:00Z, fin=2025-10-28T04:55:00Z, idAlmacenOrigen=5, idAlmacenDestino=10, capacidadMaximaProductos=360, capacidadOcupadaProductos=0, capacidadSinOcupar=360}
[01:41:34] Ruta: [2211]
[01:41:34] Último vuelo: VueloEntidad{id=2211, inicio=2025-10-28T12:09:00Z, fin=2025-10-28T18:13:00Z, idAlmacenOrigen=5, idAlmacenDestino=10, capacidadMaximaProductos=300, capacidadOcupadaProductos=0, capacidadSinOcupar=300}
[01:41:34] Ruta: [30706]
[01:41:34] Último vuelo: VueloEntidad{id=30706, inicio=2025-10-28T12:09:00Z, fin=2025-10-28T18:13:00Z, idAlmacenOrigen=5, idAlmacenDestino=10, capacidadMaximaProductos=300, capacidadOcupadaProductos=0, capacidadSinOcupar=300}
[01:41:34] Ruta: [2217]
[01:41:34] Último vuelo: VueloEntidad{id=2217, inicio=2025-10-28T20:55:00Z, fin=2025-10-29T02:59:00Z, idAlmacenOrigen=5, idAlmacenDestino=10, capacidadMaximaProductos=340, capacidadOcupadaProductos=0, capacidadSinOcupar=340}
[01:41:34] Ruta: [30766]
[01:41:34] Último vuelo: VueloEntidad{id=30766, inicio=2025-10-28T20:55:00Z, fin=2025-10-29T02:59:00Z, idAlmacenOrigen=5, idAlmacenDestino=10, capacidadMaximaProductos=340, capacidadOcupadaProductos=0, capacidadSinOcupar=340}
[01:41:34] Ruta: [2223]
[01:41:34] Último vuelo: VueloEntidad{id=2223, inicio=2025-10-28T22:51:00Z, fin=2025-10-29T04:55:00Z, idAlmacenOrigen=5, idAlmacenDestino=10, capacidadMaximaProductos=360, capacidadOcupadaProductos=0, capacidadSinOcupar=360}
[01:41:34] Ruta: [30826]
[01:41:34] Último vuelo: VueloEntidad{id=30826, inicio=2025-10-28T22:51:00Z, fin=2025-10-29T04:55:00Z, idAlmacenOrigen=5, idAlmacenDestino=10, capacidadMaximaProductos=360, capacidadOcupadaProductos=0, capacidadSinOcupar=360}
[01:41:34] Ruta: [30707]
[01:41:34] Último vuelo: VueloEntidad{id=30707, inicio=2025-10-29T12:09:00Z, fin=2025-10-29T18:13:00Z, idAlmacenOrigen=5, idAlmacenDestino=10, capacidadMaximaProductos=300, capacidadOcupadaProductos=0, capacidadSinOcupar=300}
[01:41:34] Ruta: [30767]
[01:41:34] Último vuelo: VueloEntidad{id=30767, inicio=2025-10-29T20:55:00Z, fin=2025-10-30T02:59:00Z, idAlmacenOrigen=5, idAlmacenDestino=10, capacidadMaximaProductos=340, capacidadOcupadaProductos=0, capacidadSinOcupar=340}
[01:41:34] Ruta: [30827]
[01:41:34] Último vuelo: VueloEntidad{id=30827, inicio=2025-10-29T22:51:00Z, fin=2025-10-30T04:55:00Z, idAlmacenOrigen=5, idAlmacenDestino=10, capacidadMaximaProductos=360, capacidadOcupadaProductos=0, capacidadSinOcupar=360}
[01:41:34] Ruta: [4439]
[01:41:34] Último vuelo: VueloEntidad{id=4439, inicio=2025-10-27T10:13:00Z, fin=2025-10-28T01:06:00Z, idAlmacenOrigen=14, idAlmacenDestino=10, capacidadMaximaProductos=360, capacidadOcupadaProductos=0, capacidadSinOcupar=360}
[01:41:34] Ruta: [52995]
[01:41:34] Último vuelo: VueloEntidad{id=52995, inicio=2025-10-27T10:13:00Z, fin=2025-10-28T01:06:00Z, idAlmacenOrigen=14, idAlmacenDestino=10, capacidadMaximaProductos=360, capacidadOcupadaProductos=0, capacidadSinOcupar=360}
[01:41:34] Ruta: [4445]
[01:41:34] Último vuelo: VueloEntidad{id=4445, inicio=2025-10-27T21:55:00Z, fin=2025-10-28T12:48:00Z, idAlmacenOrigen=14, idAlmacenDestino=10, capacidadMaximaProductos=320, capacidadOcupadaProductos=0, capacidadSinOcupar=320}
[01:41:34] Ruta: [53055]
[01:41:34] Último vuelo: VueloEntidad{id=53055, inicio=2025-10-27T21:55:00Z, fin=2025-10-28T12:48:00Z, idAlmacenOrigen=14, idAlmacenDestino=10, capacidadMaximaProductos=320, capacidadOcupadaProductos=0, capacidadSinOcupar=320}
[01:41:34] Ruta: [4428]
[01:41:34] Último vuelo: VueloEntidad{id=4428, inicio=2025-10-27T22:02:00Z, fin=2025-10-28T13:55:00Z, idAlmacenOrigen=14, idAlmacenDestino=10, capacidadMaximaProductos=340, capacidadOcupadaProductos=0, capacidadSinOcupar=340}
[01:41:34] Ruta: [52876]
[01:41:34] Último vuelo: VueloEntidad{id=52876, inicio=2025-10-27T22:02:00Z, fin=2025-10-28T13:55:00Z, idAlmacenOrigen=14, idAlmacenDestino=10, capacidadMaximaProductos=340, capacidadOcupadaProductos=0, capacidadSinOcupar=340}
[01:41:34] Ruta: [4434]
[01:41:34] Último vuelo: VueloEntidad{id=4434, inicio=2025-10-28T04:34:00Z, fin=2025-10-28T19:27:00Z, idAlmacenOrigen=14, idAlmacenDestino=10, capacidadMaximaProductos=360, capacidadOcupadaProductos=0, capacidadSinOcupar=360}
[01:41:34] Ruta: [52936]
[01:41:34] Último vuelo: VueloEntidad{id=52936, inicio=2025-10-28T04:34:00Z, fin=2025-10-28T19:27:00Z, idAlmacenOrigen=14, idAlmacenDestino=10, capacidadMaximaProductos=360, capacidadOcupadaProductos=0, capacidadSinOcupar=360}
[01:41:34] Ruta: [4440]
[01:41:34] Último vuelo: VueloEntidad{id=4440, inicio=2025-10-28T10:13:00Z, fin=2025-10-29T01:06:00Z, idAlmacenOrigen=14, idAlmacenDestino=10, capacidadMaximaProductos=360, capacidadOcupadaProductos=0, capacidadSinOcupar=360}
[01:41:34] Ruta: [52996]
[01:41:34] Último vuelo: VueloEntidad{id=52996, inicio=2025-10-28T10:13:00Z, fin=2025-10-29T01:06:00Z, idAlmacenOrigen=14, idAlmacenDestino=10, capacidadMaximaProductos=360, capacidadOcupadaProductos=0, capacidadSinOcupar=360}
[01:41:34] rutasFiltradasSegunPlazoPedido: [[2210], [30705], [2216], [30765], [2222], [30825], [2211], [30706], [2217], [30766], [2223], [30826], [30707], [30767], [30827], [4439], [52995], [4445], [53055], [4428], [52876], [4434], [52936], [4440], [52996]]
[01:41:34] me llegó: 25 rutas, instante act: 2025-10-27T06:41:31.648030900Z pedido: PedidoParaAlgoritmo{id=14, idAlmacenDestino=10, pedidas=71, entregadas=0, programadas=0, restante o pendientes=71, registro=2025-10-28T17:29:00Z, instanteEntregaMax=2025-10-30T17:29:00Z}
[01:41:34] score obtenido en ruta: 0.03829192196757093 ruta
[01:41:34] score obtenido en ruta: 0.03829192196757093 ruta
[01:41:34] score obtenido en ruta: 0.11379633555555556 ruta
[01:41:34] score obtenido en ruta: 0.11379633555555556 ruta
[01:41:34] score obtenido en ruta: 0.13338917400476977 ruta
[01:41:34] score obtenido en ruta: 0.13338917400476977 ruta
[01:41:34] score obtenido en ruta: 0.3116136312881993 ruta
[01:41:34] score obtenido en ruta: 0.3116136312881993 ruta
[01:41:34] score obtenido en ruta: 0.49642262265512266 ruta
[01:41:34] score obtenido en ruta: 0.49642262265512266 ruta
[01:41:34] score obtenido en ruta: 0.549104949103616 ruta
[01:41:34] score obtenido en ruta: 0.549104949103616 ruta
[01:41:34] score obtenido en ruta: 1.1488082079751671 ruta
[01:41:34] score obtenido en ruta: 2.1456738601532566 ruta
[01:41:34] score obtenido en ruta: 2.5527006078691423 ruta
[01:41:34] score obtenido en ruta: 0.027371539822245234 ruta
[01:41:34] score obtenido en ruta: 0.027371539822245234 ruta
[01:41:34] score obtenido en ruta: 0.14449106559105768 ruta
[01:41:34] score obtenido en ruta: 0.14449106559105768 ruta
[01:41:34] score obtenido en ruta: 0.1487512147166559 ruta
[01:41:34] score obtenido en ruta: 0.1487512147166559 ruta
[01:41:34] score obtenido en ruta: 0.2375945902727492 ruta
[01:41:34] score obtenido en ruta: 0.2375945902727492 ruta
[01:41:34] score obtenido en ruta: 0.3407908618792131 ruta
[01:41:34] score obtenido en ruta: 0.3407908618792131 ruta
[01:41:34] puntajesPorRuta: {[2210]=0.03829192196757093, [2211]=0.3116136312881993, [2216]=0.11379633555555556, [30825]=0.13338917400476977, [2217]=0.49642262265512266, [30826]=0.549104949103616, [30827]=2.5527006078691423, [30765]=0.11379633555555556, [2222]=0.13338917400476977, [30766]=0.49642262265512266, [2223]=0.549104949103616, [30767]=2.1456738601532566, [30705]=0.03829192196757093, [30706]=0.3116136312881993, [30707]=1.1488082079751671, [53055]=0.14449106559105768, [52995]=0.027371539822245234, [52996]=0.3407908618792131, [52936]=0.2375945902727492, [4428]=0.1487512147166559, [52876]=0.1487512147166559, [4434]=0.2375945902727492, [4439]=0.027371539822245234, [4440]=0.3407908618792131, [4445]=0.14449106559105768}
[01:41:34] construccionGRASPParaUnaRuta: Rutas que entraron a la RCL:  
[[30827], [30767], [30707], [30826], [2223]]
[01:41:34] Simulación del almacén destino hasta siguiente inicio: pe.edu.pucp.inf.pddsbackend.modelos.dominio.Almacen@7fd47ed=0
[01:41:34] Generando rutas candidatas (inicio)
[01:41:37] EstadoGlobalMutableProblemaPlanificacion: Rutas para pedidos pendientes, cantidad:675
[01:41:37] planificar: Iteración 0: quedan 108 pedidos pendientes
[01:41:37] rutasConDestinoCompartido: [[2210], [30705], [2216], [30765], [2222], [30825], [2211], [30706], [2217], [30766], [2223], [30826], [30707], [30767], [30827], [4439], [52995], [4445], [53055], [4428], [52876], [4434], [52936], [4440], [52996]]
[01:41:37] Pedido: PedidoParaAlgoritmo{id=14, idAlmacenDestino=10, pedidas=71, entregadas=0, programadas=0, restante o pendientes=71, registro=2025-10-28T17:29:00Z, instanteEntregaMax=2025-10-30T17:29:00Z}
[01:41:37] Ruta: [2210]
[01:41:37] Último vuelo: VueloEntidad{id=2210, inicio=2025-10-27T12:09:00Z, fin=2025-10-27T18:13:00Z, idAlmacenOrigen=5, idAlmacenDestino=10, capacidadMaximaProductos=300, capacidadOcupadaProductos=0, capacidadSinOcupar=300}
[01:41:37] Ruta: [30705]
[01:41:37] Último vuelo: VueloEntidad{id=30705, inicio=2025-10-27T12:09:00Z, fin=2025-10-27T18:13:00Z, idAlmacenOrigen=5, idAlmacenDestino=10, capacidadMaximaProductos=300, capacidadOcupadaProductos=0, capacidadSinOcupar=300}
[01:41:37] Ruta: [2216]
[01:41:37] Último vuelo: VueloEntidad{id=2216, inicio=2025-10-27T20:55:00Z, fin=2025-10-28T02:59:00Z, idAlmacenOrigen=5, idAlmacenDestino=10, capacidadMaximaProductos=340, capacidadOcupadaProductos=0, capacidadSinOcupar=340}
[01:41:37] Ruta: [30765]
[01:41:37] Último vuelo: VueloEntidad{id=30765, inicio=2025-10-27T20:55:00Z, fin=2025-10-28T02:59:00Z, idAlmacenOrigen=5, idAlmacenDestino=10, capacidadMaximaProductos=340, capacidadOcupadaProductos=0, capacidadSinOcupar=340}
[01:41:37] Ruta: [2222]
[01:41:37] Último vuelo: VueloEntidad{id=2222, inicio=2025-10-27T22:51:00Z, fin=2025-10-28T04:55:00Z, idAlmacenOrigen=5, idAlmacenDestino=10, capacidadMaximaProductos=360, capacidadOcupadaProductos=0, capacidadSinOcupar=360}
[01:41:37] Ruta: [30825]
[01:41:37] Último vuelo: VueloEntidad{id=30825, inicio=2025-10-27T22:51:00Z, fin=2025-10-28T04:55:00Z, idAlmacenOrigen=5, idAlmacenDestino=10, capacidadMaximaProductos=360, capacidadOcupadaProductos=0, capacidadSinOcupar=360}
[01:41:37] Ruta: [2211]
[01:41:37] Último vuelo: VueloEntidad{id=2211, inicio=2025-10-28T12:09:00Z, fin=2025-10-28T18:13:00Z, idAlmacenOrigen=5, idAlmacenDestino=10, capacidadMaximaProductos=300, capacidadOcupadaProductos=0, capacidadSinOcupar=300}
[01:41:37] Ruta: [30706]
[01:41:37] Último vuelo: VueloEntidad{id=30706, inicio=2025-10-28T12:09:00Z, fin=2025-10-28T18:13:00Z, idAlmacenOrigen=5, idAlmacenDestino=10, capacidadMaximaProductos=300, capacidadOcupadaProductos=0, capacidadSinOcupar=300}
[01:41:37] Ruta: [2217]
[01:41:37] Último vuelo: VueloEntidad{id=2217, inicio=2025-10-28T20:55:00Z, fin=2025-10-29T02:59:00Z, idAlmacenOrigen=5, idAlmacenDestino=10, capacidadMaximaProductos=340, capacidadOcupadaProductos=0, capacidadSinOcupar=340}
[01:41:37] Ruta: [30766]
[01:41:37] Último vuelo: VueloEntidad{id=30766, inicio=2025-10-28T20:55:00Z, fin=2025-10-29T02:59:00Z, idAlmacenOrigen=5, idAlmacenDestino=10, capacidadMaximaProductos=340, capacidadOcupadaProductos=0, capacidadSinOcupar=340}
[01:41:37] Ruta: [2223]
[01:41:37] Último vuelo: VueloEntidad{id=2223, inicio=2025-10-28T22:51:00Z, fin=2025-10-29T04:55:00Z, idAlmacenOrigen=5, idAlmacenDestino=10, capacidadMaximaProductos=360, capacidadOcupadaProductos=0, capacidadSinOcupar=360}
[01:41:37] Ruta: [30826]
[01:41:37] Último vuelo: VueloEntidad{id=30826, inicio=2025-10-28T22:51:00Z, fin=2025-10-29T04:55:00Z, idAlmacenOrigen=5, idAlmacenDestino=10, capacidadMaximaProductos=360, capacidadOcupadaProductos=0, capacidadSinOcupar=360}
[01:41:37] Ruta: [30707]
[01:41:37] Último vuelo: VueloEntidad{id=30707, inicio=2025-10-29T12:09:00Z, fin=2025-10-29T18:13:00Z, idAlmacenOrigen=5, idAlmacenDestino=10, capacidadMaximaProductos=300, capacidadOcupadaProductos=0, capacidadSinOcupar=300}
[01:41:37] Ruta: [30767]
[01:41:37] Último vuelo: VueloEntidad{id=30767, inicio=2025-10-29T20:55:00Z, fin=2025-10-30T02:59:00Z, idAlmacenOrigen=5, idAlmacenDestino=10, capacidadMaximaProductos=340, capacidadOcupadaProductos=0, capacidadSinOcupar=340}
[01:41:37] Ruta: [30827]
[01:41:37] Último vuelo: VueloEntidad{id=30827, inicio=2025-10-29T22:51:00Z, fin=2025-10-30T04:55:00Z, idAlmacenOrigen=5, idAlmacenDestino=10, capacidadMaximaProductos=360, capacidadOcupadaProductos=0, capacidadSinOcupar=360}
[01:41:37] Ruta: [4439]
[01:41:37] Último vuelo: VueloEntidad{id=4439, inicio=2025-10-27T10:13:00Z, fin=2025-10-28T01:06:00Z, idAlmacenOrigen=14, idAlmacenDestino=10, capacidadMaximaProductos=360, capacidadOcupadaProductos=0, capacidadSinOcupar=360}
[01:41:37] Ruta: [52995]
[01:41:37] Último vuelo: VueloEntidad{id=52995, inicio=2025-10-27T10:13:00Z, fin=2025-10-28T01:06:00Z, idAlmacenOrigen=14, idAlmacenDestino=10, capacidadMaximaProductos=360, capacidadOcupadaProductos=0, capacidadSinOcupar=360}
[01:41:37] Ruta: [4445]
[01:41:37] Último vuelo: VueloEntidad{id=4445, inicio=2025-10-27T21:55:00Z, fin=2025-10-28T12:48:00Z, idAlmacenOrigen=14, idAlmacenDestino=10, capacidadMaximaProductos=320, capacidadOcupadaProductos=0, capacidadSinOcupar=320}
[01:41:37] Ruta: [53055]
[01:41:37] Último vuelo: VueloEntidad{id=53055, inicio=2025-10-27T21:55:00Z, fin=2025-10-28T12:48:00Z, idAlmacenOrigen=14, idAlmacenDestino=10, capacidadMaximaProductos=320, capacidadOcupadaProductos=0, capacidadSinOcupar=320}
[01:41:37] Ruta: [4428]
[01:41:37] Último vuelo: VueloEntidad{id=4428, inicio=2025-10-27T22:02:00Z, fin=2025-10-28T13:55:00Z, idAlmacenOrigen=14, idAlmacenDestino=10, capacidadMaximaProductos=340, capacidadOcupadaProductos=0, capacidadSinOcupar=340}
[01:41:37] Ruta: [52876]
[01:41:37] Último vuelo: VueloEntidad{id=52876, inicio=2025-10-27T22:02:00Z, fin=2025-10-28T13:55:00Z, idAlmacenOrigen=14, idAlmacenDestino=10, capacidadMaximaProductos=340, capacidadOcupadaProductos=0, capacidadSinOcupar=340}
[01:41:37] Ruta: [4434]
[01:41:37] Último vuelo: VueloEntidad{id=4434, inicio=2025-10-28T04:34:00Z, fin=2025-10-28T19:27:00Z, idAlmacenOrigen=14, idAlmacenDestino=10, capacidadMaximaProductos=360, capacidadOcupadaProductos=0, capacidadSinOcupar=360}
[01:41:37] Ruta: [52936]
[01:41:37] Último vuelo: VueloEntidad{id=52936, inicio=2025-10-28T04:34:00Z, fin=2025-10-28T19:27:00Z, idAlmacenOrigen=14, idAlmacenDestino=10, capacidadMaximaProductos=360, capacidadOcupadaProductos=0, capacidadSinOcupar=360}
[01:41:37] Ruta: [4440]
[01:41:37] Último vuelo: VueloEntidad{id=4440, inicio=2025-10-28T10:13:00Z, fin=2025-10-29T01:06:00Z, idAlmacenOrigen=14, idAlmacenDestino=10, capacidadMaximaProductos=360, capacidadOcupadaProductos=0, capacidadSinOcupar=360}
[01:41:37] Ruta: [52996]
[01:41:37] Último vuelo: VueloEntidad{id=52996, inicio=2025-10-28T10:13:00Z, fin=2025-10-29T01:06:00Z, idAlmacenOrigen=14, idAlmacenDestino=10, capacidadMaximaProductos=360, capacidadOcupadaProductos=0, capacidadSinOcupar=360}
[01:41:37] rutasFiltradasSegunPlazoPedido: [[2210], [30705], [2216], [30765], [2222], [30825], [2211], [30706], [2217], [30766], [2223], [30826], [30707], [30767], [30827], [4439], [52995], [4445], [53055], [4428], [52876], [4434], [52936], [4440], [52996]]
[01:41:37] me llegó: 25 rutas, instante act: 2025-10-27T06:41:34.696526Z pedido: PedidoParaAlgoritmo{id=14, idAlmacenDestino=10, pedidas=71, entregadas=0, programadas=0, restante o pendientes=71, registro=2025-10-28T17:29:00Z, instanteEntregaMax=2025-10-30T17:29:00Z}
[01:41:37] score obtenido en ruta: 0.03828598183660742 ruta
[01:41:37] score obtenido en ruta: 0.03828598183660742 ruta
[01:41:37] score obtenido en ruta: 0.11378956222222222 ruta
[01:41:37] score obtenido en ruta: 0.11378956222222222 ruta
[01:41:37] score obtenido en ruta: 0.1333821844615667 ruta
[01:41:37] score obtenido en ruta: 0.1333821844615667 ruta
[01:41:37] score obtenido en ruta: 0.31160467501175365 ruta
[01:41:37] score obtenido en ruta: 0.31160467501175365 ruta
[01:41:37] score obtenido en ruta: 0.49641162698412705 ruta
[01:41:37] score obtenido en ruta: 0.49641162698412705 ruta
[01:41:37] score obtenido en ruta: 0.5490933720753571 ruta
[01:41:37] score obtenido en ruta: 0.5490933720753571 ruta
[01:41:37] score obtenido en ruta: 1.1487900131327604 ruta
[01:41:37] score obtenido en ruta: 2.145644664750958 ruta
[01:41:37] score obtenido en ruta: 2.55266692086649 ruta
[01:41:37] score obtenido en ruta: 0.027364964621623952 ruta
[01:41:37] score obtenido en ruta: 0.027364964621623952 ruta
[01:41:37] score obtenido en ruta: 0.1444830301592323 ruta
[01:41:37] score obtenido en ruta: 0.1444830301592323 ruta
[01:41:37] score obtenido en ruta: 0.1487430052790347 ruta
[01:41:37] score obtenido en ruta: 0.1487430052790347 ruta
[01:41:37] score obtenido en ruta: 0.2375853940381366 ruta
[01:41:37] score obtenido en ruta: 0.2375853940381366 ruta
[01:41:37] score obtenido en ruta: 0.34078037900674096 ruta
[01:41:37] score obtenido en ruta: 0.34078037900674096 ruta
[01:41:37] puntajesPorRuta: {[2210]=0.03828598183660742, [2211]=0.31160467501175365, [2216]=0.11378956222222222, [30825]=0.1333821844615667, [2217]=0.49641162698412705, [30826]=0.5490933720753571, [30827]=2.55266692086649, [30765]=0.11378956222222222, [2222]=0.1333821844615667, [30766]=0.49641162698412705, [2223]=0.5490933720753571, [30767]=2.145644664750958, [30705]=0.03828598183660742, [30706]=0.31160467501175365, [30707]=1.1487900131327604, [53055]=0.1444830301592323, [52995]=0.027364964621623952, [52996]=0.34078037900674096, [52936]=0.2375853940381366, [4428]=0.1487430052790347, [52876]=0.1487430052790347, [4434]=0.2375853940381366, [4439]=0.027364964621623952, [4440]=0.34078037900674096, [4445]=0.1444830301592323}
[01:41:37] construccionGRASPParaUnaRuta: Rutas que entraron a la RCL:  
[[30827], [30767], [30707], [30826], [2223]]
[01:41:37] Simulación del almacén destino hasta siguiente inicio: pe.edu.pucp.inf.pddsbackend.modelos.dominio.Almacen@15fb93a7=0
[01:41:37] Generando rutas candidatas (inicio)
[01:41:39] EstadoGlobalMutableProblemaPlanificacion: Rutas para pedidos pendientes, cantidad:675
[01:41:39] planificar: Iteración 0: quedan 108 pedidos pendientes
[01:41:39] rutasConDestinoCompartido: [[2210], [30705], [2216], [30765], [2222], [30825], [2211], [30706], [2217], [30766], [2223], [30826], [30707], [30767], [30827], [4439], [52995], [4445], [53055], [4428], [52876], [4434], [52936], [4440], [52996]]
[01:41:39] Pedido: PedidoParaAlgoritmo{id=14, idAlmacenDestino=10, pedidas=71, entregadas=0, programadas=0, restante o pendientes=71, registro=2025-10-28T17:29:00Z, instanteEntregaMax=2025-10-30T17:29:00Z}
[01:41:39] Ruta: [2210]
[01:41:39] Último vuelo: VueloEntidad{id=2210, inicio=2025-10-27T12:09:00Z, fin=2025-10-27T18:13:00Z, idAlmacenOrigen=5, idAlmacenDestino=10, capacidadMaximaProductos=300, capacidadOcupadaProductos=0, capacidadSinOcupar=300}
[01:41:39] Ruta: [30705]
[01:41:39] Último vuelo: VueloEntidad{id=30705, inicio=2025-10-27T12:09:00Z, fin=2025-10-27T18:13:00Z, idAlmacenOrigen=5, idAlmacenDestino=10, capacidadMaximaProductos=300, capacidadOcupadaProductos=0, capacidadSinOcupar=300}
[01:41:39] Ruta: [2216]
[01:41:39] Último vuelo: VueloEntidad{id=2216, inicio=2025-10-27T20:55:00Z, fin=2025-10-28T02:59:00Z, idAlmacenOrigen=5, idAlmacenDestino=10, capacidadMaximaProductos=340, capacidadOcupadaProductos=0, capacidadSinOcupar=340}
[01:41:39] Ruta: [30765]
[01:41:39] Último vuelo: VueloEntidad{id=30765, inicio=2025-10-27T20:55:00Z, fin=2025-10-28T02:59:00Z, idAlmacenOrigen=5, idAlmacenDestino=10, capacidadMaximaProductos=340, capacidadOcupadaProductos=0, capacidadSinOcupar=340}
[01:41:39] Ruta: [2222]
[01:41:39] Último vuelo: VueloEntidad{id=2222, inicio=2025-10-27T22:51:00Z, fin=2025-10-28T04:55:00Z, idAlmacenOrigen=5, idAlmacenDestino=10, capacidadMaximaProductos=360, capacidadOcupadaProductos=0, capacidadSinOcupar=360}
[01:41:39] Ruta: [30825]
[01:41:39] Último vuelo: VueloEntidad{id=30825, inicio=2025-10-27T22:51:00Z, fin=2025-10-28T04:55:00Z, idAlmacenOrigen=5, idAlmacenDestino=10, capacidadMaximaProductos=360, capacidadOcupadaProductos=0, capacidadSinOcupar=360}
[01:41:39] Ruta: [2211]
[01:41:39] Último vuelo: VueloEntidad{id=2211, inicio=2025-10-28T12:09:00Z, fin=2025-10-28T18:13:00Z, idAlmacenOrigen=5, idAlmacenDestino=10, capacidadMaximaProductos=300, capacidadOcupadaProductos=0, capacidadSinOcupar=300}
[01:41:39] Ruta: [30706]
[01:41:39] Último vuelo: VueloEntidad{id=30706, inicio=2025-10-28T12:09:00Z, fin=2025-10-28T18:13:00Z, idAlmacenOrigen=5, idAlmacenDestino=10, capacidadMaximaProductos=300, capacidadOcupadaProductos=0, capacidadSinOcupar=300}
[01:41:39] Ruta: [2217]
[01:41:39] Último vuelo: VueloEntidad{id=2217, inicio=2025-10-28T20:55:00Z, fin=2025-10-29T02:59:00Z, idAlmacenOrigen=5, idAlmacenDestino=10, capacidadMaximaProductos=340, capacidadOcupadaProductos=0, capacidadSinOcupar=340}
[01:41:39] Ruta: [30766]
[01:41:39] Último vuelo: VueloEntidad{id=30766, inicio=2025-10-28T20:55:00Z, fin=2025-10-29T02:59:00Z, idAlmacenOrigen=5, idAlmacenDestino=10, capacidadMaximaProductos=340, capacidadOcupadaProductos=0, capacidadSinOcupar=340}
[01:41:39] Ruta: [2223]
[01:41:39] Último vuelo: VueloEntidad{id=2223, inicio=2025-10-28T22:51:00Z, fin=2025-10-29T04:55:00Z, idAlmacenOrigen=5, idAlmacenDestino=10, capacidadMaximaProductos=360, capacidadOcupadaProductos=0, capacidadSinOcupar=360}
[01:41:39] Ruta: [30826]
[01:41:39] Último vuelo: VueloEntidad{id=30826, inicio=2025-10-28T22:51:00Z, fin=2025-10-29T04:55:00Z, idAlmacenOrigen=5, idAlmacenDestino=10, capacidadMaximaProductos=360, capacidadOcupadaProductos=0, capacidadSinOcupar=360}
[01:41:39] Ruta: [30707]
[01:41:39] Último vuelo: VueloEntidad{id=30707, inicio=2025-10-29T12:09:00Z, fin=2025-10-29T18:13:00Z, idAlmacenOrigen=5, idAlmacenDestino=10, capacidadMaximaProductos=300, capacidadOcupadaProductos=0, capacidadSinOcupar=300}
[01:41:39] Ruta: [30767]
[01:41:39] Último vuelo: VueloEntidad{id=30767, inicio=2025-10-29T20:55:00Z, fin=2025-10-30T02:59:00Z, idAlmacenOrigen=5, idAlmacenDestino=10, capacidadMaximaProductos=340, capacidadOcupadaProductos=0, capacidadSinOcupar=340}
[01:41:39] Ruta: [30827]
[01:41:39] Último vuelo: VueloEntidad{id=30827, inicio=2025-10-29T22:51:00Z, fin=2025-10-30T04:55:00Z, idAlmacenOrigen=5, idAlmacenDestino=10, capacidadMaximaProductos=360, capacidadOcupadaProductos=0, capacidadSinOcupar=360}
[01:41:39] Ruta: [4439]
[01:41:39] Último vuelo: VueloEntidad{id=4439, inicio=2025-10-27T10:13:00Z, fin=2025-10-28T01:06:00Z, idAlmacenOrigen=14, idAlmacenDestino=10, capacidadMaximaProductos=360, capacidadOcupadaProductos=0, capacidadSinOcupar=360}
[01:41:39] Ruta: [52995]
[01:41:39] Último vuelo: VueloEntidad{id=52995, inicio=2025-10-27T10:13:00Z, fin=2025-10-28T01:06:00Z, idAlmacenOrigen=14, idAlmacenDestino=10, capacidadMaximaProductos=360, capacidadOcupadaProductos=0, capacidadSinOcupar=360}
[01:41:39] Ruta: [4445]
[01:41:39] Último vuelo: VueloEntidad{id=4445, inicio=2025-10-27T21:55:00Z, fin=2025-10-28T12:48:00Z, idAlmacenOrigen=14, idAlmacenDestino=10, capacidadMaximaProductos=320, capacidadOcupadaProductos=0, capacidadSinOcupar=320}
[01:41:39] Ruta: [53055]
[01:41:39] Último vuelo: VueloEntidad{id=53055, inicio=2025-10-27T21:55:00Z, fin=2025-10-28T12:48:00Z, idAlmacenOrigen=14, idAlmacenDestino=10, capacidadMaximaProductos=320, capacidadOcupadaProductos=0, capacidadSinOcupar=320}
[01:41:39] Ruta: [4428]
[01:41:39] Último vuelo: VueloEntidad{id=4428, inicio=2025-10-27T22:02:00Z, fin=2025-10-28T13:55:00Z, idAlmacenOrigen=14, idAlmacenDestino=10, capacidadMaximaProductos=340, capacidadOcupadaProductos=0, capacidadSinOcupar=340}
[01:41:39] Ruta: [52876]
[01:41:39] Último vuelo: VueloEntidad{id=52876, inicio=2025-10-27T22:02:00Z, fin=2025-10-28T13:55:00Z, idAlmacenOrigen=14, idAlmacenDestino=10, capacidadMaximaProductos=340, capacidadOcupadaProductos=0, capacidadSinOcupar=340}
[01:41:39] Ruta: [4434]
[01:41:39] Último vuelo: VueloEntidad{id=4434, inicio=2025-10-28T04:34:00Z, fin=2025-10-28T19:27:00Z, idAlmacenOrigen=14, idAlmacenDestino=10, capacidadMaximaProductos=360, capacidadOcupadaProductos=0, capacidadSinOcupar=360}
[01:41:39] Ruta: [52936]
[01:41:39] Último vuelo: VueloEntidad{id=52936, inicio=2025-10-28T04:34:00Z, fin=2025-10-28T19:27:00Z, idAlmacenOrigen=14, idAlmacenDestino=10, capacidadMaximaProductos=360, capacidadOcupadaProductos=0, capacidadSinOcupar=360}
[01:41:39] Ruta: [4440]
[01:41:39] Último vuelo: VueloEntidad{id=4440, inicio=2025-10-28T10:13:00Z, fin=2025-10-29T01:06:00Z, idAlmacenOrigen=14, idAlmacenDestino=10, capacidadMaximaProductos=360, capacidadOcupadaProductos=0, capacidadSinOcupar=360}
[01:41:39] Ruta: [52996]
[01:41:39] Último vuelo: VueloEntidad{id=52996, inicio=2025-10-28T10:13:00Z, fin=2025-10-29T01:06:00Z, idAlmacenOrigen=14, idAlmacenDestino=10, capacidadMaximaProductos=360, capacidadOcupadaProductos=0, capacidadSinOcupar=360}
[01:41:39] rutasFiltradasSegunPlazoPedido: [[2210], [30705], [2216], [30765], [2222], [30825], [2211], [30706], [2217], [30766], [2223], [30826], [30707], [30767], [30827], [4439], [52995], [4445], [53055], [4428], [52876], [4434], [52936], [4440], [52996]]
[01:41:39] me llegó: 25 rutas, instante act: 2025-10-27T06:41:37.189197300Z pedido: PedidoParaAlgoritmo{id=14, idAlmacenDestino=10, pedidas=71, entregadas=0, programadas=0, restante o pendientes=71, registro=2025-10-28T17:29:00Z, instanteEntregaMax=2025-10-30T17:29:00Z}
[01:41:39] score obtenido en ruta: 0.0382811233239788 ruta
[01:41:39] score obtenido en ruta: 0.0382811233239788 ruta
[01:41:39] score obtenido en ruta: 0.11378402222222221 ruta
[01:41:39] score obtenido en ruta: 0.11378402222222221 ruta
[01:41:39] score obtenido en ruta: 0.13337646762062005 ruta
[01:41:39] score obtenido en ruta: 0.13337646762062005 ruta
[01:41:39] score obtenido en ruta: 0.31159734955336155 ruta
[01:41:39] score obtenido en ruta: 0.31159734955336155 ruta
[01:41:39] score obtenido en ruta: 0.49640263347763347 ruta
[01:41:39] score obtenido en ruta: 0.49640263347763347 ruta
[01:41:39] score obtenido en ruta: 0.549083903068976 ruta
[01:41:39] score obtenido en ruta: 0.549083903068976 ruta
[01:41:39] score obtenido en ruta: 1.1487751313276027 ruta
[01:41:39] score obtenido en ruta: 2.145620785440613 ruta
[01:41:39] score obtenido en ruta: 2.552639367816092 ruta
[01:41:39] score obtenido en ruta: 0.027359586677021312 ruta
[01:41:39] score obtenido en ruta: 0.027359586677021312 ruta
[01:41:39] score obtenido en ruta: 0.14447645787198143 ruta
[01:41:39] score obtenido en ruta: 0.14447645787198143 ruta
[01:41:39] score obtenido en ruta: 0.14873629067011418 ruta
[01:41:39] score obtenido en ruta: 0.14873629067011418 ruta
[01:41:39] score obtenido en ruta: 0.23757787231474775 ruta
[01:41:39] score obtenido en ruta: 0.23757787231474775 ruta
[01:41:39] score obtenido en ruta: 0.34077180492502407 ruta
[01:41:39] score obtenido en ruta: 0.34077180492502407 ruta
[01:41:39] puntajesPorRuta: {[2210]=0.0382811233239788, [2211]=0.31159734955336155, [2216]=0.11378402222222221, [30825]=0.13337646762062005, [2217]=0.49640263347763347, [30826]=0.549083903068976, [30827]=2.552639367816092, [30765]=0.11378402222222221, [2222]=0.13337646762062005, [30766]=0.49640263347763347, [2223]=0.549083903068976, [30767]=2.145620785440613, [30705]=0.0382811233239788, [30706]=0.31159734955336155, [30707]=1.1487751313276027, [53055]=0.14447645787198143, [52995]=0.027359586677021312, [52996]=0.34077180492502407, [52936]=0.23757787231474775, [4428]=0.14873629067011418, [52876]=0.14873629067011418, [4434]=0.23757787231474775, [4439]=0.027359586677021312, [4440]=0.34077180492502407, [4445]=0.14447645787198143}
[01:41:39] construccionGRASPParaUnaRuta: Rutas que entraron a la RCL:  
[[30827], [30767], [30707], [30826], [2223]]
[01:41:39] Simulación del almacén destino hasta siguiente inicio: pe.edu.pucp.inf.pddsbackend.modelos.dominio.Almacen@21801995=0
[01:41:40] Generando rutas candidatas (inicio)
[01:41:42] EstadoGlobalMutableProblemaPlanificacion: Rutas para pedidos pendientes, cantidad:675
[01:41:42] planificar: Iteración 0: quedan 108 pedidos pendientes
[01:41:42] rutasConDestinoCompartido: [[2210], [30705], [2216], [30765], [2222], [30825], [2211], [30706], [2217], [30766], [2223], [30826], [30707], [30767], [30827], [4439], [52995], [4445], [53055], [4428], [52876], [4434], [52936], [4440], [52996]]
[01:41:42] Pedido: PedidoParaAlgoritmo{id=14, idAlmacenDestino=10, pedidas=71, entregadas=0, programadas=0, restante o pendientes=71, registro=2025-10-28T17:29:00Z, instanteEntregaMax=2025-10-30T17:29:00Z}
[01:41:42] Ruta: [2210]
[01:41:42] Último vuelo: VueloEntidad{id=2210, inicio=2025-10-27T12:09:00Z, fin=2025-10-27T18:13:00Z, idAlmacenOrigen=5, idAlmacenDestino=10, capacidadMaximaProductos=300, capacidadOcupadaProductos=0, capacidadSinOcupar=300}
[01:41:42] Ruta: [30705]
[01:41:42] Último vuelo: VueloEntidad{id=30705, inicio=2025-10-27T12:09:00Z, fin=2025-10-27T18:13:00Z, idAlmacenOrigen=5, idAlmacenDestino=10, capacidadMaximaProductos=300, capacidadOcupadaProductos=0, capacidadSinOcupar=300}
[01:41:42] Ruta: [2216]
[01:41:42] Último vuelo: VueloEntidad{id=2216, inicio=2025-10-27T20:55:00Z, fin=2025-10-28T02:59:00Z, idAlmacenOrigen=5, idAlmacenDestino=10, capacidadMaximaProductos=340, capacidadOcupadaProductos=0, capacidadSinOcupar=340}
[01:41:42] Ruta: [30765]
[01:41:42] Último vuelo: VueloEntidad{id=30765, inicio=2025-10-27T20:55:00Z, fin=2025-10-28T02:59:00Z, idAlmacenOrigen=5, idAlmacenDestino=10, capacidadMaximaProductos=340, capacidadOcupadaProductos=0, capacidadSinOcupar=340}
[01:41:42] Ruta: [2222]
[01:41:42] Último vuelo: VueloEntidad{id=2222, inicio=2025-10-27T22:51:00Z, fin=2025-10-28T04:55:00Z, idAlmacenOrigen=5, idAlmacenDestino=10, capacidadMaximaProductos=360, capacidadOcupadaProductos=0, capacidadSinOcupar=360}
[01:41:42] Ruta: [30825]
[01:41:42] Último vuelo: VueloEntidad{id=30825, inicio=2025-10-27T22:51:00Z, fin=2025-10-28T04:55:00Z, idAlmacenOrigen=5, idAlmacenDestino=10, capacidadMaximaProductos=360, capacidadOcupadaProductos=0, capacidadSinOcupar=360}
[01:41:42] Ruta: [2211]
[01:41:42] Último vuelo: VueloEntidad{id=2211, inicio=2025-10-28T12:09:00Z, fin=2025-10-28T18:13:00Z, idAlmacenOrigen=5, idAlmacenDestino=10, capacidadMaximaProductos=300, capacidadOcupadaProductos=0, capacidadSinOcupar=300}
[01:41:42] Ruta: [30706]
[01:41:42] Último vuelo: VueloEntidad{id=30706, inicio=2025-10-28T12:09:00Z, fin=2025-10-28T18:13:00Z, idAlmacenOrigen=5, idAlmacenDestino=10, capacidadMaximaProductos=300, capacidadOcupadaProductos=0, capacidadSinOcupar=300}
[01:41:42] Ruta: [2217]
[01:41:42] Último vuelo: VueloEntidad{id=2217, inicio=2025-10-28T20:55:00Z, fin=2025-10-29T02:59:00Z, idAlmacenOrigen=5, idAlmacenDestino=10, capacidadMaximaProductos=340, capacidadOcupadaProductos=0, capacidadSinOcupar=340}
[01:41:42] Ruta: [30766]
[01:41:42] Último vuelo: VueloEntidad{id=30766, inicio=2025-10-28T20:55:00Z, fin=2025-10-29T02:59:00Z, idAlmacenOrigen=5, idAlmacenDestino=10, capacidadMaximaProductos=340, capacidadOcupadaProductos=0, capacidadSinOcupar=340}
[01:41:42] Ruta: [2223]
[01:41:42] Último vuelo: VueloEntidad{id=2223, inicio=2025-10-28T22:51:00Z, fin=2025-10-29T04:55:00Z, idAlmacenOrigen=5, idAlmacenDestino=10, capacidadMaximaProductos=360, capacidadOcupadaProductos=0, capacidadSinOcupar=360}
[01:41:42] Ruta: [30826]
[01:41:42] Último vuelo: VueloEntidad{id=30826, inicio=2025-10-28T22:51:00Z, fin=2025-10-29T04:55:00Z, idAlmacenOrigen=5, idAlmacenDestino=10, capacidadMaximaProductos=360, capacidadOcupadaProductos=0, capacidadSinOcupar=360}
[01:41:42] Ruta: [30707]
[01:41:42] Último vuelo: VueloEntidad{id=30707, inicio=2025-10-29T12:09:00Z, fin=2025-10-29T18:13:00Z, idAlmacenOrigen=5, idAlmacenDestino=10, capacidadMaximaProductos=300, capacidadOcupadaProductos=0, capacidadSinOcupar=300}
[01:41:42] Ruta: [30767]
[01:41:42] Último vuelo: VueloEntidad{id=30767, inicio=2025-10-29T20:55:00Z, fin=2025-10-30T02:59:00Z, idAlmacenOrigen=5, idAlmacenDestino=10, capacidadMaximaProductos=340, capacidadOcupadaProductos=0, capacidadSinOcupar=340}
[01:41:42] Ruta: [30827]
[01:41:42] Último vuelo: VueloEntidad{id=30827, inicio=2025-10-29T22:51:00Z, fin=2025-10-30T04:55:00Z, idAlmacenOrigen=5, idAlmacenDestino=10, capacidadMaximaProductos=360, capacidadOcupadaProductos=0, capacidadSinOcupar=360}
[01:41:42] Ruta: [4439]
[01:41:42] Último vuelo: VueloEntidad{id=4439, inicio=2025-10-27T10:13:00Z, fin=2025-10-28T01:06:00Z, idAlmacenOrigen=14, idAlmacenDestino=10, capacidadMaximaProductos=360, capacidadOcupadaProductos=0, capacidadSinOcupar=360}
[01:41:42] Ruta: [52995]
[01:41:42] Último vuelo: VueloEntidad{id=52995, inicio=2025-10-27T10:13:00Z, fin=2025-10-28T01:06:00Z, idAlmacenOrigen=14, idAlmacenDestino=10, capacidadMaximaProductos=360, capacidadOcupadaProductos=0, capacidadSinOcupar=360}
[01:41:42] Ruta: [4445]
[01:41:42] Último vuelo: VueloEntidad{id=4445, inicio=2025-10-27T21:55:00Z, fin=2025-10-28T12:48:00Z, idAlmacenOrigen=14, idAlmacenDestino=10, capacidadMaximaProductos=320, capacidadOcupadaProductos=0, capacidadSinOcupar=320}
[01:41:42] Ruta: [53055]
[01:41:42] Último vuelo: VueloEntidad{id=53055, inicio=2025-10-27T21:55:00Z, fin=2025-10-28T12:48:00Z, idAlmacenOrigen=14, idAlmacenDestino=10, capacidadMaximaProductos=320, capacidadOcupadaProductos=0, capacidadSinOcupar=320}
[01:41:42] Ruta: [4428]
[01:41:42] Último vuelo: VueloEntidad{id=4428, inicio=2025-10-27T22:02:00Z, fin=2025-10-28T13:55:00Z, idAlmacenOrigen=14, idAlmacenDestino=10, capacidadMaximaProductos=340, capacidadOcupadaProductos=0, capacidadSinOcupar=340}
[01:41:42] Ruta: [52876]
[01:41:42] Último vuelo: VueloEntidad{id=52876, inicio=2025-10-27T22:02:00Z, fin=2025-10-28T13:55:00Z, idAlmacenOrigen=14, idAlmacenDestino=10, capacidadMaximaProductos=340, capacidadOcupadaProductos=0, capacidadSinOcupar=340}
[01:41:42] Ruta: [4434]
[01:41:42] Último vuelo: VueloEntidad{id=4434, inicio=2025-10-28T04:34:00Z, fin=2025-10-28T19:27:00Z, idAlmacenOrigen=14, idAlmacenDestino=10, capacidadMaximaProductos=360, capacidadOcupadaProductos=0, capacidadSinOcupar=360}
[01:41:42] Ruta: [52936]
[01:41:42] Último vuelo: VueloEntidad{id=52936, inicio=2025-10-28T04:34:00Z, fin=2025-10-28T19:27:00Z, idAlmacenOrigen=14, idAlmacenDestino=10, capacidadMaximaProductos=360, capacidadOcupadaProductos=0, capacidadSinOcupar=360}
[01:41:42] Ruta: [4440]
[01:41:42] Último vuelo: VueloEntidad{id=4440, inicio=2025-10-28T10:13:00Z, fin=2025-10-29T01:06:00Z, idAlmacenOrigen=14, idAlmacenDestino=10, capacidadMaximaProductos=360, capacidadOcupadaProductos=0, capacidadSinOcupar=360}
[01:41:42] Ruta: [52996]
[01:41:42] Último vuelo: VueloEntidad{id=52996, inicio=2025-10-28T10:13:00Z, fin=2025-10-29T01:06:00Z, idAlmacenOrigen=14, idAlmacenDestino=10, capacidadMaximaProductos=360, capacidadOcupadaProductos=0, capacidadSinOcupar=360}
[01:41:42] rutasFiltradasSegunPlazoPedido: [[2210], [30705], [2216], [30765], [2222], [30825], [2211], [30706], [2217], [30766], [2223], [30826], [30707], [30767], [30827], [4439], [52995], [4445], [53055], [4428], [52876], [4434], [52936], [4440], [52996]]
[01:41:42] me llegó: 25 rutas, instante act: 2025-10-27T06:41:40.054349Z pedido: PedidoParaAlgoritmo{id=14, idAlmacenDestino=10, pedidas=71, entregadas=0, programadas=0, restante o pendientes=71, registro=2025-10-28T17:29:00Z, instanteEntregaMax=2025-10-30T17:29:00Z}
[01:41:42] score obtenido en ruta: 0.03827553983473651 ruta
[01:41:42] score obtenido en ruta: 0.03827553983473651 ruta
[01:41:42] score obtenido en ruta: 0.11377765555555555 ruta
[01:41:42] score obtenido en ruta: 0.11377765555555555 ruta
[01:41:42] score obtenido en ruta: 0.13336989772518804 ruta
[01:41:42] score obtenido en ruta: 0.13336989772518804 ruta
[01:41:42] score obtenido en ruta: 0.3115889310061119 ruta
[01:41:42] score obtenido en ruta: 0.3115889310061119 ruta
[01:41:42] score obtenido en ruta: 0.496392297979798 ruta
[01:41:42] score obtenido en ruta: 0.496392297979798 ruta
[01:41:42] score obtenido en ruta: 0.5490730211182012 ruta
[01:41:42] score obtenido en ruta: 0.5490730211182012 ruta
[01:41:42] score obtenido en ruta: 1.1487580288920727 ruta
[01:41:42] score obtenido en ruta: 2.1455933429118774 ruta
[01:41:42] score obtenido en ruta: 2.5526077033598584 ruta
[01:41:42] score obtenido en ruta: 0.027353406247303477 ruta
[01:41:42] score obtenido en ruta: 0.027353406247303477 ruta
[01:41:42] score obtenido en ruta: 0.14446890488242117 ruta
[01:41:42] score obtenido en ruta: 0.14446890488242117 ruta
[01:41:42] score obtenido en ruta: 0.14872857412195647 ruta
[01:41:42] score obtenido en ruta: 0.14872857412195647 ruta
[01:41:42] score obtenido en ruta: 0.2375692282162684 ruta
[01:41:42] score obtenido en ruta: 0.2375692282162684 ruta
[01:41:42] score obtenido en ruta: 0.3407619514376118 ruta
[01:41:42] score obtenido en ruta: 0.3407619514376118 ruta
[01:41:42] puntajesPorRuta: {[2210]=0.03827553983473651, [2211]=0.3115889310061119, [2216]=0.11377765555555555, [30825]=0.13336989772518804, [2217]=0.496392297979798, [30826]=0.5490730211182012, [30827]=2.5526077033598584, [30765]=0.11377765555555555, [2222]=0.13336989772518804, [30766]=0.496392297979798, [2223]=0.5490730211182012, [30767]=2.1455933429118774, [30705]=0.03827553983473651, [30706]=0.3115889310061119, [30707]=1.1487580288920727, [53055]=0.14446890488242117, [52995]=0.027353406247303477, [52996]=0.3407619514376118, [52936]=0.2375692282162684, [4428]=0.14872857412195647, [52876]=0.14872857412195647, [4434]=0.2375692282162684, [4439]=0.027353406247303477, [4440]=0.3407619514376118, [4445]=0.14446890488242117}
[01:41:42] construccionGRASPParaUnaRuta: Rutas que entraron a la RCL:  
[[30827], [30767], [30707], [30826], [2223]]
[01:41:42] Simulación del almacén destino hasta siguiente inicio: pe.edu.pucp.inf.pddsbackend.modelos.dominio.Almacen@550aa882=0
[01:41:42] Generando rutas candidatas (inicio)
[01:41:45] EstadoGlobalMutableProblemaPlanificacion: Rutas para pedidos pendientes, cantidad:675
[01:41:45] planificar: Iteración 0: quedan 108 pedidos pendientes
[01:41:45] rutasConDestinoCompartido: [[2210], [30705], [2216], [30765], [2222], [30825], [2211], [30706], [2217], [30766], [2223], [30826], [30707], [30767], [30827], [4439], [52995], [4445], [53055], [4428], [52876], [4434], [52936], [4440], [52996]]
[01:41:45] Pedido: PedidoParaAlgoritmo{id=14, idAlmacenDestino=10, pedidas=71, entregadas=0, programadas=0, restante o pendientes=71, registro=2025-10-28T17:29:00Z, instanteEntregaMax=2025-10-30T17:29:00Z}
[01:41:45] Ruta: [2210]
[01:41:45] Último vuelo: VueloEntidad{id=2210, inicio=2025-10-27T12:09:00Z, fin=2025-10-27T18:13:00Z, idAlmacenOrigen=5, idAlmacenDestino=10, capacidadMaximaProductos=300, capacidadOcupadaProductos=0, capacidadSinOcupar=300}
[01:41:45] Ruta: [30705]
[01:41:45] Último vuelo: VueloEntidad{id=30705, inicio=2025-10-27T12:09:00Z, fin=2025-10-27T18:13:00Z, idAlmacenOrigen=5, idAlmacenDestino=10, capacidadMaximaProductos=300, capacidadOcupadaProductos=0, capacidadSinOcupar=300}
[01:41:45] Ruta: [2216]
[01:41:45] Último vuelo: VueloEntidad{id=2216, inicio=2025-10-27T20:55:00Z, fin=2025-10-28T02:59:00Z, idAlmacenOrigen=5, idAlmacenDestino=10, capacidadMaximaProductos=340, capacidadOcupadaProductos=0, capacidadSinOcupar=340}
[01:41:45] Ruta: [30765]
[01:41:45] Último vuelo: VueloEntidad{id=30765, inicio=2025-10-27T20:55:00Z, fin=2025-10-28T02:59:00Z, idAlmacenOrigen=5, idAlmacenDestino=10, capacidadMaximaProductos=340, capacidadOcupadaProductos=0, capacidadSinOcupar=340}
[01:41:45] Ruta: [2222]
[01:41:45] Último vuelo: VueloEntidad{id=2222, inicio=2025-10-27T22:51:00Z, fin=2025-10-28T04:55:00Z, idAlmacenOrigen=5, idAlmacenDestino=10, capacidadMaximaProductos=360, capacidadOcupadaProductos=0, capacidadSinOcupar=360}
[01:41:45] Ruta: [30825]
[01:41:45] Último vuelo: VueloEntidad{id=30825, inicio=2025-10-27T22:51:00Z, fin=2025-10-28T04:55:00Z, idAlmacenOrigen=5, idAlmacenDestino=10, capacidadMaximaProductos=360, capacidadOcupadaProductos=0, capacidadSinOcupar=360}
[01:41:45] Ruta: [2211]
[01:41:45] Último vuelo: VueloEntidad{id=2211, inicio=2025-10-28T12:09:00Z, fin=2025-10-28T18:13:00Z, idAlmacenOrigen=5, idAlmacenDestino=10, capacidadMaximaProductos=300, capacidadOcupadaProductos=0, capacidadSinOcupar=300}
[01:41:45] Ruta: [30706]
[01:41:45] Último vuelo: VueloEntidad{id=30706, inicio=2025-10-28T12:09:00Z, fin=2025-10-28T18:13:00Z, idAlmacenOrigen=5, idAlmacenDestino=10, capacidadMaximaProductos=300, capacidadOcupadaProductos=0, capacidadSinOcupar=300}
[01:41:45] Ruta: [2217]
[01:41:45] Último vuelo: VueloEntidad{id=2217, inicio=2025-10-28T20:55:00Z, fin=2025-10-29T02:59:00Z, idAlmacenOrigen=5, idAlmacenDestino=10, capacidadMaximaProductos=340, capacidadOcupadaProductos=0, capacidadSinOcupar=340}
[01:41:45] Ruta: [30766]
[01:41:45] Último vuelo: VueloEntidad{id=30766, inicio=2025-10-28T20:55:00Z, fin=2025-10-29T02:59:00Z, idAlmacenOrigen=5, idAlmacenDestino=10, capacidadMaximaProductos=340, capacidadOcupadaProductos=0, capacidadSinOcupar=340}
[01:41:45] Ruta: [2223]
[01:41:45] Último vuelo: VueloEntidad{id=2223, inicio=2025-10-28T22:51:00Z, fin=2025-10-29T04:55:00Z, idAlmacenOrigen=5, idAlmacenDestino=10, capacidadMaximaProductos=360, capacidadOcupadaProductos=0, capacidadSinOcupar=360}
[01:41:45] Ruta: [30826]
[01:41:45] Último vuelo: VueloEntidad{id=30826, inicio=2025-10-28T22:51:00Z, fin=2025-10-29T04:55:00Z, idAlmacenOrigen=5, idAlmacenDestino=10, capacidadMaximaProductos=360, capacidadOcupadaProductos=0, capacidadSinOcupar=360}
[01:41:45] Ruta: [30707]
[01:41:45] Último vuelo: VueloEntidad{id=30707, inicio=2025-10-29T12:09:00Z, fin=2025-10-29T18:13:00Z, idAlmacenOrigen=5, idAlmacenDestino=10, capacidadMaximaProductos=300, capacidadOcupadaProductos=0, capacidadSinOcupar=300}
[01:41:45] Ruta: [30767]
[01:41:45] Último vuelo: VueloEntidad{id=30767, inicio=2025-10-29T20:55:00Z, fin=2025-10-30T02:59:00Z, idAlmacenOrigen=5, idAlmacenDestino=10, capacidadMaximaProductos=340, capacidadOcupadaProductos=0, capacidadSinOcupar=340}
[01:41:45] Ruta: [30827]
[01:41:45] Último vuelo: VueloEntidad{id=30827, inicio=2025-10-29T22:51:00Z, fin=2025-10-30T04:55:00Z, idAlmacenOrigen=5, idAlmacenDestino=10, capacidadMaximaProductos=360, capacidadOcupadaProductos=0, capacidadSinOcupar=360}
[01:41:45] Ruta: [4439]
[01:41:45] Último vuelo: VueloEntidad{id=4439, inicio=2025-10-27T10:13:00Z, fin=2025-10-28T01:06:00Z, idAlmacenOrigen=14, idAlmacenDestino=10, capacidadMaximaProductos=360, capacidadOcupadaProductos=0, capacidadSinOcupar=360}
[01:41:45] Ruta: [52995]
[01:41:45] Último vuelo: VueloEntidad{id=52995, inicio=2025-10-27T10:13:00Z, fin=2025-10-28T01:06:00Z, idAlmacenOrigen=14, idAlmacenDestino=10, capacidadMaximaProductos=360, capacidadOcupadaProductos=0, capacidadSinOcupar=360}
[01:41:45] Ruta: [4445]
[01:41:45] Último vuelo: VueloEntidad{id=4445, inicio=2025-10-27T21:55:00Z, fin=2025-10-28T12:48:00Z, idAlmacenOrigen=14, idAlmacenDestino=10, capacidadMaximaProductos=320, capacidadOcupadaProductos=0, capacidadSinOcupar=320}
[01:41:45] Ruta: [53055]
[01:41:45] Último vuelo: VueloEntidad{id=53055, inicio=2025-10-27T21:55:00Z, fin=2025-10-28T12:48:00Z, idAlmacenOrigen=14, idAlmacenDestino=10, capacidadMaximaProductos=320, capacidadOcupadaProductos=0, capacidadSinOcupar=320}
[01:41:45] Ruta: [4428]
[01:41:45] Último vuelo: VueloEntidad{id=4428, inicio=2025-10-27T22:02:00Z, fin=2025-10-28T13:55:00Z, idAlmacenOrigen=14, idAlmacenDestino=10, capacidadMaximaProductos=340, capacidadOcupadaProductos=0, capacidadSinOcupar=340}
[01:41:45] Ruta: [52876]
[01:41:45] Último vuelo: VueloEntidad{id=52876, inicio=2025-10-27T22:02:00Z, fin=2025-10-28T13:55:00Z, idAlmacenOrigen=14, idAlmacenDestino=10, capacidadMaximaProductos=340, capacidadOcupadaProductos=0, capacidadSinOcupar=340}
[01:41:45] Ruta: [4434]
[01:41:45] Último vuelo: VueloEntidad{id=4434, inicio=2025-10-28T04:34:00Z, fin=2025-10-28T19:27:00Z, idAlmacenOrigen=14, idAlmacenDestino=10, capacidadMaximaProductos=360, capacidadOcupadaProductos=0, capacidadSinOcupar=360}
[01:41:45] Ruta: [52936]
[01:41:45] Último vuelo: VueloEntidad{id=52936, inicio=2025-10-28T04:34:00Z, fin=2025-10-28T19:27:00Z, idAlmacenOrigen=14, idAlmacenDestino=10, capacidadMaximaProductos=360, capacidadOcupadaProductos=0, capacidadSinOcupar=360}
[01:41:45] Ruta: [4440]
[01:41:45] Último vuelo: VueloEntidad{id=4440, inicio=2025-10-28T10:13:00Z, fin=2025-10-29T01:06:00Z, idAlmacenOrigen=14, idAlmacenDestino=10, capacidadMaximaProductos=360, capacidadOcupadaProductos=0, capacidadSinOcupar=360}
[01:41:45] Ruta: [52996]
[01:41:45] Último vuelo: VueloEntidad{id=52996, inicio=2025-10-28T10:13:00Z, fin=2025-10-29T01:06:00Z, idAlmacenOrigen=14, idAlmacenDestino=10, capacidadMaximaProductos=360, capacidadOcupadaProductos=0, capacidadSinOcupar=360}
[01:41:45] rutasFiltradasSegunPlazoPedido: [[2210], [30705], [2216], [30765], [2222], [30825], [2211], [30706], [2217], [30766], [2223], [30826], [30707], [30767], [30827], [4439], [52995], [4445], [53055], [4428], [52876], [4434], [52936], [4440], [52996]]
[01:41:45] me llegó: 25 rutas, instante act: 2025-10-27T06:41:42.943198700Z pedido: PedidoParaAlgoritmo{id=14, idAlmacenDestino=10, pedidas=71, entregadas=0, programadas=0, restante o pendientes=71, registro=2025-10-28T17:29:00Z, instanteEntregaMax=2025-10-30T17:29:00Z}
[01:41:45] score obtenido en ruta: 0.03826990957280948 ruta
[01:41:45] score obtenido en ruta: 0.03826990957280948 ruta
[01:41:45] score obtenido en ruta: 0.11377123555555554 ruta
[01:41:45] score obtenido en ruta: 0.11377123555555554 ruta
[01:41:45] score obtenido en ruta: 0.13336327279398275 ruta
[01:41:45] score obtenido en ruta: 0.13336327279398275 ruta
[01:41:45] score obtenido en ruta: 0.31158044193700046 ruta
[01:41:45] score obtenido en ruta: 0.31158044193700046 ruta
[01:41:45] score obtenido en ruta: 0.49638187590187594 ruta
[01:41:45] score obtenido en ruta: 0.49638187590187594 ruta
[01:41:45] score obtenido en ruta: 0.5490620480097236 ruta
[01:41:45] score obtenido en ruta: 0.5490620480097236 ruta
[01:41:45] score obtenido en ruta: 1.148740783190067 ruta
[01:41:45] score obtenido en ruta: 2.1455656704980846 ruta
[01:41:45] score obtenido en ruta: 2.5525757736516357 ruta
[01:41:45] score obtenido en ruta: 0.027347174044352406 ruta
[01:41:45] score obtenido en ruta: 0.027347174044352406 ruta
[01:41:45] score obtenido en ruta: 0.14446128862174418 ruta
[01:41:45] score obtenido en ruta: 0.14446128862174418 ruta
[01:41:45] score obtenido en ruta: 0.14872079293255763 ruta
[01:41:45] score obtenido en ruta: 0.14872079293255763 ruta
[01:41:45] score obtenido en ruta: 0.23756051170649287 ruta
[01:41:45] score obtenido en ruta: 0.23756051170649287 ruta
[01:41:45] score obtenido en ruta: 0.3407520154078965 ruta
[01:41:45] score obtenido en ruta: 0.3407520154078965 ruta
[01:41:45] puntajesPorRuta: {[2210]=0.03826990957280948, [2211]=0.31158044193700046, [2216]=0.11377123555555554, [30825]=0.13336327279398275, [2217]=0.49638187590187594, [30826]=0.5490620480097236, [30827]=2.5525757736516357, [30765]=0.11377123555555554, [2222]=0.13336327279398275, [30766]=0.49638187590187594, [2223]=0.5490620480097236, [30767]=2.1455656704980846, [30705]=0.03826990957280948, [30706]=0.31158044193700046, [30707]=1.148740783190067, [53055]=0.14446128862174418, [52995]=0.027347174044352406, [52996]=0.3407520154078965, [52936]=0.23756051170649287, [4428]=0.14872079293255763, [52876]=0.14872079293255763, [4434]=0.23756051170649287, [4439]=0.027347174044352406, [4440]=0.3407520154078965, [4445]=0.14446128862174418}
[01:41:45] construccionGRASPParaUnaRuta: Rutas que entraron a la RCL:  
[[30827], [30767], [30707], [30826], [2223]]
[01:41:45] Simulación del almacén destino hasta siguiente inicio: pe.edu.pucp.inf.pddsbackend.modelos.dominio.Almacen@2cc5bbd2=0
[01:41:45] Generando rutas candidatas (inicio)
[01:41:48] EstadoGlobalMutableProblemaPlanificacion: Rutas para pedidos pendientes, cantidad:675
[01:41:48] planificar: Iteración 0: quedan 108 pedidos pendientes
[01:41:48] rutasConDestinoCompartido: [[2210], [30705], [2216], [30765], [2222], [30825], [2211], [30706], [2217], [30766], [2223], [30826], [30707], [30767], [30827], [4439], [52995], [4445], [53055], [4428], [52876], [4434], [52936], [4440], [52996]]
[01:41:48] Pedido: PedidoParaAlgoritmo{id=14, idAlmacenDestino=10, pedidas=71, entregadas=0, programadas=0, restante o pendientes=71, registro=2025-10-28T17:29:00Z, instanteEntregaMax=2025-10-30T17:29:00Z}
[01:41:48] Ruta: [2210]
[01:41:48] Último vuelo: VueloEntidad{id=2210, inicio=2025-10-27T12:09:00Z, fin=2025-10-27T18:13:00Z, idAlmacenOrigen=5, idAlmacenDestino=10, capacidadMaximaProductos=300, capacidadOcupadaProductos=0, capacidadSinOcupar=300}
[01:41:48] Ruta: [30705]
[01:41:48] Último vuelo: VueloEntidad{id=30705, inicio=2025-10-27T12:09:00Z, fin=2025-10-27T18:13:00Z, idAlmacenOrigen=5, idAlmacenDestino=10, capacidadMaximaProductos=300, capacidadOcupadaProductos=0, capacidadSinOcupar=300}
[01:41:48] Ruta: [2216]
[01:41:48] Último vuelo: VueloEntidad{id=2216, inicio=2025-10-27T20:55:00Z, fin=2025-10-28T02:59:00Z, idAlmacenOrigen=5, idAlmacenDestino=10, capacidadMaximaProductos=340, capacidadOcupadaProductos=0, capacidadSinOcupar=340}
[01:41:48] Ruta: [30765]
[01:41:48] Último vuelo: VueloEntidad{id=30765, inicio=2025-10-27T20:55:00Z, fin=2025-10-28T02:59:00Z, idAlmacenOrigen=5, idAlmacenDestino=10, capacidadMaximaProductos=340, capacidadOcupadaProductos=0, capacidadSinOcupar=340}
[01:41:48] Ruta: [2222]
[01:41:48] Último vuelo: VueloEntidad{id=2222, inicio=2025-10-27T22:51:00Z, fin=2025-10-28T04:55:00Z, idAlmacenOrigen=5, idAlmacenDestino=10, capacidadMaximaProductos=360, capacidadOcupadaProductos=0, capacidadSinOcupar=360}
[01:41:48] Ruta: [30825]
[01:41:48] Último vuelo: VueloEntidad{id=30825, inicio=2025-10-27T22:51:00Z, fin=2025-10-28T04:55:00Z, idAlmacenOrigen=5, idAlmacenDestino=10, capacidadMaximaProductos=360, capacidadOcupadaProductos=0, capacidadSinOcupar=360}
[01:41:48] Ruta: [2211]
[01:41:48] Último vuelo: VueloEntidad{id=2211, inicio=2025-10-28T12:09:00Z, fin=2025-10-28T18:13:00Z, idAlmacenOrigen=5, idAlmacenDestino=10, capacidadMaximaProductos=300, capacidadOcupadaProductos=0, capacidadSinOcupar=300}
[01:41:48] Ruta: [30706]
[01:41:48] Último vuelo: VueloEntidad{id=30706, inicio=2025-10-28T12:09:00Z, fin=2025-10-28T18:13:00Z, idAlmacenOrigen=5, idAlmacenDestino=10, capacidadMaximaProductos=300, capacidadOcupadaProductos=0, capacidadSinOcupar=300}
[01:41:48] Ruta: [2217]
[01:41:48] Último vuelo: VueloEntidad{id=2217, inicio=2025-10-28T20:55:00Z, fin=2025-10-29T02:59:00Z, idAlmacenOrigen=5, idAlmacenDestino=10, capacidadMaximaProductos=340, capacidadOcupadaProductos=0, capacidadSinOcupar=340}
[01:41:48] Ruta: [30766]
[01:41:48] Último vuelo: VueloEntidad{id=30766, inicio=2025-10-28T20:55:00Z, fin=2025-10-29T02:59:00Z, idAlmacenOrigen=5, idAlmacenDestino=10, capacidadMaximaProductos=340, capacidadOcupadaProductos=0, capacidadSinOcupar=340}
[01:41:48] Ruta: [2223]
[01:41:48] Último vuelo: VueloEntidad{id=2223, inicio=2025-10-28T22:51:00Z, fin=2025-10-29T04:55:00Z, idAlmacenOrigen=5, idAlmacenDestino=10, capacidadMaximaProductos=360, capacidadOcupadaProductos=0, capacidadSinOcupar=360}
[01:41:48] Ruta: [30826]
[01:41:48] Último vuelo: VueloEntidad{id=30826, inicio=2025-10-28T22:51:00Z, fin=2025-10-29T04:55:00Z, idAlmacenOrigen=5, idAlmacenDestino=10, capacidadMaximaProductos=360, capacidadOcupadaProductos=0, capacidadSinOcupar=360}
[01:41:48] Ruta: [30707]
[01:41:48] Último vuelo: VueloEntidad{id=30707, inicio=2025-10-29T12:09:00Z, fin=2025-10-29T18:13:00Z, idAlmacenOrigen=5, idAlmacenDestino=10, capacidadMaximaProductos=300, capacidadOcupadaProductos=0, capacidadSinOcupar=300}
[01:41:48] Ruta: [30767]
[01:41:48] Último vuelo: VueloEntidad{id=30767, inicio=2025-10-29T20:55:00Z, fin=2025-10-30T02:59:00Z, idAlmacenOrigen=5, idAlmacenDestino=10, capacidadMaximaProductos=340, capacidadOcupadaProductos=0, capacidadSinOcupar=340}
[01:41:48] Ruta: [30827]
[01:41:48] Último vuelo: VueloEntidad{id=30827, inicio=2025-10-29T22:51:00Z, fin=2025-10-30T04:55:00Z, idAlmacenOrigen=5, idAlmacenDestino=10, capacidadMaximaProductos=360, capacidadOcupadaProductos=0, capacidadSinOcupar=360}
[01:41:48] Ruta: [4439]
[01:41:48] Último vuelo: VueloEntidad{id=4439, inicio=2025-10-27T10:13:00Z, fin=2025-10-28T01:06:00Z, idAlmacenOrigen=14, idAlmacenDestino=10, capacidadMaximaProductos=360, capacidadOcupadaProductos=0, capacidadSinOcupar=360}
[01:41:48] Ruta: [52995]
[01:41:48] Último vuelo: VueloEntidad{id=52995, inicio=2025-10-27T10:13:00Z, fin=2025-10-28T01:06:00Z, idAlmacenOrigen=14, idAlmacenDestino=10, capacidadMaximaProductos=360, capacidadOcupadaProductos=0, capacidadSinOcupar=360}
[01:41:48] Ruta: [4445]
[01:41:48] Último vuelo: VueloEntidad{id=4445, inicio=2025-10-27T21:55:00Z, fin=2025-10-28T12:48:00Z, idAlmacenOrigen=14, idAlmacenDestino=10, capacidadMaximaProductos=320, capacidadOcupadaProductos=0, capacidadSinOcupar=320}
[01:41:48] Ruta: [53055]
[01:41:48] Último vuelo: VueloEntidad{id=53055, inicio=2025-10-27T21:55:00Z, fin=2025-10-28T12:48:00Z, idAlmacenOrigen=14, idAlmacenDestino=10, capacidadMaximaProductos=320, capacidadOcupadaProductos=0, capacidadSinOcupar=320}
[01:41:48] Ruta: [4428]
[01:41:48] Último vuelo: VueloEntidad{id=4428, inicio=2025-10-27T22:02:00Z, fin=2025-10-28T13:55:00Z, idAlmacenOrigen=14, idAlmacenDestino=10, capacidadMaximaProductos=340, capacidadOcupadaProductos=0, capacidadSinOcupar=340}
[01:41:48] Ruta: [52876]
[01:41:48] Último vuelo: VueloEntidad{id=52876, inicio=2025-10-27T22:02:00Z, fin=2025-10-28T13:55:00Z, idAlmacenOrigen=14, idAlmacenDestino=10, capacidadMaximaProductos=340, capacidadOcupadaProductos=0, capacidadSinOcupar=340}
[01:41:48] Ruta: [4434]
[01:41:48] Último vuelo: VueloEntidad{id=4434, inicio=2025-10-28T04:34:00Z, fin=2025-10-28T19:27:00Z, idAlmacenOrigen=14, idAlmacenDestino=10, capacidadMaximaProductos=360, capacidadOcupadaProductos=0, capacidadSinOcupar=360}
[01:41:48] Ruta: [52936]
[01:41:48] Último vuelo: VueloEntidad{id=52936, inicio=2025-10-28T04:34:00Z, fin=2025-10-28T19:27:00Z, idAlmacenOrigen=14, idAlmacenDestino=10, capacidadMaximaProductos=360, capacidadOcupadaProductos=0, capacidadSinOcupar=360}
[01:41:48] Ruta: [4440]
[01:41:48] Último vuelo: VueloEntidad{id=4440, inicio=2025-10-28T10:13:00Z, fin=2025-10-29T01:06:00Z, idAlmacenOrigen=14, idAlmacenDestino=10, capacidadMaximaProductos=360, capacidadOcupadaProductos=0, capacidadSinOcupar=360}
[01:41:48] Ruta: [52996]
[01:41:48] Último vuelo: VueloEntidad{id=52996, inicio=2025-10-28T10:13:00Z, fin=2025-10-29T01:06:00Z, idAlmacenOrigen=14, idAlmacenDestino=10, capacidadMaximaProductos=360, capacidadOcupadaProductos=0, capacidadSinOcupar=360}
[01:41:48] rutasFiltradasSegunPlazoPedido: [[2210], [30705], [2216], [30765], [2222], [30825], [2211], [30706], [2217], [30766], [2223], [30826], [30707], [30767], [30827], [4439], [52995], [4445], [53055], [4428], [52876], [4434], [52936], [4440], [52996]]
[01:41:48] me llegó: 25 rutas, instante act: 2025-10-27T06:41:45.814472200Z pedido: PedidoParaAlgoritmo{id=14, idAlmacenDestino=10, pedidas=71, entregadas=0, programadas=0, restante o pendientes=71, registro=2025-10-28T17:29:00Z, instanteEntregaMax=2025-10-30T17:29:00Z}
[01:41:48] score obtenido en ruta: 0.03826431439039601 ruta
[01:41:48] score obtenido en ruta: 0.03826431439039601 ruta
[01:41:48] score obtenido en ruta: 0.11376485555555554 ruta
[01:41:48] score obtenido en ruta: 0.11376485555555554 ruta
[01:41:48] score obtenido en ruta: 0.1333566891396074 ruta
[01:41:48] score obtenido en ruta: 0.1333566891396074 ruta
[01:41:48] score obtenido en ruta: 0.3115720057592854 ruta
[01:41:48] score obtenido en ruta: 0.3115720057592854 ruta
[01:41:48] score obtenido en ruta: 0.49637151875901875 ruta
[01:41:48] score obtenido en ruta: 0.49637151875901875 ruta
[01:41:48] score obtenido en ruta: 0.549051143269523 ruta
[01:41:48] score obtenido en ruta: 0.549051143269523 ruta
[01:41:48] score obtenido en ruta: 1.148723644937918 ruta
[01:41:48] score obtenido en ruta: 2.1455381704980843 ruta
[01:41:48] score obtenido en ruta: 2.552544042882405 ruta
[01:41:48] score obtenido en ruta: 0.027340980671326256 ruta
[01:41:48] score obtenido en ruta: 0.027340980671326256 ruta
[01:41:48] score obtenido en ruta: 0.14445371981440472 ruta
[01:41:48] score obtenido en ruta: 0.14445371981440472 ruta
[01:41:48] score obtenido en ruta: 0.14871306022408962 ruta
[01:41:48] score obtenido en ruta: 0.14871306022408962 ruta
[01:41:48] score obtenido en ruta: 0.23755184950518948 ruta
[01:41:48] score obtenido en ruta: 0.23755184950518948 ruta
[01:41:48] score obtenido en ruta: 0.3407421412849085 ruta
[01:41:48] score obtenido en ruta: 0.3407421412849085 ruta
[01:41:48] puntajesPorRuta: {[2210]=0.03826431439039601, [2211]=0.3115720057592854, [2216]=0.11376485555555554, [30825]=0.1333566891396074, [2217]=0.49637151875901875, [30826]=0.549051143269523, [30827]=2.552544042882405, [30765]=0.11376485555555554, [2222]=0.1333566891396074, [30766]=0.49637151875901875, [2223]=0.549051143269523, [30767]=2.1455381704980843, [30705]=0.03826431439039601, [30706]=0.3115720057592854, [30707]=1.148723644937918, [53055]=0.14445371981440472, [52995]=0.027340980671326256, [52996]=0.3407421412849085, [52936]=0.23755184950518948, [4428]=0.14871306022408962, [52876]=0.14871306022408962, [4434]=0.23755184950518948, [4439]=0.027340980671326256, [4440]=0.3407421412849085, [4445]=0.14445371981440472}
[01:41:48] construccionGRASPParaUnaRuta: Rutas que entraron a la RCL:  
[[30827], [30767], [30707], [30826], [2223]]
[01:41:48] Simulación del almacén destino hasta siguiente inicio: pe.edu.pucp.inf.pddsbackend.modelos.dominio.Almacen@70aeff76=0
[01:41:48] Generando rutas candidatas (inicio)
[01:41:51] EstadoGlobalMutableProblemaPlanificacion: Rutas para pedidos pendientes, cantidad:675
[01:41:51] planificar: Iteración 0: quedan 108 pedidos pendientes
[01:41:51] rutasConDestinoCompartido: [[2210], [30705], [2216], [30765], [2222], [30825], [2211], [30706], [2217], [30766], [2223], [30826], [30707], [30767], [30827], [4439], [52995], [4445], [53055], [4428], [52876], [4434], [52936], [4440], [52996]]
[01:41:51] Pedido: PedidoParaAlgoritmo{id=14, idAlmacenDestino=10, pedidas=71, entregadas=0, programadas=0, restante o pendientes=71, registro=2025-10-28T17:29:00Z, instanteEntregaMax=2025-10-30T17:29:00Z}
[01:41:51] Ruta: [2210]
[01:41:51] Último vuelo: VueloEntidad{id=2210, inicio=2025-10-27T12:09:00Z, fin=2025-10-27T18:13:00Z, idAlmacenOrigen=5, idAlmacenDestino=10, capacidadMaximaProductos=300, capacidadOcupadaProductos=0, capacidadSinOcupar=300}
[01:41:51] Ruta: [30705]
[01:41:51] Último vuelo: VueloEntidad{id=30705, inicio=2025-10-27T12:09:00Z, fin=2025-10-27T18:13:00Z, idAlmacenOrigen=5, idAlmacenDestino=10, capacidadMaximaProductos=300, capacidadOcupadaProductos=0, capacidadSinOcupar=300}
[01:41:51] Ruta: [2216]
[01:41:51] Último vuelo: VueloEntidad{id=2216, inicio=2025-10-27T20:55:00Z, fin=2025-10-28T02:59:00Z, idAlmacenOrigen=5, idAlmacenDestino=10, capacidadMaximaProductos=340, capacidadOcupadaProductos=0, capacidadSinOcupar=340}
[01:41:51] Ruta: [30765]
[01:41:51] Último vuelo: VueloEntidad{id=30765, inicio=2025-10-27T20:55:00Z, fin=2025-10-28T02:59:00Z, idAlmacenOrigen=5, idAlmacenDestino=10, capacidadMaximaProductos=340, capacidadOcupadaProductos=0, capacidadSinOcupar=340}
[01:41:51] Ruta: [2222]
[01:41:51] Último vuelo: VueloEntidad{id=2222, inicio=2025-10-27T22:51:00Z, fin=2025-10-28T04:55:00Z, idAlmacenOrigen=5, idAlmacenDestino=10, capacidadMaximaProductos=360, capacidadOcupadaProductos=0, capacidadSinOcupar=360}
[01:41:51] Ruta: [30825]
[01:41:51] Último vuelo: VueloEntidad{id=30825, inicio=2025-10-27T22:51:00Z, fin=2025-10-28T04:55:00Z, idAlmacenOrigen=5, idAlmacenDestino=10, capacidadMaximaProductos=360, capacidadOcupadaProductos=0, capacidadSinOcupar=360}
[01:41:51] Ruta: [2211]
[01:41:51] Último vuelo: VueloEntidad{id=2211, inicio=2025-10-28T12:09:00Z, fin=2025-10-28T18:13:00Z, idAlmacenOrigen=5, idAlmacenDestino=10, capacidadMaximaProductos=300, capacidadOcupadaProductos=0, capacidadSinOcupar=300}
[01:41:51] Ruta: [30706]
[01:41:51] Último vuelo: VueloEntidad{id=30706, inicio=2025-10-28T12:09:00Z, fin=2025-10-28T18:13:00Z, idAlmacenOrigen=5, idAlmacenDestino=10, capacidadMaximaProductos=300, capacidadOcupadaProductos=0, capacidadSinOcupar=300}
[01:41:51] Ruta: [2217]
[01:41:51] Último vuelo: VueloEntidad{id=2217, inicio=2025-10-28T20:55:00Z, fin=2025-10-29T02:59:00Z, idAlmacenOrigen=5, idAlmacenDestino=10, capacidadMaximaProductos=340, capacidadOcupadaProductos=0, capacidadSinOcupar=340}
[01:41:51] Ruta: [30766]
[01:41:51] Último vuelo: VueloEntidad{id=30766, inicio=2025-10-28T20:55:00Z, fin=2025-10-29T02:59:00Z, idAlmacenOrigen=5, idAlmacenDestino=10, capacidadMaximaProductos=340, capacidadOcupadaProductos=0, capacidadSinOcupar=340}
[01:41:51] Ruta: [2223]
[01:41:51] Último vuelo: VueloEntidad{id=2223, inicio=2025-10-28T22:51:00Z, fin=2025-10-29T04:55:00Z, idAlmacenOrigen=5, idAlmacenDestino=10, capacidadMaximaProductos=360, capacidadOcupadaProductos=0, capacidadSinOcupar=360}
[01:41:51] Ruta: [30826]
[01:41:51] Último vuelo: VueloEntidad{id=30826, inicio=2025-10-28T22:51:00Z, fin=2025-10-29T04:55:00Z, idAlmacenOrigen=5, idAlmacenDestino=10, capacidadMaximaProductos=360, capacidadOcupadaProductos=0, capacidadSinOcupar=360}
[01:41:51] Ruta: [30707]
[01:41:51] Último vuelo: VueloEntidad{id=30707, inicio=2025-10-29T12:09:00Z, fin=2025-10-29T18:13:00Z, idAlmacenOrigen=5, idAlmacenDestino=10, capacidadMaximaProductos=300, capacidadOcupadaProductos=0, capacidadSinOcupar=300}
[01:41:51] Ruta: [30767]
[01:41:51] Último vuelo: VueloEntidad{id=30767, inicio=2025-10-29T20:55:00Z, fin=2025-10-30T02:59:00Z, idAlmacenOrigen=5, idAlmacenDestino=10, capacidadMaximaProductos=340, capacidadOcupadaProductos=0, capacidadSinOcupar=340}
[01:41:51] Ruta: [30827]
[01:41:51] Último vuelo: VueloEntidad{id=30827, inicio=2025-10-29T22:51:00Z, fin=2025-10-30T04:55:00Z, idAlmacenOrigen=5, idAlmacenDestino=10, capacidadMaximaProductos=360, capacidadOcupadaProductos=0, capacidadSinOcupar=360}
[01:41:51] Ruta: [4439]
[01:41:51] Último vuelo: VueloEntidad{id=4439, inicio=2025-10-27T10:13:00Z, fin=2025-10-28T01:06:00Z, idAlmacenOrigen=14, idAlmacenDestino=10, capacidadMaximaProductos=360, capacidadOcupadaProductos=0, capacidadSinOcupar=360}
[01:41:51] Ruta: [52995]
[01:41:51] Último vuelo: VueloEntidad{id=52995, inicio=2025-10-27T10:13:00Z, fin=2025-10-28T01:06:00Z, idAlmacenOrigen=14, idAlmacenDestino=10, capacidadMaximaProductos=360, capacidadOcupadaProductos=0, capacidadSinOcupar=360}
[01:41:51] Ruta: [4445]
[01:41:51] Último vuelo: VueloEntidad{id=4445, inicio=2025-10-27T21:55:00Z, fin=2025-10-28T12:48:00Z, idAlmacenOrigen=14, idAlmacenDestino=10, capacidadMaximaProductos=320, capacidadOcupadaProductos=0, capacidadSinOcupar=320}
[01:41:51] Ruta: [53055]
[01:41:51] Último vuelo: VueloEntidad{id=53055, inicio=2025-10-27T21:55:00Z, fin=2025-10-28T12:48:00Z, idAlmacenOrigen=14, idAlmacenDestino=10, capacidadMaximaProductos=320, capacidadOcupadaProductos=0, capacidadSinOcupar=320}
[01:41:51] Ruta: [4428]
[01:41:51] Último vuelo: VueloEntidad{id=4428, inicio=2025-10-27T22:02:00Z, fin=2025-10-28T13:55:00Z, idAlmacenOrigen=14, idAlmacenDestino=10, capacidadMaximaProductos=340, capacidadOcupadaProductos=0, capacidadSinOcupar=340}
[01:41:51] Ruta: [52876]
[01:41:51] Último vuelo: VueloEntidad{id=52876, inicio=2025-10-27T22:02:00Z, fin=2025-10-28T13:55:00Z, idAlmacenOrigen=14, idAlmacenDestino=10, capacidadMaximaProductos=340, capacidadOcupadaProductos=0, capacidadSinOcupar=340}
[01:41:51] Ruta: [4434]
[01:41:51] Último vuelo: VueloEntidad{id=4434, inicio=2025-10-28T04:34:00Z, fin=2025-10-28T19:27:00Z, idAlmacenOrigen=14, idAlmacenDestino=10, capacidadMaximaProductos=360, capacidadOcupadaProductos=0, capacidadSinOcupar=360}
[01:41:51] Ruta: [52936]
[01:41:51] Último vuelo: VueloEntidad{id=52936, inicio=2025-10-28T04:34:00Z, fin=2025-10-28T19:27:00Z, idAlmacenOrigen=14, idAlmacenDestino=10, capacidadMaximaProductos=360, capacidadOcupadaProductos=0, capacidadSinOcupar=360}
[01:41:51] Ruta: [4440]
[01:41:51] Último vuelo: VueloEntidad{id=4440, inicio=2025-10-28T10:13:00Z, fin=2025-10-29T01:06:00Z, idAlmacenOrigen=14, idAlmacenDestino=10, capacidadMaximaProductos=360, capacidadOcupadaProductos=0, capacidadSinOcupar=360}
[01:41:51] Ruta: [52996]
[01:41:51] Último vuelo: VueloEntidad{id=52996, inicio=2025-10-28T10:13:00Z, fin=2025-10-29T01:06:00Z, idAlmacenOrigen=14, idAlmacenDestino=10, capacidadMaximaProductos=360, capacidadOcupadaProductos=0, capacidadSinOcupar=360}
[01:41:51] rutasFiltradasSegunPlazoPedido: [[2210], [30705], [2216], [30765], [2222], [30825], [2211], [30706], [2217], [30766], [2223], [30826], [30707], [30767], [30827], [4439], [52995], [4445], [53055], [4428], [52876], [4434], [52936], [4440], [52996]]
[01:41:51] me llegó: 25 rutas, instante act: 2025-10-27T06:41:48.693146500Z pedido: PedidoParaAlgoritmo{id=14, idAlmacenDestino=10, pedidas=71, entregadas=0, programadas=0, restante o pendientes=71, registro=2025-10-28T17:29:00Z, instanteEntregaMax=2025-10-30T17:29:00Z}
[01:41:51] score obtenido en ruta: 0.03825870361708762 ruta
[01:41:51] score obtenido en ruta: 0.03825870361708762 ruta
[01:41:51] score obtenido en ruta: 0.11375845777777777 ruta
[01:41:51] score obtenido en ruta: 0.11375845777777777 ruta
[01:41:51] score obtenido en ruta: 0.13335008713997432 ruta
[01:41:51] score obtenido en ruta: 0.13335008713997432 ruta
[01:41:51] score obtenido en ruta: 0.311563546074283 ruta
[01:41:51] score obtenido en ruta: 0.311563546074283 ruta
[01:41:51] score obtenido en ruta: 0.4963611327561328 ruta
[01:41:51] score obtenido en ruta: 0.4963611327561328 ruta
[01:41:51] score obtenido en ruta: 0.5490402081434215 ruta
[01:41:51] score obtenido en ruta: 0.5490402081434215 ruta
[01:41:51] score obtenido en ruta: 1.1487064589302771 ruta
[01:41:51] score obtenido en ruta: 2.145510593869732 ruta
[01:41:51] score obtenido en ruta: 2.5525122236958446 ruta
[01:41:51] score obtenido en ruta: 0.0273347700405557 ruta
[01:41:51] score obtenido en ruta: 0.0273347700405557 ruta
[01:41:51] score obtenido en ruta: 0.14444612991669303 ruta
[01:41:51] score obtenido en ruta: 0.14444612991669303 ruta
[01:41:51] score obtenido en ruta: 0.14870530596854126 ruta
[01:41:51] score obtenido en ruta: 0.14870530596854126 ruta
[01:41:51] score obtenido en ruta: 0.23754316316678734 ruta
[01:41:51] score obtenido en ruta: 0.23754316316678734 ruta
[01:41:51] score obtenido en ruta: 0.3407322396478195 ruta
[01:41:51] score obtenido en ruta: 0.3407322396478195 ruta
[01:41:51] puntajesPorRuta: {[2210]=0.03825870361708762, [2211]=0.311563546074283, [2216]=0.11375845777777777, [30825]=0.13335008713997432, [2217]=0.4963611327561328, [30826]=0.5490402081434215, [30827]=2.5525122236958446, [30765]=0.11375845777777777, [2222]=0.13335008713997432, [30766]=0.4963611327561328, [2223]=0.5490402081434215, [30767]=2.145510593869732, [30705]=0.03825870361708762, [30706]=0.311563546074283, [30707]=1.1487064589302771, [53055]=0.14444612991669303, [52995]=0.0273347700405557, [52996]=0.3407322396478195, [52936]=0.23754316316678734, [4428]=0.14870530596854126, [52876]=0.14870530596854126, [4434]=0.23754316316678734, [4439]=0.0273347700405557, [4440]=0.3407322396478195, [4445]=0.14444612991669303}
[01:41:51] construccionGRASPParaUnaRuta: Rutas que entraron a la RCL:  
[[30827], [30767], [30707], [30826], [2223]]
[01:41:51] Simulación del almacén destino hasta siguiente inicio: pe.edu.pucp.inf.pddsbackend.modelos.dominio.Almacen@75ccaef5=0
[01:41:51] Generando rutas candidatas (inicio)
[01:41:54] EstadoGlobalMutableProblemaPlanificacion: Rutas para pedidos pendientes, cantidad:675
[01:41:54] planificar: Iteración 0: quedan 108 pedidos pendientes
[01:41:54] rutasConDestinoCompartido: [[2210], [30705], [2216], [30765], [2222], [30825], [2211], [30706], [2217], [30766], [2223], [30826], [30707], [30767], [30827], [4439], [52995], [4445], [53055], [4428], [52876], [4434], [52936], [4440], [52996]]
[01:41:54] Pedido: PedidoParaAlgoritmo{id=14, idAlmacenDestino=10, pedidas=71, entregadas=0, programadas=0, restante o pendientes=71, registro=2025-10-28T17:29:00Z, instanteEntregaMax=2025-10-30T17:29:00Z}
[01:41:54] Ruta: [2210]
[01:41:54] Último vuelo: VueloEntidad{id=2210, inicio=2025-10-27T12:09:00Z, fin=2025-10-27T18:13:00Z, idAlmacenOrigen=5, idAlmacenDestino=10, capacidadMaximaProductos=300, capacidadOcupadaProductos=0, capacidadSinOcupar=300}
[01:41:54] Ruta: [30705]
[01:41:54] Último vuelo: VueloEntidad{id=30705, inicio=2025-10-27T12:09:00Z, fin=2025-10-27T18:13:00Z, idAlmacenOrigen=5, idAlmacenDestino=10, capacidadMaximaProductos=300, capacidadOcupadaProductos=0, capacidadSinOcupar=300}
[01:41:54] Ruta: [2216]
[01:41:54] Último vuelo: VueloEntidad{id=2216, inicio=2025-10-27T20:55:00Z, fin=2025-10-28T02:59:00Z, idAlmacenOrigen=5, idAlmacenDestino=10, capacidadMaximaProductos=340, capacidadOcupadaProductos=0, capacidadSinOcupar=340}
[01:41:54] Ruta: [30765]
[01:41:54] Último vuelo: VueloEntidad{id=30765, inicio=2025-10-27T20:55:00Z, fin=2025-10-28T02:59:00Z, idAlmacenOrigen=5, idAlmacenDestino=10, capacidadMaximaProductos=340, capacidadOcupadaProductos=0, capacidadSinOcupar=340}
[01:41:54] Ruta: [2222]
[01:41:54] Último vuelo: VueloEntidad{id=2222, inicio=2025-10-27T22:51:00Z, fin=2025-10-28T04:55:00Z, idAlmacenOrigen=5, idAlmacenDestino=10, capacidadMaximaProductos=360, capacidadOcupadaProductos=0, capacidadSinOcupar=360}
[01:41:54] Ruta: [30825]
[01:41:54] Último vuelo: VueloEntidad{id=30825, inicio=2025-10-27T22:51:00Z, fin=2025-10-28T04:55:00Z, idAlmacenOrigen=5, idAlmacenDestino=10, capacidadMaximaProductos=360, capacidadOcupadaProductos=0, capacidadSinOcupar=360}
[01:41:54] Ruta: [2211]
[01:41:54] Último vuelo: VueloEntidad{id=2211, inicio=2025-10-28T12:09:00Z, fin=2025-10-28T18:13:00Z, idAlmacenOrigen=5, idAlmacenDestino=10, capacidadMaximaProductos=300, capacidadOcupadaProductos=0, capacidadSinOcupar=300}
[01:41:54] Ruta: [30706]
[01:41:54] Último vuelo: VueloEntidad{id=30706, inicio=2025-10-28T12:09:00Z, fin=2025-10-28T18:13:00Z, idAlmacenOrigen=5, idAlmacenDestino=10, capacidadMaximaProductos=300, capacidadOcupadaProductos=0, capacidadSinOcupar=300}
[01:41:54] Ruta: [2217]
[01:41:54] Último vuelo: VueloEntidad{id=2217, inicio=2025-10-28T20:55:00Z, fin=2025-10-29T02:59:00Z, idAlmacenOrigen=5, idAlmacenDestino=10, capacidadMaximaProductos=340, capacidadOcupadaProductos=0, capacidadSinOcupar=340}
[01:41:54] Ruta: [30766]
[01:41:54] Último vuelo: VueloEntidad{id=30766, inicio=2025-10-28T20:55:00Z, fin=2025-10-29T02:59:00Z, idAlmacenOrigen=5, idAlmacenDestino=10, capacidadMaximaProductos=340, capacidadOcupadaProductos=0, capacidadSinOcupar=340}
[01:41:54] Ruta: [2223]
[01:41:54] Último vuelo: VueloEntidad{id=2223, inicio=2025-10-28T22:51:00Z, fin=2025-10-29T04:55:00Z, idAlmacenOrigen=5, idAlmacenDestino=10, capacidadMaximaProductos=360, capacidadOcupadaProductos=0, capacidadSinOcupar=360}
[01:41:54] Ruta: [30826]
[01:41:54] Último vuelo: VueloEntidad{id=30826, inicio=2025-10-28T22:51:00Z, fin=2025-10-29T04:55:00Z, idAlmacenOrigen=5, idAlmacenDestino=10, capacidadMaximaProductos=360, capacidadOcupadaProductos=0, capacidadSinOcupar=360}
[01:41:54] Ruta: [30707]
[01:41:54] Último vuelo: VueloEntidad{id=30707, inicio=2025-10-29T12:09:00Z, fin=2025-10-29T18:13:00Z, idAlmacenOrigen=5, idAlmacenDestino=10, capacidadMaximaProductos=300, capacidadOcupadaProductos=0, capacidadSinOcupar=300}
[01:41:54] Ruta: [30767]
[01:41:54] Último vuelo: VueloEntidad{id=30767, inicio=2025-10-29T20:55:00Z, fin=2025-10-30T02:59:00Z, idAlmacenOrigen=5, idAlmacenDestino=10, capacidadMaximaProductos=340, capacidadOcupadaProductos=0, capacidadSinOcupar=340}
[01:41:54] Ruta: [30827]
[01:41:54] Último vuelo: VueloEntidad{id=30827, inicio=2025-10-29T22:51:00Z, fin=2025-10-30T04:55:00Z, idAlmacenOrigen=5, idAlmacenDestino=10, capacidadMaximaProductos=360, capacidadOcupadaProductos=0, capacidadSinOcupar=360}
[01:41:54] Ruta: [4439]
[01:41:54] Último vuelo: VueloEntidad{id=4439, inicio=2025-10-27T10:13:00Z, fin=2025-10-28T01:06:00Z, idAlmacenOrigen=14, idAlmacenDestino=10, capacidadMaximaProductos=360, capacidadOcupadaProductos=0, capacidadSinOcupar=360}
[01:41:54] Ruta: [52995]
[01:41:54] Último vuelo: VueloEntidad{id=52995, inicio=2025-10-27T10:13:00Z, fin=2025-10-28T01:06:00Z, idAlmacenOrigen=14, idAlmacenDestino=10, capacidadMaximaProductos=360, capacidadOcupadaProductos=0, capacidadSinOcupar=360}
[01:41:54] Ruta: [4445]
[01:41:54] Último vuelo: VueloEntidad{id=4445, inicio=2025-10-27T21:55:00Z, fin=2025-10-28T12:48:00Z, idAlmacenOrigen=14, idAlmacenDestino=10, capacidadMaximaProductos=320, capacidadOcupadaProductos=0, capacidadSinOcupar=320}
[01:41:54] Ruta: [53055]
[01:41:54] Último vuelo: VueloEntidad{id=53055, inicio=2025-10-27T21:55:00Z, fin=2025-10-28T12:48:00Z, idAlmacenOrigen=14, idAlmacenDestino=10, capacidadMaximaProductos=320, capacidadOcupadaProductos=0, capacidadSinOcupar=320}
[01:41:54] Ruta: [4428]
[01:41:54] Último vuelo: VueloEntidad{id=4428, inicio=2025-10-27T22:02:00Z, fin=2025-10-28T13:55:00Z, idAlmacenOrigen=14, idAlmacenDestino=10, capacidadMaximaProductos=340, capacidadOcupadaProductos=0, capacidadSinOcupar=340}
[01:41:54] Ruta: [52876]
[01:41:54] Último vuelo: VueloEntidad{id=52876, inicio=2025-10-27T22:02:00Z, fin=2025-10-28T13:55:00Z, idAlmacenOrigen=14, idAlmacenDestino=10, capacidadMaximaProductos=340, capacidadOcupadaProductos=0, capacidadSinOcupar=340}
[01:41:54] Ruta: [4434]
[01:41:54] Último vuelo: VueloEntidad{id=4434, inicio=2025-10-28T04:34:00Z, fin=2025-10-28T19:27:00Z, idAlmacenOrigen=14, idAlmacenDestino=10, capacidadMaximaProductos=360, capacidadOcupadaProductos=0, capacidadSinOcupar=360}
[01:41:54] Ruta: [52936]
[01:41:54] Último vuelo: VueloEntidad{id=52936, inicio=2025-10-28T04:34:00Z, fin=2025-10-28T19:27:00Z, idAlmacenOrigen=14, idAlmacenDestino=10, capacidadMaximaProductos=360, capacidadOcupadaProductos=0, capacidadSinOcupar=360}
[01:41:54] Ruta: [4440]
[01:41:54] Último vuelo: VueloEntidad{id=4440, inicio=2025-10-28T10:13:00Z, fin=2025-10-29T01:06:00Z, idAlmacenOrigen=14, idAlmacenDestino=10, capacidadMaximaProductos=360, capacidadOcupadaProductos=0, capacidadSinOcupar=360}
[01:41:54] Ruta: [52996]
[01:41:54] Último vuelo: VueloEntidad{id=52996, inicio=2025-10-28T10:13:00Z, fin=2025-10-29T01:06:00Z, idAlmacenOrigen=14, idAlmacenDestino=10, capacidadMaximaProductos=360, capacidadOcupadaProductos=0, capacidadSinOcupar=360}
[01:41:54] rutasFiltradasSegunPlazoPedido: [[2210], [30705], [2216], [30765], [2222], [30825], [2211], [30706], [2217], [30766], [2223], [30826], [30707], [30767], [30827], [4439], [52995], [4445], [53055], [4428], [52876], [4434], [52936], [4440], [52996]]
[01:41:54] me llegó: 25 rutas, instante act: 2025-10-27T06:41:51.572268Z pedido: PedidoParaAlgoritmo{id=14, idAlmacenDestino=10, pedidas=71, entregadas=0, programadas=0, restante o pendientes=71, registro=2025-10-28T17:29:00Z, instanteEntregaMax=2025-10-30T17:29:00Z}
[01:41:54] score obtenido en ruta: 0.03825309284377923 ruta
[01:41:54] score obtenido en ruta: 0.03825309284377923 ruta
[01:41:54] score obtenido en ruta: 0.11375206 ruta
[01:41:54] score obtenido en ruta: 0.11375206 ruta
[01:41:54] score obtenido en ruta: 0.13334348514034122 ruta
[01:41:54] score obtenido en ruta: 0.13334348514034122 ruta
[01:41:54] score obtenido en ruta: 0.31155508638928064 ruta
[01:41:54] score obtenido en ruta: 0.31155508638928064 ruta
[01:41:54] score obtenido en ruta: 0.49635074675324675 ruta
[01:41:54] score obtenido en ruta: 0.49635074675324675 ruta
[01:41:54] score obtenido en ruta: 0.54902927301732 ruta
[01:41:54] score obtenido en ruta: 0.54902927301732 ruta
[01:41:54] score obtenido en ruta: 1.1486892729226361 ruta
[01:41:54] score obtenido en ruta: 2.1454830172413795 ruta
[01:41:54] score obtenido en ruta: 2.552480404509284 ruta
[01:41:54] score obtenido en ruta: 0.027328559409785142 ruta
[01:41:54] score obtenido en ruta: 0.027328559409785142 ruta
[01:41:54] score obtenido en ruta: 0.14443854001898135 ruta
[01:41:54] score obtenido en ruta: 0.14443854001898135 ruta
[01:41:54] score obtenido en ruta: 0.1486975517129929 ruta
[01:41:54] score obtenido en ruta: 0.1486975517129929 ruta
[01:41:54] score obtenido en ruta: 0.23753447682838522 ruta
[01:41:54] score obtenido en ruta: 0.23753447682838522 ruta
[01:41:54] score obtenido en ruta: 0.3407223380107305 ruta
[01:41:54] score obtenido en ruta: 0.3407223380107305 ruta
[01:41:54] puntajesPorRuta: {[2210]=0.03825309284377923, [2211]=0.31155508638928064, [2216]=0.11375206, [30825]=0.13334348514034122, [2217]=0.49635074675324675, [30826]=0.54902927301732, [30827]=2.552480404509284, [30765]=0.11375206, [2222]=0.13334348514034122, [30766]=0.49635074675324675, [2223]=0.54902927301732, [30767]=2.1454830172413795, [30705]=0.03825309284377923, [30706]=0.31155508638928064, [30707]=1.1486892729226361, [53055]=0.14443854001898135, [52995]=0.027328559409785142, [52996]=0.3407223380107305, [52936]=0.23753447682838522, [4428]=0.1486975517129929, [52876]=0.1486975517129929, [4434]=0.23753447682838522, [4439]=0.027328559409785142, [4440]=0.3407223380107305, [4445]=0.14443854001898135}
[01:41:54] construccionGRASPParaUnaRuta: Rutas que entraron a la RCL:  
[[30827], [30767], [30707], [30826], [2223]]
[01:41:54] Simulación del almacén destino hasta siguiente inicio: pe.edu.pucp.inf.pddsbackend.modelos.dominio.Almacen@44edb7db=0
[01:41:54] Generando rutas candidatas (inicio)
[01:41:58] EstadoGlobalMutableProblemaPlanificacion: Rutas para pedidos pendientes, cantidad:675
[01:41:58] planificar: Iteración 0: quedan 108 pedidos pendientes
[01:41:58] rutasConDestinoCompartido: [[2210], [30705], [2216], [30765], [2222], [30825], [2211], [30706], [2217], [30766], [2223], [30826], [30707], [30767], [30827], [4439], [52995], [4445], [53055], [4428], [52876], [4434], [52936], [4440], [52996]]
[01:41:58] Pedido: PedidoParaAlgoritmo{id=14, idAlmacenDestino=10, pedidas=71, entregadas=0, programadas=0, restante o pendientes=71, registro=2025-10-28T17:29:00Z, instanteEntregaMax=2025-10-30T17:29:00Z}
[01:41:58] Ruta: [2210]
[01:41:58] Último vuelo: VueloEntidad{id=2210, inicio=2025-10-27T12:09:00Z, fin=2025-10-27T18:13:00Z, idAlmacenOrigen=5, idAlmacenDestino=10, capacidadMaximaProductos=300, capacidadOcupadaProductos=0, capacidadSinOcupar=300}
[01:41:58] Ruta: [30705]
[01:41:58] Último vuelo: VueloEntidad{id=30705, inicio=2025-10-27T12:09:00Z, fin=2025-10-27T18:13:00Z, idAlmacenOrigen=5, idAlmacenDestino=10, capacidadMaximaProductos=300, capacidadOcupadaProductos=0, capacidadSinOcupar=300}
[01:41:58] Ruta: [2216]
[01:41:58] Último vuelo: VueloEntidad{id=2216, inicio=2025-10-27T20:55:00Z, fin=2025-10-28T02:59:00Z, idAlmacenOrigen=5, idAlmacenDestino=10, capacidadMaximaProductos=340, capacidadOcupadaProductos=0, capacidadSinOcupar=340}
[01:41:58] Ruta: [30765]
[01:41:58] Último vuelo: VueloEntidad{id=30765, inicio=2025-10-27T20:55:00Z, fin=2025-10-28T02:59:00Z, idAlmacenOrigen=5, idAlmacenDestino=10, capacidadMaximaProductos=340, capacidadOcupadaProductos=0, capacidadSinOcupar=340}
[01:41:58] Ruta: [2222]
[01:41:58] Último vuelo: VueloEntidad{id=2222, inicio=2025-10-27T22:51:00Z, fin=2025-10-28T04:55:00Z, idAlmacenOrigen=5, idAlmacenDestino=10, capacidadMaximaProductos=360, capacidadOcupadaProductos=0, capacidadSinOcupar=360}
[01:41:58] Ruta: [30825]
[01:41:58] Último vuelo: VueloEntidad{id=30825, inicio=2025-10-27T22:51:00Z, fin=2025-10-28T04:55:00Z, idAlmacenOrigen=5, idAlmacenDestino=10, capacidadMaximaProductos=360, capacidadOcupadaProductos=0, capacidadSinOcupar=360}
[01:41:58] Ruta: [2211]
[01:41:58] Último vuelo: VueloEntidad{id=2211, inicio=2025-10-28T12:09:00Z, fin=2025-10-28T18:13:00Z, idAlmacenOrigen=5, idAlmacenDestino=10, capacidadMaximaProductos=300, capacidadOcupadaProductos=0, capacidadSinOcupar=300}
[01:41:58] Ruta: [30706]
[01:41:58] Último vuelo: VueloEntidad{id=30706, inicio=2025-10-28T12:09:00Z, fin=2025-10-28T18:13:00Z, idAlmacenOrigen=5, idAlmacenDestino=10, capacidadMaximaProductos=300, capacidadOcupadaProductos=0, capacidadSinOcupar=300}
[01:41:58] Ruta: [2217]
[01:41:58] Último vuelo: VueloEntidad{id=2217, inicio=2025-10-28T20:55:00Z, fin=2025-10-29T02:59:00Z, idAlmacenOrigen=5, idAlmacenDestino=10, capacidadMaximaProductos=340, capacidadOcupadaProductos=0, capacidadSinOcupar=340}
[01:41:58] Ruta: [30766]
[01:41:58] Último vuelo: VueloEntidad{id=30766, inicio=2025-10-28T20:55:00Z, fin=2025-10-29T02:59:00Z, idAlmacenOrigen=5, idAlmacenDestino=10, capacidadMaximaProductos=340, capacidadOcupadaProductos=0, capacidadSinOcupar=340}
[01:41:58] Ruta: [2223]
[01:41:58] Último vuelo: VueloEntidad{id=2223, inicio=2025-10-28T22:51:00Z, fin=2025-10-29T04:55:00Z, idAlmacenOrigen=5, idAlmacenDestino=10, capacidadMaximaProductos=360, capacidadOcupadaProductos=0, capacidadSinOcupar=360}
[01:41:58] Ruta: [30826]
[01:41:58] Último vuelo: VueloEntidad{id=30826, inicio=2025-10-28T22:51:00Z, fin=2025-10-29T04:55:00Z, idAlmacenOrigen=5, idAlmacenDestino=10, capacidadMaximaProductos=360, capacidadOcupadaProductos=0, capacidadSinOcupar=360}
[01:41:58] Ruta: [30707]
[01:41:58] Último vuelo: VueloEntidad{id=30707, inicio=2025-10-29T12:09:00Z, fin=2025-10-29T18:13:00Z, idAlmacenOrigen=5, idAlmacenDestino=10, capacidadMaximaProductos=300, capacidadOcupadaProductos=0, capacidadSinOcupar=300}
[01:41:58] Ruta: [30767]
[01:41:58] Último vuelo: VueloEntidad{id=30767, inicio=2025-10-29T20:55:00Z, fin=2025-10-30T02:59:00Z, idAlmacenOrigen=5, idAlmacenDestino=10, capacidadMaximaProductos=340, capacidadOcupadaProductos=0, capacidadSinOcupar=340}
[01:41:58] Ruta: [30827]
[01:41:58] Último vuelo: VueloEntidad{id=30827, inicio=2025-10-29T22:51:00Z, fin=2025-10-30T04:55:00Z, idAlmacenOrigen=5, idAlmacenDestino=10, capacidadMaximaProductos=360, capacidadOcupadaProductos=0, capacidadSinOcupar=360}
[01:41:58] Ruta: [4439]
[01:41:58] Último vuelo: VueloEntidad{id=4439, inicio=2025-10-27T10:13:00Z, fin=2025-10-28T01:06:00Z, idAlmacenOrigen=14, idAlmacenDestino=10, capacidadMaximaProductos=360, capacidadOcupadaProductos=0, capacidadSinOcupar=360}
[01:41:58] Ruta: [52995]
[01:41:58] Último vuelo: VueloEntidad{id=52995, inicio=2025-10-27T10:13:00Z, fin=2025-10-28T01:06:00Z, idAlmacenOrigen=14, idAlmacenDestino=10, capacidadMaximaProductos=360, capacidadOcupadaProductos=0, capacidadSinOcupar=360}
[01:41:58] Ruta: [4445]
[01:41:58] Último vuelo: VueloEntidad{id=4445, inicio=2025-10-27T21:55:00Z, fin=2025-10-28T12:48:00Z, idAlmacenOrigen=14, idAlmacenDestino=10, capacidadMaximaProductos=320, capacidadOcupadaProductos=0, capacidadSinOcupar=320}
[01:41:58] Ruta: [53055]
[01:41:58] Último vuelo: VueloEntidad{id=53055, inicio=2025-10-27T21:55:00Z, fin=2025-10-28T12:48:00Z, idAlmacenOrigen=14, idAlmacenDestino=10, capacidadMaximaProductos=320, capacidadOcupadaProductos=0, capacidadSinOcupar=320}
[01:41:58] Ruta: [4428]
[01:41:58] Último vuelo: VueloEntidad{id=4428, inicio=2025-10-27T22:02:00Z, fin=2025-10-28T13:55:00Z, idAlmacenOrigen=14, idAlmacenDestino=10, capacidadMaximaProductos=340, capacidadOcupadaProductos=0, capacidadSinOcupar=340}
[01:41:58] Ruta: [52876]
[01:41:58] Último vuelo: VueloEntidad{id=52876, inicio=2025-10-27T22:02:00Z, fin=2025-10-28T13:55:00Z, idAlmacenOrigen=14, idAlmacenDestino=10, capacidadMaximaProductos=340, capacidadOcupadaProductos=0, capacidadSinOcupar=340}
[01:41:58] Ruta: [4434]
[01:41:58] Último vuelo: VueloEntidad{id=4434, inicio=2025-10-28T04:34:00Z, fin=2025-10-28T19:27:00Z, idAlmacenOrigen=14, idAlmacenDestino=10, capacidadMaximaProductos=360, capacidadOcupadaProductos=0, capacidadSinOcupar=360}
[01:41:58] Ruta: [52936]
[01:41:58] Último vuelo: VueloEntidad{id=52936, inicio=2025-10-28T04:34:00Z, fin=2025-10-28T19:27:00Z, idAlmacenOrigen=14, idAlmacenDestino=10, capacidadMaximaProductos=360, capacidadOcupadaProductos=0, capacidadSinOcupar=360}
[01:41:58] Ruta: [4440]
[01:41:58] Último vuelo: VueloEntidad{id=4440, inicio=2025-10-28T10:13:00Z, fin=2025-10-29T01:06:00Z, idAlmacenOrigen=14, idAlmacenDestino=10, capacidadMaximaProductos=360, capacidadOcupadaProductos=0, capacidadSinOcupar=360}
[01:41:58] Ruta: [52996]
[01:41:58] Último vuelo: VueloEntidad{id=52996, inicio=2025-10-28T10:13:00Z, fin=2025-10-29T01:06:00Z, idAlmacenOrigen=14, idAlmacenDestino=10, capacidadMaximaProductos=360, capacidadOcupadaProductos=0, capacidadSinOcupar=360}
[01:41:58] rutasFiltradasSegunPlazoPedido: [[2210], [30705], [2216], [30765], [2222], [30825], [2211], [30706], [2217], [30766], [2223], [30826], [30707], [30767], [30827], [4439], [52995], [4445], [53055], [4428], [52876], [4434], [52936], [4440], [52996]]
[01:41:58] me llegó: 25 rutas, instante act: 2025-10-27T06:41:54.457522Z pedido: PedidoParaAlgoritmo{id=14, idAlmacenDestino=10, pedidas=71, entregadas=0, programadas=0, restante o pendientes=71, registro=2025-10-28T17:29:00Z, instanteEntregaMax=2025-10-30T17:29:00Z}
[01:41:58] score obtenido en ruta: 0.03824747037729966 ruta
[01:41:58] score obtenido en ruta: 0.03824747037729966 ruta
[01:41:58] score obtenido en ruta: 0.1137456488888889 ruta
[01:41:58] score obtenido en ruta: 0.1137456488888889 ruta
[01:41:58] score obtenido en ruta: 0.1333368693817648 ruta
[01:41:58] score obtenido en ruta: 0.1333368693817648 ruta
[01:41:58] score obtenido en ruta: 0.3115466090738129 ruta
[01:41:58] score obtenido en ruta: 0.3115466090738129 ruta
[01:41:58] score obtenido en ruta: 0.49634033910533903 ruta
[01:41:58] score obtenido en ruta: 0.49634033910533903 ruta
[01:41:58] score obtenido en ruta: 0.5490183151017927 ruta
[01:41:58] score obtenido en ruta: 0.5490183151017927 ruta
[01:41:58] score obtenido en ruta: 1.1486720510983763 ruta
[01:41:58] score obtenido en ruta: 2.1454553831417624 ruta
[01:41:58] score obtenido en ruta: 2.552448519009726 ruta
[01:41:58] score obtenido en ruta: 0.02732233583570627 ruta
[01:41:58] score obtenido en ruta: 0.02732233583570627 ruta
[01:41:58] score obtenido en ruta: 0.14443093430349047 ruta
[01:41:58] score obtenido en ruta: 0.14443093430349047 ruta
[01:41:58] score obtenido en ruta: 0.14868978129713425 ruta
[01:41:58] score obtenido en ruta: 0.14868978129713425 ruta
[01:41:58] score obtenido en ruta: 0.23752577238715908 ruta
[01:41:58] score obtenido en ruta: 0.23752577238715908 ruta
[01:41:58] score obtenido en ruta: 0.34071241573806577 ruta
[01:41:58] score obtenido en ruta: 0.34071241573806577 ruta
[01:41:58] puntajesPorRuta: {[2210]=0.03824747037729966, [2211]=0.3115466090738129, [2216]=0.1137456488888889, [30825]=0.1333368693817648, [2217]=0.49634033910533903, [30826]=0.5490183151017927, [30827]=2.552448519009726, [30765]=0.1137456488888889, [2222]=0.1333368693817648, [30766]=0.49634033910533903, [2223]=0.5490183151017927, [30767]=2.1454553831417624, [30705]=0.03824747037729966, [30706]=0.3115466090738129, [30707]=1.1486720510983763, [53055]=0.14443093430349047, [52995]=0.02732233583570627, [52996]=0.34071241573806577, [52936]=0.23752577238715908, [4428]=0.14868978129713425, [52876]=0.14868978129713425, [4434]=0.23752577238715908, [4439]=0.02732233583570627, [4440]=0.34071241573806577, [4445]=0.14443093430349047}
[01:41:58] construccionGRASPParaUnaRuta: Rutas que entraron a la RCL:  
[[30827], [30767], [30707], [30826], [2223]]
[01:41:58] Simulación del almacén destino hasta siguiente inicio: pe.edu.pucp.inf.pddsbackend.modelos.dominio.Almacen@5a458e37=0
[01:41:58] Generando rutas candidatas (inicio)
[01:42:02] EstadoGlobalMutableProblemaPlanificacion: Rutas para pedidos pendientes, cantidad:675
[01:42:02] planificar: Iteración 0: quedan 108 pedidos pendientes
[01:42:02] rutasConDestinoCompartido: [[2210], [30705], [2216], [30765], [2222], [30825], [2211], [30706], [2217], [30766], [2223], [30826], [30707], [30767], [30827], [4439], [52995], [4445], [53055], [4428], [52876], [4434], [52936], [4440], [52996]]
[01:42:02] Pedido: PedidoParaAlgoritmo{id=14, idAlmacenDestino=10, pedidas=71, entregadas=0, programadas=0, restante o pendientes=71, registro=2025-10-28T17:29:00Z, instanteEntregaMax=2025-10-30T17:29:00Z}
[01:42:02] Ruta: [2210]
[01:42:02] Último vuelo: VueloEntidad{id=2210, inicio=2025-10-27T12:09:00Z, fin=2025-10-27T18:13:00Z, idAlmacenOrigen=5, idAlmacenDestino=10, capacidadMaximaProductos=300, capacidadOcupadaProductos=0, capacidadSinOcupar=300}
[01:42:02] Ruta: [30705]
[01:42:02] Último vuelo: VueloEntidad{id=30705, inicio=2025-10-27T12:09:00Z, fin=2025-10-27T18:13:00Z, idAlmacenOrigen=5, idAlmacenDestino=10, capacidadMaximaProductos=300, capacidadOcupadaProductos=0, capacidadSinOcupar=300}
[01:42:02] Ruta: [2216]
[01:42:02] Último vuelo: VueloEntidad{id=2216, inicio=2025-10-27T20:55:00Z, fin=2025-10-28T02:59:00Z, idAlmacenOrigen=5, idAlmacenDestino=10, capacidadMaximaProductos=340, capacidadOcupadaProductos=0, capacidadSinOcupar=340}
[01:42:02] Ruta: [30765]
[01:42:02] Último vuelo: VueloEntidad{id=30765, inicio=2025-10-27T20:55:00Z, fin=2025-10-28T02:59:00Z, idAlmacenOrigen=5, idAlmacenDestino=10, capacidadMaximaProductos=340, capacidadOcupadaProductos=0, capacidadSinOcupar=340}
[01:42:02] Ruta: [2222]
[01:42:02] Último vuelo: VueloEntidad{id=2222, inicio=2025-10-27T22:51:00Z, fin=2025-10-28T04:55:00Z, idAlmacenOrigen=5, idAlmacenDestino=10, capacidadMaximaProductos=360, capacidadOcupadaProductos=0, capacidadSinOcupar=360}
[01:42:02] Ruta: [30825]
[01:42:02] Último vuelo: VueloEntidad{id=30825, inicio=2025-10-27T22:51:00Z, fin=2025-10-28T04:55:00Z, idAlmacenOrigen=5, idAlmacenDestino=10, capacidadMaximaProductos=360, capacidadOcupadaProductos=0, capacidadSinOcupar=360}
[01:42:02] Ruta: [2211]
[01:42:02] Último vuelo: VueloEntidad{id=2211, inicio=2025-10-28T12:09:00Z, fin=2025-10-28T18:13:00Z, idAlmacenOrigen=5, idAlmacenDestino=10, capacidadMaximaProductos=300, capacidadOcupadaProductos=0, capacidadSinOcupar=300}
[01:42:02] Ruta: [30706]
[01:42:02] Último vuelo: VueloEntidad{id=30706, inicio=2025-10-28T12:09:00Z, fin=2025-10-28T18:13:00Z, idAlmacenOrigen=5, idAlmacenDestino=10, capacidadMaximaProductos=300, capacidadOcupadaProductos=0, capacidadSinOcupar=300}
[01:42:02] Ruta: [2217]
[01:42:02] Último vuelo: VueloEntidad{id=2217, inicio=2025-10-28T20:55:00Z, fin=2025-10-29T02:59:00Z, idAlmacenOrigen=5, idAlmacenDestino=10, capacidadMaximaProductos=340, capacidadOcupadaProductos=0, capacidadSinOcupar=340}
[01:42:02] Ruta: [30766]
[01:42:02] Último vuelo: VueloEntidad{id=30766, inicio=2025-10-28T20:55:00Z, fin=2025-10-29T02:59:00Z, idAlmacenOrigen=5, idAlmacenDestino=10, capacidadMaximaProductos=340, capacidadOcupadaProductos=0, capacidadSinOcupar=340}
[01:42:02] Ruta: [2223]
[01:42:02] Último vuelo: VueloEntidad{id=2223, inicio=2025-10-28T22:51:00Z, fin=2025-10-29T04:55:00Z, idAlmacenOrigen=5, idAlmacenDestino=10, capacidadMaximaProductos=360, capacidadOcupadaProductos=0, capacidadSinOcupar=360}
[01:42:02] Ruta: [30826]
[01:42:02] Último vuelo: VueloEntidad{id=30826, inicio=2025-10-28T22:51:00Z, fin=2025-10-29T04:55:00Z, idAlmacenOrigen=5, idAlmacenDestino=10, capacidadMaximaProductos=360, capacidadOcupadaProductos=0, capacidadSinOcupar=360}
[01:42:02] Ruta: [30707]
[01:42:02] Último vuelo: VueloEntidad{id=30707, inicio=2025-10-29T12:09:00Z, fin=2025-10-29T18:13:00Z, idAlmacenOrigen=5, idAlmacenDestino=10, capacidadMaximaProductos=300, capacidadOcupadaProductos=0, capacidadSinOcupar=300}
[01:42:02] Ruta: [30767]
[01:42:02] Último vuelo: VueloEntidad{id=30767, inicio=2025-10-29T20:55:00Z, fin=2025-10-30T02:59:00Z, idAlmacenOrigen=5, idAlmacenDestino=10, capacidadMaximaProductos=340, capacidadOcupadaProductos=0, capacidadSinOcupar=340}
[01:42:02] Ruta: [30827]
[01:42:02] Último vuelo: VueloEntidad{id=30827, inicio=2025-10-29T22:51:00Z, fin=2025-10-30T04:55:00Z, idAlmacenOrigen=5, idAlmacenDestino=10, capacidadMaximaProductos=360, capacidadOcupadaProductos=0, capacidadSinOcupar=360}
[01:42:02] Ruta: [4439]
[01:42:02] Último vuelo: VueloEntidad{id=4439, inicio=2025-10-27T10:13:00Z, fin=2025-10-28T01:06:00Z, idAlmacenOrigen=14, idAlmacenDestino=10, capacidadMaximaProductos=360, capacidadOcupadaProductos=0, capacidadSinOcupar=360}
[01:42:02] Ruta: [52995]
[01:42:02] Último vuelo: VueloEntidad{id=52995, inicio=2025-10-27T10:13:00Z, fin=2025-10-28T01:06:00Z, idAlmacenOrigen=14, idAlmacenDestino=10, capacidadMaximaProductos=360, capacidadOcupadaProductos=0, capacidadSinOcupar=360}
[01:42:02] Ruta: [4445]
[01:42:02] Último vuelo: VueloEntidad{id=4445, inicio=2025-10-27T21:55:00Z, fin=2025-10-28T12:48:00Z, idAlmacenOrigen=14, idAlmacenDestino=10, capacidadMaximaProductos=320, capacidadOcupadaProductos=0, capacidadSinOcupar=320}
[01:42:02] Ruta: [53055]
[01:42:02] Último vuelo: VueloEntidad{id=53055, inicio=2025-10-27T21:55:00Z, fin=2025-10-28T12:48:00Z, idAlmacenOrigen=14, idAlmacenDestino=10, capacidadMaximaProductos=320, capacidadOcupadaProductos=0, capacidadSinOcupar=320}
[01:42:02] Ruta: [4428]
[01:42:02] Último vuelo: VueloEntidad{id=4428, inicio=2025-10-27T22:02:00Z, fin=2025-10-28T13:55:00Z, idAlmacenOrigen=14, idAlmacenDestino=10, capacidadMaximaProductos=340, capacidadOcupadaProductos=0, capacidadSinOcupar=340}
[01:42:02] Ruta: [52876]
[01:42:02] Último vuelo: VueloEntidad{id=52876, inicio=2025-10-27T22:02:00Z, fin=2025-10-28T13:55:00Z, idAlmacenOrigen=14, idAlmacenDestino=10, capacidadMaximaProductos=340, capacidadOcupadaProductos=0, capacidadSinOcupar=340}
[01:42:02] Ruta: [4434]
[01:42:02] Último vuelo: VueloEntidad{id=4434, inicio=2025-10-28T04:34:00Z, fin=2025-10-28T19:27:00Z, idAlmacenOrigen=14, idAlmacenDestino=10, capacidadMaximaProductos=360, capacidadOcupadaProductos=0, capacidadSinOcupar=360}
[01:42:02] Ruta: [52936]
[01:42:02] Último vuelo: VueloEntidad{id=52936, inicio=2025-10-28T04:34:00Z, fin=2025-10-28T19:27:00Z, idAlmacenOrigen=14, idAlmacenDestino=10, capacidadMaximaProductos=360, capacidadOcupadaProductos=0, capacidadSinOcupar=360}
[01:42:02] Ruta: [4440]
[01:42:02] Último vuelo: VueloEntidad{id=4440, inicio=2025-10-28T10:13:00Z, fin=2025-10-29T01:06:00Z, idAlmacenOrigen=14, idAlmacenDestino=10, capacidadMaximaProductos=360, capacidadOcupadaProductos=0, capacidadSinOcupar=360}
[01:42:02] Ruta: [52996]
[01:42:02] Último vuelo: VueloEntidad{id=52996, inicio=2025-10-28T10:13:00Z, fin=2025-10-29T01:06:00Z, idAlmacenOrigen=14, idAlmacenDestino=10, capacidadMaximaProductos=360, capacidadOcupadaProductos=0, capacidadSinOcupar=360}
[01:42:02] rutasFiltradasSegunPlazoPedido: [[2210], [30705], [2216], [30765], [2222], [30825], [2211], [30706], [2217], [30766], [2223], [30826], [30707], [30767], [30827], [4439], [52995], [4445], [53055], [4428], [52876], [4434], [52936], [4440], [52996]]
[01:42:02] me llegó: 25 rutas, instante act: 2025-10-27T06:41:58.645004Z pedido: PedidoParaAlgoritmo{id=14, idAlmacenDestino=10, pedidas=71, entregadas=0, programadas=0, restante o pendientes=71, registro=2025-10-28T17:29:00Z, instanteEntregaMax=2025-10-30T17:29:00Z}
[01:42:02] score obtenido en ruta: 0.03823930854381041 ruta
[01:42:02] score obtenido en ruta: 0.03823930854381041 ruta
[01:42:02] score obtenido en ruta: 0.11373634222222222 ruta
[01:42:02] score obtenido en ruta: 0.11373634222222222 ruta
[01:42:02] score obtenido en ruta: 0.13332726563933223 ruta
[01:42:02] score obtenido en ruta: 0.13332726563933223 ruta
[01:42:02] score obtenido en ruta: 0.3115343030089328 ruta
[01:42:02] score obtenido en ruta: 0.3115343030089328 ruta
[01:42:02] score obtenido en ruta: 0.49632523088023084 ruta
[01:42:02] score obtenido en ruta: 0.49632523088023084 ruta
[01:42:02] score obtenido en ruta: 0.5490024080826497 ruta
[01:42:02] score obtenido en ruta: 0.5490024080826497 ruta
[01:42:02] score obtenido en ruta: 1.1486470510983762 ruta
[01:42:02] score obtenido en ruta: 2.145415268199234 ruta
[01:42:02] score obtenido en ruta: 2.5524022325375775 ruta
[01:42:02] score obtenido en ruta: 0.027313301406506167 ruta
[01:42:02] score obtenido en ruta: 0.027313301406506167 ruta
[01:42:02] score obtenido en ruta: 0.14441989349362017 ruta
[01:42:02] score obtenido en ruta: 0.14441989349362017 ruta
[01:42:02] score obtenido en ruta: 0.14867850140056021 ruta
[01:42:02] score obtenido en ruta: 0.14867850140056021 ruta
[01:42:02] score obtenido en ruta: 0.23751313661597878 ruta
[01:42:02] score obtenido en ruta: 0.23751313661597878 ruta
[01:42:02] score obtenido en ruta: 0.34069801210620443 ruta
[01:42:02] score obtenido en ruta: 0.34069801210620443 ruta
[01:42:02] puntajesPorRuta: {[2210]=0.03823930854381041, [2211]=0.3115343030089328, [2216]=0.11373634222222222, [30825]=0.13332726563933223, [2217]=0.49632523088023084, [30826]=0.5490024080826497, [30827]=2.5524022325375775, [30765]=0.11373634222222222, [2222]=0.13332726563933223, [30766]=0.49632523088023084, [2223]=0.5490024080826497, [30767]=2.145415268199234, [30705]=0.03823930854381041, [30706]=0.3115343030089328, [30707]=1.1486470510983762, [53055]=0.14441989349362017, [52995]=0.027313301406506167, [52996]=0.34069801210620443, [52936]=0.23751313661597878, [4428]=0.14867850140056021, [52876]=0.14867850140056021, [4434]=0.23751313661597878, [4439]=0.027313301406506167, [4440]=0.34069801210620443, [4445]=0.14441989349362017}
[01:42:02] construccionGRASPParaUnaRuta: Rutas que entraron a la RCL:  
[[30827], [30767], [30707], [30826], [2223]]
[01:42:02] Simulación del almacén destino hasta siguiente inicio: pe.edu.pucp.inf.pddsbackend.modelos.dominio.Almacen@6ffe34ea=0
[01:42:02] Generando rutas candidatas (inicio)
[01:42:06] EstadoGlobalMutableProblemaPlanificacion: Rutas para pedidos pendientes, cantidad:675
[01:42:06] planificar: Iteración 0: quedan 108 pedidos pendientes
[01:42:06] rutasConDestinoCompartido: [[2210], [30705], [2216], [30765], [2222], [30825], [2211], [30706], [2217], [30766], [2223], [30826], [30707], [30767], [30827], [4439], [52995], [4445], [53055], [4428], [52876], [4434], [52936], [4440], [52996]]
[01:42:06] Pedido: PedidoParaAlgoritmo{id=14, idAlmacenDestino=10, pedidas=71, entregadas=0, programadas=0, restante o pendientes=71, registro=2025-10-28T17:29:00Z, instanteEntregaMax=2025-10-30T17:29:00Z}
[01:42:06] Ruta: [2210]
[01:42:06] Último vuelo: VueloEntidad{id=2210, inicio=2025-10-27T12:09:00Z, fin=2025-10-27T18:13:00Z, idAlmacenOrigen=5, idAlmacenDestino=10, capacidadMaximaProductos=300, capacidadOcupadaProductos=0, capacidadSinOcupar=300}
[01:42:06] Ruta: [30705]
[01:42:06] Último vuelo: VueloEntidad{id=30705, inicio=2025-10-27T12:09:00Z, fin=2025-10-27T18:13:00Z, idAlmacenOrigen=5, idAlmacenDestino=10, capacidadMaximaProductos=300, capacidadOcupadaProductos=0, capacidadSinOcupar=300}
[01:42:06] Ruta: [2216]
[01:42:06] Último vuelo: VueloEntidad{id=2216, inicio=2025-10-27T20:55:00Z, fin=2025-10-28T02:59:00Z, idAlmacenOrigen=5, idAlmacenDestino=10, capacidadMaximaProductos=340, capacidadOcupadaProductos=0, capacidadSinOcupar=340}
[01:42:06] Ruta: [30765]
[01:42:06] Último vuelo: VueloEntidad{id=30765, inicio=2025-10-27T20:55:00Z, fin=2025-10-28T02:59:00Z, idAlmacenOrigen=5, idAlmacenDestino=10, capacidadMaximaProductos=340, capacidadOcupadaProductos=0, capacidadSinOcupar=340}
[01:42:06] Ruta: [2222]
[01:42:06] Último vuelo: VueloEntidad{id=2222, inicio=2025-10-27T22:51:00Z, fin=2025-10-28T04:55:00Z, idAlmacenOrigen=5, idAlmacenDestino=10, capacidadMaximaProductos=360, capacidadOcupadaProductos=0, capacidadSinOcupar=360}
[01:42:06] Ruta: [30825]
[01:42:06] Último vuelo: VueloEntidad{id=30825, inicio=2025-10-27T22:51:00Z, fin=2025-10-28T04:55:00Z, idAlmacenOrigen=5, idAlmacenDestino=10, capacidadMaximaProductos=360, capacidadOcupadaProductos=0, capacidadSinOcupar=360}
[01:42:06] Ruta: [2211]
[01:42:06] Último vuelo: VueloEntidad{id=2211, inicio=2025-10-28T12:09:00Z, fin=2025-10-28T18:13:00Z, idAlmacenOrigen=5, idAlmacenDestino=10, capacidadMaximaProductos=300, capacidadOcupadaProductos=0, capacidadSinOcupar=300}
[01:42:06] Ruta: [30706]
[01:42:06] Último vuelo: VueloEntidad{id=30706, inicio=2025-10-28T12:09:00Z, fin=2025-10-28T18:13:00Z, idAlmacenOrigen=5, idAlmacenDestino=10, capacidadMaximaProductos=300, capacidadOcupadaProductos=0, capacidadSinOcupar=300}
[01:42:06] Ruta: [2217]
[01:42:06] Último vuelo: VueloEntidad{id=2217, inicio=2025-10-28T20:55:00Z, fin=2025-10-29T02:59:00Z, idAlmacenOrigen=5, idAlmacenDestino=10, capacidadMaximaProductos=340, capacidadOcupadaProductos=0, capacidadSinOcupar=340}
[01:42:06] Ruta: [30766]
[01:42:06] Último vuelo: VueloEntidad{id=30766, inicio=2025-10-28T20:55:00Z, fin=2025-10-29T02:59:00Z, idAlmacenOrigen=5, idAlmacenDestino=10, capacidadMaximaProductos=340, capacidadOcupadaProductos=0, capacidadSinOcupar=340}
[01:42:06] Ruta: [2223]
[01:42:06] Último vuelo: VueloEntidad{id=2223, inicio=2025-10-28T22:51:00Z, fin=2025-10-29T04:55:00Z, idAlmacenOrigen=5, idAlmacenDestino=10, capacidadMaximaProductos=360, capacidadOcupadaProductos=0, capacidadSinOcupar=360}
[01:42:06] Ruta: [30826]
[01:42:06] Último vuelo: VueloEntidad{id=30826, inicio=2025-10-28T22:51:00Z, fin=2025-10-29T04:55:00Z, idAlmacenOrigen=5, idAlmacenDestino=10, capacidadMaximaProductos=360, capacidadOcupadaProductos=0, capacidadSinOcupar=360}
[01:42:06] Ruta: [30707]
[01:42:06] Último vuelo: VueloEntidad{id=30707, inicio=2025-10-29T12:09:00Z, fin=2025-10-29T18:13:00Z, idAlmacenOrigen=5, idAlmacenDestino=10, capacidadMaximaProductos=300, capacidadOcupadaProductos=0, capacidadSinOcupar=300}
[01:42:06] Ruta: [30767]
[01:42:06] Último vuelo: VueloEntidad{id=30767, inicio=2025-10-29T20:55:00Z, fin=2025-10-30T02:59:00Z, idAlmacenOrigen=5, idAlmacenDestino=10, capacidadMaximaProductos=340, capacidadOcupadaProductos=0, capacidadSinOcupar=340}
[01:42:06] Ruta: [30827]
[01:42:06] Último vuelo: VueloEntidad{id=30827, inicio=2025-10-29T22:51:00Z, fin=2025-10-30T04:55:00Z, idAlmacenOrigen=5, idAlmacenDestino=10, capacidadMaximaProductos=360, capacidadOcupadaProductos=0, capacidadSinOcupar=360}
[01:42:06] Ruta: [4439]
[01:42:06] Último vuelo: VueloEntidad{id=4439, inicio=2025-10-27T10:13:00Z, fin=2025-10-28T01:06:00Z, idAlmacenOrigen=14, idAlmacenDestino=10, capacidadMaximaProductos=360, capacidadOcupadaProductos=0, capacidadSinOcupar=360}
[01:42:06] Ruta: [52995]
[01:42:06] Último vuelo: VueloEntidad{id=52995, inicio=2025-10-27T10:13:00Z, fin=2025-10-28T01:06:00Z, idAlmacenOrigen=14, idAlmacenDestino=10, capacidadMaximaProductos=360, capacidadOcupadaProductos=0, capacidadSinOcupar=360}
[01:42:06] Ruta: [4445]
[01:42:06] Último vuelo: VueloEntidad{id=4445, inicio=2025-10-27T21:55:00Z, fin=2025-10-28T12:48:00Z, idAlmacenOrigen=14, idAlmacenDestino=10, capacidadMaximaProductos=320, capacidadOcupadaProductos=0, capacidadSinOcupar=320}
[01:42:06] Ruta: [53055]
[01:42:06] Último vuelo: VueloEntidad{id=53055, inicio=2025-10-27T21:55:00Z, fin=2025-10-28T12:48:00Z, idAlmacenOrigen=14, idAlmacenDestino=10, capacidadMaximaProductos=320, capacidadOcupadaProductos=0, capacidadSinOcupar=320}
[01:42:06] Ruta: [4428]
[01:42:06] Último vuelo: VueloEntidad{id=4428, inicio=2025-10-27T22:02:00Z, fin=2025-10-28T13:55:00Z, idAlmacenOrigen=14, idAlmacenDestino=10, capacidadMaximaProductos=340, capacidadOcupadaProductos=0, capacidadSinOcupar=340}
[01:42:06] Ruta: [52876]
[01:42:06] Último vuelo: VueloEntidad{id=52876, inicio=2025-10-27T22:02:00Z, fin=2025-10-28T13:55:00Z, idAlmacenOrigen=14, idAlmacenDestino=10, capacidadMaximaProductos=340, capacidadOcupadaProductos=0, capacidadSinOcupar=340}
[01:42:06] Ruta: [4434]
[01:42:06] Último vuelo: VueloEntidad{id=4434, inicio=2025-10-28T04:34:00Z, fin=2025-10-28T19:27:00Z, idAlmacenOrigen=14, idAlmacenDestino=10, capacidadMaximaProductos=360, capacidadOcupadaProductos=0, capacidadSinOcupar=360}
[01:42:06] Ruta: [52936]
[01:42:06] Último vuelo: VueloEntidad{id=52936, inicio=2025-10-28T04:34:00Z, fin=2025-10-28T19:27:00Z, idAlmacenOrigen=14, idAlmacenDestino=10, capacidadMaximaProductos=360, capacidadOcupadaProductos=0, capacidadSinOcupar=360}
[01:42:06] Ruta: [4440]
[01:42:06] Último vuelo: VueloEntidad{id=4440, inicio=2025-10-28T10:13:00Z, fin=2025-10-29T01:06:00Z, idAlmacenOrigen=14, idAlmacenDestino=10, capacidadMaximaProductos=360, capacidadOcupadaProductos=0, capacidadSinOcupar=360}
[01:42:06] Ruta: [52996]
[01:42:06] Último vuelo: VueloEntidad{id=52996, inicio=2025-10-28T10:13:00Z, fin=2025-10-29T01:06:00Z, idAlmacenOrigen=14, idAlmacenDestino=10, capacidadMaximaProductos=360, capacidadOcupadaProductos=0, capacidadSinOcupar=360}
[01:42:06] rutasFiltradasSegunPlazoPedido: [[2210], [30705], [2216], [30765], [2222], [30825], [2211], [30706], [2217], [30766], [2223], [30826], [30707], [30767], [30827], [4439], [52995], [4445], [53055], [4428], [52876], [4434], [52936], [4440], [52996]]
[01:42:06] me llegó: 25 rutas, instante act: 2025-10-27T06:42:02.535232200Z pedido: PedidoParaAlgoritmo{id=14, idAlmacenDestino=10, pedidas=71, entregadas=0, programadas=0, restante o pendientes=71, registro=2025-10-28T17:29:00Z, instanteEntregaMax=2025-10-30T17:29:00Z}
[01:42:06] score obtenido en ruta: 0.03823172747115684 ruta
[01:42:06] score obtenido en ruta: 0.03823172747115684 ruta
[01:42:06] score obtenido en ruta: 0.11372769777777778 ruta
[01:42:06] score obtenido en ruta: 0.11372769777777778 ruta
[01:42:06] score obtenido en ruta: 0.13331834525775088 ruta
[01:42:06] score obtenido en ruta: 0.13331834525775088 ruta
[01:42:06] score obtenido en ruta: 0.3115228725905031 ruta
[01:42:06] score obtenido en ruta: 0.3115228725905031 ruta
[01:42:06] score obtenido en ruta: 0.4963111976911977 ruta
[01:42:06] score obtenido en ruta: 0.4963111976911977 ruta
[01:42:06] score obtenido en ruta: 0.5489876329383166 ruta
[01:42:06] score obtenido en ruta: 0.5489876329383166 ruta
[01:42:06] score obtenido en ruta: 1.148623829990449 ruta
[01:42:06] score obtenido en ruta: 2.1453780076628353 ruta
[01:42:06] score obtenido en ruta: 2.552359239610964 ruta
[01:42:06] score obtenido en ruta: 0.027304909828285442 ruta
[01:42:06] score obtenido en ruta: 0.027304909828285442 ruta
[01:42:06] score obtenido en ruta: 0.144409638300116 ruta
[01:42:06] score obtenido en ruta: 0.144409638300116 ruta
[01:42:06] score obtenido en ruta: 0.14866802413273 ruta
[01:42:06] score obtenido en ruta: 0.14866802413273 ruta
[01:42:06] score obtenido en ruta: 0.2375013999517258 ruta
[01:42:06] score obtenido en ruta: 0.2375013999517258 ruta
[01:42:06] score obtenido en ruta: 0.34068463337460453 ruta
[01:42:06] score obtenido en ruta: 0.34068463337460453 ruta
[01:42:06] puntajesPorRuta: {[2210]=0.03823172747115684, [2211]=0.3115228725905031, [2216]=0.11372769777777778, [30825]=0.13331834525775088, [2217]=0.4963111976911977, [30826]=0.5489876329383166, [30827]=2.552359239610964, [30765]=0.11372769777777778, [2222]=0.13331834525775088, [30766]=0.4963111976911977, [2223]=0.5489876329383166, [30767]=2.1453780076628353, [30705]=0.03823172747115684, [30706]=0.3115228725905031, [30707]=1.148623829990449, [53055]=0.144409638300116, [52995]=0.027304909828285442, [52996]=0.34068463337460453, [52936]=0.2375013999517258, [4428]=0.14866802413273, [52876]=0.14866802413273, [4434]=0.2375013999517258, [4439]=0.027304909828285442, [4440]=0.34068463337460453, [4445]=0.144409638300116}
[01:42:06] construccionGRASPParaUnaRuta: Rutas que entraron a la RCL:  
[[30827], [30767], [30707], [30826], [2223]]
[01:42:06] Simulación del almacén destino hasta siguiente inicio: pe.edu.pucp.inf.pddsbackend.modelos.dominio.Almacen@166b33d8=0
[01:42:06] Generando rutas candidatas (inicio)
[01:42:09] EstadoGlobalMutableProblemaPlanificacion: Rutas para pedidos pendientes, cantidad:675
[01:42:09] planificar: Iteración 0: quedan 108 pedidos pendientes
[01:42:09] rutasConDestinoCompartido: [[2210], [30705], [2216], [30765], [2222], [30825], [2211], [30706], [2217], [30766], [2223], [30826], [30707], [30767], [30827], [4439], [52995], [4445], [53055], [4428], [52876], [4434], [52936], [4440], [52996]]
[01:42:09] Pedido: PedidoParaAlgoritmo{id=14, idAlmacenDestino=10, pedidas=71, entregadas=0, programadas=0, restante o pendientes=71, registro=2025-10-28T17:29:00Z, instanteEntregaMax=2025-10-30T17:29:00Z}
[01:42:09] Ruta: [2210]
[01:42:09] Último vuelo: VueloEntidad{id=2210, inicio=2025-10-27T12:09:00Z, fin=2025-10-27T18:13:00Z, idAlmacenOrigen=5, idAlmacenDestino=10, capacidadMaximaProductos=300, capacidadOcupadaProductos=0, capacidadSinOcupar=300}
[01:42:09] Ruta: [30705]
[01:42:09] Último vuelo: VueloEntidad{id=30705, inicio=2025-10-27T12:09:00Z, fin=2025-10-27T18:13:00Z, idAlmacenOrigen=5, idAlmacenDestino=10, capacidadMaximaProductos=300, capacidadOcupadaProductos=0, capacidadSinOcupar=300}
[01:42:09] Ruta: [2216]
[01:42:09] Último vuelo: VueloEntidad{id=2216, inicio=2025-10-27T20:55:00Z, fin=2025-10-28T02:59:00Z, idAlmacenOrigen=5, idAlmacenDestino=10, capacidadMaximaProductos=340, capacidadOcupadaProductos=0, capacidadSinOcupar=340}
[01:42:09] Ruta: [30765]
[01:42:09] Último vuelo: VueloEntidad{id=30765, inicio=2025-10-27T20:55:00Z, fin=2025-10-28T02:59:00Z, idAlmacenOrigen=5, idAlmacenDestino=10, capacidadMaximaProductos=340, capacidadOcupadaProductos=0, capacidadSinOcupar=340}
[01:42:09] Ruta: [2222]
[01:42:09] Último vuelo: VueloEntidad{id=2222, inicio=2025-10-27T22:51:00Z, fin=2025-10-28T04:55:00Z, idAlmacenOrigen=5, idAlmacenDestino=10, capacidadMaximaProductos=360, capacidadOcupadaProductos=0, capacidadSinOcupar=360}
[01:42:09] Ruta: [30825]
[01:42:09] Último vuelo: VueloEntidad{id=30825, inicio=2025-10-27T22:51:00Z, fin=2025-10-28T04:55:00Z, idAlmacenOrigen=5, idAlmacenDestino=10, capacidadMaximaProductos=360, capacidadOcupadaProductos=0, capacidadSinOcupar=360}
[01:42:09] Ruta: [2211]
[01:42:09] Último vuelo: VueloEntidad{id=2211, inicio=2025-10-28T12:09:00Z, fin=2025-10-28T18:13:00Z, idAlmacenOrigen=5, idAlmacenDestino=10, capacidadMaximaProductos=300, capacidadOcupadaProductos=0, capacidadSinOcupar=300}
[01:42:09] Ruta: [30706]
[01:42:09] Último vuelo: VueloEntidad{id=30706, inicio=2025-10-28T12:09:00Z, fin=2025-10-28T18:13:00Z, idAlmacenOrigen=5, idAlmacenDestino=10, capacidadMaximaProductos=300, capacidadOcupadaProductos=0, capacidadSinOcupar=300}
[01:42:09] Ruta: [2217]
[01:42:09] Último vuelo: VueloEntidad{id=2217, inicio=2025-10-28T20:55:00Z, fin=2025-10-29T02:59:00Z, idAlmacenOrigen=5, idAlmacenDestino=10, capacidadMaximaProductos=340, capacidadOcupadaProductos=0, capacidadSinOcupar=340}
[01:42:09] Ruta: [30766]
[01:42:09] Último vuelo: VueloEntidad{id=30766, inicio=2025-10-28T20:55:00Z, fin=2025-10-29T02:59:00Z, idAlmacenOrigen=5, idAlmacenDestino=10, capacidadMaximaProductos=340, capacidadOcupadaProductos=0, capacidadSinOcupar=340}
[01:42:09] Ruta: [2223]
[01:42:09] Último vuelo: VueloEntidad{id=2223, inicio=2025-10-28T22:51:00Z, fin=2025-10-29T04:55:00Z, idAlmacenOrigen=5, idAlmacenDestino=10, capacidadMaximaProductos=360, capacidadOcupadaProductos=0, capacidadSinOcupar=360}
[01:42:09] Ruta: [30826]
[01:42:09] Último vuelo: VueloEntidad{id=30826, inicio=2025-10-28T22:51:00Z, fin=2025-10-29T04:55:00Z, idAlmacenOrigen=5, idAlmacenDestino=10, capacidadMaximaProductos=360, capacidadOcupadaProductos=0, capacidadSinOcupar=360}
[01:42:09] Ruta: [30707]
[01:42:09] Último vuelo: VueloEntidad{id=30707, inicio=2025-10-29T12:09:00Z, fin=2025-10-29T18:13:00Z, idAlmacenOrigen=5, idAlmacenDestino=10, capacidadMaximaProductos=300, capacidadOcupadaProductos=0, capacidadSinOcupar=300}
[01:42:09] Ruta: [30767]
[01:42:09] Último vuelo: VueloEntidad{id=30767, inicio=2025-10-29T20:55:00Z, fin=2025-10-30T02:59:00Z, idAlmacenOrigen=5, idAlmacenDestino=10, capacidadMaximaProductos=340, capacidadOcupadaProductos=0, capacidadSinOcupar=340}
[01:42:09] Ruta: [30827]
[01:42:09] Último vuelo: VueloEntidad{id=30827, inicio=2025-10-29T22:51:00Z, fin=2025-10-30T04:55:00Z, idAlmacenOrigen=5, idAlmacenDestino=10, capacidadMaximaProductos=360, capacidadOcupadaProductos=0, capacidadSinOcupar=360}
[01:42:09] Ruta: [4439]
[01:42:09] Último vuelo: VueloEntidad{id=4439, inicio=2025-10-27T10:13:00Z, fin=2025-10-28T01:06:00Z, idAlmacenOrigen=14, idAlmacenDestino=10, capacidadMaximaProductos=360, capacidadOcupadaProductos=0, capacidadSinOcupar=360}
[01:42:09] Ruta: [52995]
[01:42:09] Último vuelo: VueloEntidad{id=52995, inicio=2025-10-27T10:13:00Z, fin=2025-10-28T01:06:00Z, idAlmacenOrigen=14, idAlmacenDestino=10, capacidadMaximaProductos=360, capacidadOcupadaProductos=0, capacidadSinOcupar=360}
[01:42:09] Ruta: [4445]
[01:42:09] Último vuelo: VueloEntidad{id=4445, inicio=2025-10-27T21:55:00Z, fin=2025-10-28T12:48:00Z, idAlmacenOrigen=14, idAlmacenDestino=10, capacidadMaximaProductos=320, capacidadOcupadaProductos=0, capacidadSinOcupar=320}
[01:42:09] Ruta: [53055]
[01:42:09] Último vuelo: VueloEntidad{id=53055, inicio=2025-10-27T21:55:00Z, fin=2025-10-28T12:48:00Z, idAlmacenOrigen=14, idAlmacenDestino=10, capacidadMaximaProductos=320, capacidadOcupadaProductos=0, capacidadSinOcupar=320}
[01:42:09] Ruta: [4428]
[01:42:09] Último vuelo: VueloEntidad{id=4428, inicio=2025-10-27T22:02:00Z, fin=2025-10-28T13:55:00Z, idAlmacenOrigen=14, idAlmacenDestino=10, capacidadMaximaProductos=340, capacidadOcupadaProductos=0, capacidadSinOcupar=340}
[01:42:09] Ruta: [52876]
[01:42:09] Último vuelo: VueloEntidad{id=52876, inicio=2025-10-27T22:02:00Z, fin=2025-10-28T13:55:00Z, idAlmacenOrigen=14, idAlmacenDestino=10, capacidadMaximaProductos=340, capacidadOcupadaProductos=0, capacidadSinOcupar=340}
[01:42:09] Ruta: [4434]
[01:42:09] Último vuelo: VueloEntidad{id=4434, inicio=2025-10-28T04:34:00Z, fin=2025-10-28T19:27:00Z, idAlmacenOrigen=14, idAlmacenDestino=10, capacidadMaximaProductos=360, capacidadOcupadaProductos=0, capacidadSinOcupar=360}
[01:42:09] Ruta: [52936]
[01:42:09] Último vuelo: VueloEntidad{id=52936, inicio=2025-10-28T04:34:00Z, fin=2025-10-28T19:27:00Z, idAlmacenOrigen=14, idAlmacenDestino=10, capacidadMaximaProductos=360, capacidadOcupadaProductos=0, capacidadSinOcupar=360}
[01:42:09] Ruta: [4440]
[01:42:09] Último vuelo: VueloEntidad{id=4440, inicio=2025-10-28T10:13:00Z, fin=2025-10-29T01:06:00Z, idAlmacenOrigen=14, idAlmacenDestino=10, capacidadMaximaProductos=360, capacidadOcupadaProductos=0, capacidadSinOcupar=360}
[01:42:09] Ruta: [52996]
[01:42:09] Último vuelo: VueloEntidad{id=52996, inicio=2025-10-28T10:13:00Z, fin=2025-10-29T01:06:00Z, idAlmacenOrigen=14, idAlmacenDestino=10, capacidadMaximaProductos=360, capacidadOcupadaProductos=0, capacidadSinOcupar=360}
[01:42:09] rutasFiltradasSegunPlazoPedido: [[2210], [30705], [2216], [30765], [2222], [30825], [2211], [30706], [2217], [30766], [2223], [30826], [30707], [30767], [30827], [4439], [52995], [4445], [53055], [4428], [52876], [4434], [52936], [4440], [52996]]
[01:42:09] me llegó: 25 rutas, instante act: 2025-10-27T06:42:06.343355100Z pedido: PedidoParaAlgoritmo{id=14, idAlmacenDestino=10, pedidas=71, entregadas=0, programadas=0, restante o pendientes=71, registro=2025-10-28T17:29:00Z, instanteEntregaMax=2025-10-30T17:29:00Z}
[01:42:09] score obtenido en ruta: 0.038224306205176174 ruta
[01:42:09] score obtenido en ruta: 0.038224306205176174 ruta
[01:42:09] score obtenido en ruta: 0.11371923555555556 ruta
[01:42:09] score obtenido en ruta: 0.11371923555555556 ruta
[01:42:09] score obtenido en ruta: 0.13330961291506147 ruta
[01:42:09] score obtenido en ruta: 0.13330961291506147 ruta
[01:42:09] score obtenido en ruta: 0.31151168312176775 ruta
[01:42:09] score obtenido en ruta: 0.31151168312176775 ruta
[01:42:09] score obtenido en ruta: 0.49629746031746025 ruta
[01:42:09] score obtenido en ruta: 0.49629746031746025 ruta
[01:42:09] score obtenido en ruta: 0.5489731692494682 ruta
[01:42:09] score obtenido en ruta: 0.5489731692494682 ruta
[01:42:09] score obtenido en ruta: 1.1486010983763133 ruta
[01:42:09] score obtenido en ruta: 2.1453415325670497 ruta
[01:42:09] score obtenido en ruta: 2.5523171529619804 ruta
[01:42:09] score obtenido en ruta: 0.027296695141944948 ruta
[01:42:09] score obtenido en ruta: 0.027296695141944948 ruta
[01:42:09] score obtenido en ruta: 0.14439959928292734 ruta
[01:42:09] score obtenido en ruta: 0.14439959928292734 ruta
[01:42:09] score obtenido en ruta: 0.1486577677224736 ruta
[01:42:09] score obtenido en ruta: 0.1486577677224736 ruta
[01:42:09] score obtenido en ruta: 0.23748991069273473 ruta
[01:42:09] score obtenido en ruta: 0.23748991069273473 ruta
[01:42:09] score obtenido en ruta: 0.3406715366625396 ruta
[01:42:09] score obtenido en ruta: 0.3406715366625396 ruta
[01:42:09] puntajesPorRuta: {[2210]=0.038224306205176174, [2211]=0.31151168312176775, [2216]=0.11371923555555556, [30825]=0.13330961291506147, [2217]=0.49629746031746025, [30826]=0.5489731692494682, [30827]=2.5523171529619804, [30765]=0.11371923555555556, [2222]=0.13330961291506147, [30766]=0.49629746031746025, [2223]=0.5489731692494682, [30767]=2.1453415325670497, [30705]=0.038224306205176174, [30706]=0.31151168312176775, [30707]=1.1486010983763133, [53055]=0.14439959928292734, [52995]=0.027296695141944948, [52996]=0.3406715366625396, [52936]=0.23748991069273473, [4428]=0.1486577677224736, [52876]=0.1486577677224736, [4434]=0.23748991069273473, [4439]=0.027296695141944948, [4440]=0.3406715366625396, [4445]=0.14439959928292734}
[01:42:09] construccionGRASPParaUnaRuta: Rutas que entraron a la RCL:  
[[30827], [30767], [30707], [30826], [2223]]
[01:42:09] Simulación del almacén destino hasta siguiente inicio: pe.edu.pucp.inf.pddsbackend.modelos.dominio.Almacen@7e4416bd=0
[01:42:09] Generando rutas candidatas (inicio)
[01:42:12] EstadoGlobalMutableProblemaPlanificacion: Rutas para pedidos pendientes, cantidad:675
[01:42:12] planificar: Iteración 0: quedan 108 pedidos pendientes
[01:42:12] rutasConDestinoCompartido: [[2210], [30705], [2216], [30765], [2222], [30825], [2211], [30706], [2217], [30766], [2223], [30826], [30707], [30767], [30827], [4439], [52995], [4445], [53055], [4428], [52876], [4434], [52936], [4440], [52996]]
[01:42:12] Pedido: PedidoParaAlgoritmo{id=14, idAlmacenDestino=10, pedidas=71, entregadas=0, programadas=0, restante o pendientes=71, registro=2025-10-28T17:29:00Z, instanteEntregaMax=2025-10-30T17:29:00Z}
[01:42:12] Ruta: [2210]
[01:42:12] Último vuelo: VueloEntidad{id=2210, inicio=2025-10-27T12:09:00Z, fin=2025-10-27T18:13:00Z, idAlmacenOrigen=5, idAlmacenDestino=10, capacidadMaximaProductos=300, capacidadOcupadaProductos=0, capacidadSinOcupar=300}
[01:42:12] Ruta: [30705]
[01:42:12] Último vuelo: VueloEntidad{id=30705, inicio=2025-10-27T12:09:00Z, fin=2025-10-27T18:13:00Z, idAlmacenOrigen=5, idAlmacenDestino=10, capacidadMaximaProductos=300, capacidadOcupadaProductos=0, capacidadSinOcupar=300}
[01:42:12] Ruta: [2216]
[01:42:12] Último vuelo: VueloEntidad{id=2216, inicio=2025-10-27T20:55:00Z, fin=2025-10-28T02:59:00Z, idAlmacenOrigen=5, idAlmacenDestino=10, capacidadMaximaProductos=340, capacidadOcupadaProductos=0, capacidadSinOcupar=340}
[01:42:12] Ruta: [30765]
[01:42:12] Último vuelo: VueloEntidad{id=30765, inicio=2025-10-27T20:55:00Z, fin=2025-10-28T02:59:00Z, idAlmacenOrigen=5, idAlmacenDestino=10, capacidadMaximaProductos=340, capacidadOcupadaProductos=0, capacidadSinOcupar=340}
[01:42:12] Ruta: [2222]
[01:42:12] Último vuelo: VueloEntidad{id=2222, inicio=2025-10-27T22:51:00Z, fin=2025-10-28T04:55:00Z, idAlmacenOrigen=5, idAlmacenDestino=10, capacidadMaximaProductos=360, capacidadOcupadaProductos=0, capacidadSinOcupar=360}
[01:42:12] Ruta: [30825]
[01:42:12] Último vuelo: VueloEntidad{id=30825, inicio=2025-10-27T22:51:00Z, fin=2025-10-28T04:55:00Z, idAlmacenOrigen=5, idAlmacenDestino=10, capacidadMaximaProductos=360, capacidadOcupadaProductos=0, capacidadSinOcupar=360}
[01:42:12] Ruta: [2211]
[01:42:12] Último vuelo: VueloEntidad{id=2211, inicio=2025-10-28T12:09:00Z, fin=2025-10-28T18:13:00Z, idAlmacenOrigen=5, idAlmacenDestino=10, capacidadMaximaProductos=300, capacidadOcupadaProductos=0, capacidadSinOcupar=300}
[01:42:12] Ruta: [30706]
[01:42:12] Último vuelo: VueloEntidad{id=30706, inicio=2025-10-28T12:09:00Z, fin=2025-10-28T18:13:00Z, idAlmacenOrigen=5, idAlmacenDestino=10, capacidadMaximaProductos=300, capacidadOcupadaProductos=0, capacidadSinOcupar=300}
[01:42:12] Ruta: [2217]
[01:42:12] Último vuelo: VueloEntidad{id=2217, inicio=2025-10-28T20:55:00Z, fin=2025-10-29T02:59:00Z, idAlmacenOrigen=5, idAlmacenDestino=10, capacidadMaximaProductos=340, capacidadOcupadaProductos=0, capacidadSinOcupar=340}
[01:42:12] Ruta: [30766]
[01:42:12] Último vuelo: VueloEntidad{id=30766, inicio=2025-10-28T20:55:00Z, fin=2025-10-29T02:59:00Z, idAlmacenOrigen=5, idAlmacenDestino=10, capacidadMaximaProductos=340, capacidadOcupadaProductos=0, capacidadSinOcupar=340}
[01:42:12] Ruta: [2223]
[01:42:12] Último vuelo: VueloEntidad{id=2223, inicio=2025-10-28T22:51:00Z, fin=2025-10-29T04:55:00Z, idAlmacenOrigen=5, idAlmacenDestino=10, capacidadMaximaProductos=360, capacidadOcupadaProductos=0, capacidadSinOcupar=360}
[01:42:12] Ruta: [30826]
[01:42:12] Último vuelo: VueloEntidad{id=30826, inicio=2025-10-28T22:51:00Z, fin=2025-10-29T04:55:00Z, idAlmacenOrigen=5, idAlmacenDestino=10, capacidadMaximaProductos=360, capacidadOcupadaProductos=0, capacidadSinOcupar=360}
[01:42:12] Ruta: [30707]
[01:42:12] Último vuelo: VueloEntidad{id=30707, inicio=2025-10-29T12:09:00Z, fin=2025-10-29T18:13:00Z, idAlmacenOrigen=5, idAlmacenDestino=10, capacidadMaximaProductos=300, capacidadOcupadaProductos=0, capacidadSinOcupar=300}
[01:42:12] Ruta: [30767]
[01:42:12] Último vuelo: VueloEntidad{id=30767, inicio=2025-10-29T20:55:00Z, fin=2025-10-30T02:59:00Z, idAlmacenOrigen=5, idAlmacenDestino=10, capacidadMaximaProductos=340, capacidadOcupadaProductos=0, capacidadSinOcupar=340}
[01:42:12] Ruta: [30827]
[01:42:12] Último vuelo: VueloEntidad{id=30827, inicio=2025-10-29T22:51:00Z, fin=2025-10-30T04:55:00Z, idAlmacenOrigen=5, idAlmacenDestino=10, capacidadMaximaProductos=360, capacidadOcupadaProductos=0, capacidadSinOcupar=360}
[01:42:12] Ruta: [4439]
[01:42:12] Último vuelo: VueloEntidad{id=4439, inicio=2025-10-27T10:13:00Z, fin=2025-10-28T01:06:00Z, idAlmacenOrigen=14, idAlmacenDestino=10, capacidadMaximaProductos=360, capacidadOcupadaProductos=0, capacidadSinOcupar=360}
[01:42:12] Ruta: [52995]
[01:42:12] Último vuelo: VueloEntidad{id=52995, inicio=2025-10-27T10:13:00Z, fin=2025-10-28T01:06:00Z, idAlmacenOrigen=14, idAlmacenDestino=10, capacidadMaximaProductos=360, capacidadOcupadaProductos=0, capacidadSinOcupar=360}
[01:42:12] Ruta: [4445]
[01:42:12] Último vuelo: VueloEntidad{id=4445, inicio=2025-10-27T21:55:00Z, fin=2025-10-28T12:48:00Z, idAlmacenOrigen=14, idAlmacenDestino=10, capacidadMaximaProductos=320, capacidadOcupadaProductos=0, capacidadSinOcupar=320}
[01:42:12] Ruta: [53055]
[01:42:12] Último vuelo: VueloEntidad{id=53055, inicio=2025-10-27T21:55:00Z, fin=2025-10-28T12:48:00Z, idAlmacenOrigen=14, idAlmacenDestino=10, capacidadMaximaProductos=320, capacidadOcupadaProductos=0, capacidadSinOcupar=320}
[01:42:12] Ruta: [4428]
[01:42:12] Último vuelo: VueloEntidad{id=4428, inicio=2025-10-27T22:02:00Z, fin=2025-10-28T13:55:00Z, idAlmacenOrigen=14, idAlmacenDestino=10, capacidadMaximaProductos=340, capacidadOcupadaProductos=0, capacidadSinOcupar=340}
[01:42:12] Ruta: [52876]
[01:42:12] Último vuelo: VueloEntidad{id=52876, inicio=2025-10-27T22:02:00Z, fin=2025-10-28T13:55:00Z, idAlmacenOrigen=14, idAlmacenDestino=10, capacidadMaximaProductos=340, capacidadOcupadaProductos=0, capacidadSinOcupar=340}
[01:42:12] Ruta: [4434]
[01:42:12] Último vuelo: VueloEntidad{id=4434, inicio=2025-10-28T04:34:00Z, fin=2025-10-28T19:27:00Z, idAlmacenOrigen=14, idAlmacenDestino=10, capacidadMaximaProductos=360, capacidadOcupadaProductos=0, capacidadSinOcupar=360}
[01:42:12] Ruta: [52936]
[01:42:12] Último vuelo: VueloEntidad{id=52936, inicio=2025-10-28T04:34:00Z, fin=2025-10-28T19:27:00Z, idAlmacenOrigen=14, idAlmacenDestino=10, capacidadMaximaProductos=360, capacidadOcupadaProductos=0, capacidadSinOcupar=360}
[01:42:12] Ruta: [4440]
[01:42:12] Último vuelo: VueloEntidad{id=4440, inicio=2025-10-28T10:13:00Z, fin=2025-10-29T01:06:00Z, idAlmacenOrigen=14, idAlmacenDestino=10, capacidadMaximaProductos=360, capacidadOcupadaProductos=0, capacidadSinOcupar=360}
[01:42:12] Ruta: [52996]
[01:42:12] Último vuelo: VueloEntidad{id=52996, inicio=2025-10-28T10:13:00Z, fin=2025-10-29T01:06:00Z, idAlmacenOrigen=14, idAlmacenDestino=10, capacidadMaximaProductos=360, capacidadOcupadaProductos=0, capacidadSinOcupar=360}
[01:42:12] rutasFiltradasSegunPlazoPedido: [[2210], [30705], [2216], [30765], [2222], [30825], [2211], [30706], [2217], [30766], [2223], [30826], [30707], [30767], [30827], [4439], [52995], [4445], [53055], [4428], [52876], [4434], [52936], [4440], [52996]]
[01:42:12] me llegó: 25 rutas, instante act: 2025-10-27T06:42:09.556061900Z pedido: PedidoParaAlgoritmo{id=14, idAlmacenDestino=10, pedidas=71, entregadas=0, programadas=0, restante o pendientes=71, registro=2025-10-28T17:29:00Z, instanteEntregaMax=2025-10-30T17:29:00Z}
[01:42:12] score obtenido en ruta: 0.03821804451200499 ruta
[01:42:12] score obtenido en ruta: 0.03821804451200499 ruta
[01:42:12] score obtenido en ruta: 0.11371209555555556 ruta
[01:42:12] score obtenido en ruta: 0.11371209555555556 ruta
[01:42:12] score obtenido en ruta: 0.13330224500091725 ruta
[01:42:12] score obtenido en ruta: 0.13330224500091725 ruta
[01:42:12] score obtenido en ruta: 0.31150224200752236 ruta
[01:42:12] score obtenido en ruta: 0.31150224200752236 ruta
[01:42:12] score obtenido en ruta: 0.4962858694083694 ruta
[01:42:12] score obtenido en ruta: 0.4962858694083694 ruta
[01:42:12] score obtenido en ruta: 0.5489609655120025 ruta
[01:42:12] score obtenido en ruta: 0.5489609655120025 ruta
[01:42:12] score obtenido en ruta: 1.1485819185768864 ruta
[01:42:12] score obtenido en ruta: 2.1453107567049807 ruta
[01:42:12] score obtenido en ruta: 2.552281642351901 ruta
[01:42:12] score obtenido en ruta: 0.027289764000345152 ruta
[01:42:12] score obtenido en ruta: 0.027289764000345152 ruta
[01:42:12] score obtenido en ruta: 0.14439112886217442 ruta
[01:42:12] score obtenido en ruta: 0.14439112886217442 ruta
[01:42:12] score obtenido en ruta: 0.14864911387631977 ruta
[01:42:12] score obtenido en ruta: 0.14864911387631977 ruta
[01:42:12] score obtenido en ruta: 0.237480216630461 ruta
[01:42:12] score obtenido en ruta: 0.237480216630461 ruta
[01:42:12] score obtenido en ruta: 0.3406604863117348 ruta
[01:42:12] score obtenido en ruta: 0.3406604863117348 ruta
[01:42:12] puntajesPorRuta: {[2210]=0.03821804451200499, [2211]=0.31150224200752236, [2216]=0.11371209555555556, [30825]=0.13330224500091725, [2217]=0.4962858694083694, [30826]=0.5489609655120025, [30827]=2.552281642351901, [30765]=0.11371209555555556, [2222]=0.13330224500091725, [30766]=0.4962858694083694, [2223]=0.5489609655120025, [30767]=2.1453107567049807, [30705]=0.03821804451200499, [30706]=0.31150224200752236, [30707]=1.1485819185768864, [53055]=0.14439112886217442, [52995]=0.027289764000345152, [52996]=0.3406604863117348, [52936]=0.237480216630461, [4428]=0.14864911387631977, [52876]=0.14864911387631977, [4434]=0.237480216630461, [4439]=0.027289764000345152, [4440]=0.3406604863117348, [4445]=0.14439112886217442}
[01:42:12] construccionGRASPParaUnaRuta: Rutas que entraron a la RCL:  
[[30827], [30767], [30707], [30826], [2223]]
[01:42:12] Simulación del almacén destino hasta siguiente inicio: pe.edu.pucp.inf.pddsbackend.modelos.dominio.Almacen@52e187bb=0
[01:42:12] Generando rutas candidatas (inicio)
[01:42:15] EstadoGlobalMutableProblemaPlanificacion: Rutas para pedidos pendientes, cantidad:675
[01:42:15] planificar: Iteración 0: quedan 108 pedidos pendientes
[01:42:15] rutasConDestinoCompartido: [[2210], [30705], [2216], [30765], [2222], [30825], [2211], [30706], [2217], [30766], [2223], [30826], [30707], [30767], [30827], [4439], [52995], [4445], [53055], [4428], [52876], [4434], [52936], [4440], [52996]]
[01:42:15] Pedido: PedidoParaAlgoritmo{id=14, idAlmacenDestino=10, pedidas=71, entregadas=0, programadas=0, restante o pendientes=71, registro=2025-10-28T17:29:00Z, instanteEntregaMax=2025-10-30T17:29:00Z}
[01:42:15] Ruta: [2210]
[01:42:15] Último vuelo: VueloEntidad{id=2210, inicio=2025-10-27T12:09:00Z, fin=2025-10-27T18:13:00Z, idAlmacenOrigen=5, idAlmacenDestino=10, capacidadMaximaProductos=300, capacidadOcupadaProductos=0, capacidadSinOcupar=300}
[01:42:15] Ruta: [30705]
[01:42:15] Último vuelo: VueloEntidad{id=30705, inicio=2025-10-27T12:09:00Z, fin=2025-10-27T18:13:00Z, idAlmacenOrigen=5, idAlmacenDestino=10, capacidadMaximaProductos=300, capacidadOcupadaProductos=0, capacidadSinOcupar=300}
[01:42:15] Ruta: [2216]
[01:42:15] Último vuelo: VueloEntidad{id=2216, inicio=2025-10-27T20:55:00Z, fin=2025-10-28T02:59:00Z, idAlmacenOrigen=5, idAlmacenDestino=10, capacidadMaximaProductos=340, capacidadOcupadaProductos=0, capacidadSinOcupar=340}
[01:42:15] Ruta: [30765]
[01:42:15] Último vuelo: VueloEntidad{id=30765, inicio=2025-10-27T20:55:00Z, fin=2025-10-28T02:59:00Z, idAlmacenOrigen=5, idAlmacenDestino=10, capacidadMaximaProductos=340, capacidadOcupadaProductos=0, capacidadSinOcupar=340}
[01:42:15] Ruta: [2222]
[01:42:15] Último vuelo: VueloEntidad{id=2222, inicio=2025-10-27T22:51:00Z, fin=2025-10-28T04:55:00Z, idAlmacenOrigen=5, idAlmacenDestino=10, capacidadMaximaProductos=360, capacidadOcupadaProductos=0, capacidadSinOcupar=360}
[01:42:15] Ruta: [30825]
[01:42:15] Último vuelo: VueloEntidad{id=30825, inicio=2025-10-27T22:51:00Z, fin=2025-10-28T04:55:00Z, idAlmacenOrigen=5, idAlmacenDestino=10, capacidadMaximaProductos=360, capacidadOcupadaProductos=0, capacidadSinOcupar=360}
[01:42:15] Ruta: [2211]
[01:42:15] Último vuelo: VueloEntidad{id=2211, inicio=2025-10-28T12:09:00Z, fin=2025-10-28T18:13:00Z, idAlmacenOrigen=5, idAlmacenDestino=10, capacidadMaximaProductos=300, capacidadOcupadaProductos=0, capacidadSinOcupar=300}
[01:42:15] Ruta: [30706]
[01:42:15] Último vuelo: VueloEntidad{id=30706, inicio=2025-10-28T12:09:00Z, fin=2025-10-28T18:13:00Z, idAlmacenOrigen=5, idAlmacenDestino=10, capacidadMaximaProductos=300, capacidadOcupadaProductos=0, capacidadSinOcupar=300}
[01:42:15] Ruta: [2217]
[01:42:15] Último vuelo: VueloEntidad{id=2217, inicio=2025-10-28T20:55:00Z, fin=2025-10-29T02:59:00Z, idAlmacenOrigen=5, idAlmacenDestino=10, capacidadMaximaProductos=340, capacidadOcupadaProductos=0, capacidadSinOcupar=340}
[01:42:15] Ruta: [30766]
[01:42:15] Último vuelo: VueloEntidad{id=30766, inicio=2025-10-28T20:55:00Z, fin=2025-10-29T02:59:00Z, idAlmacenOrigen=5, idAlmacenDestino=10, capacidadMaximaProductos=340, capacidadOcupadaProductos=0, capacidadSinOcupar=340}
[01:42:15] Ruta: [2223]
[01:42:15] Último vuelo: VueloEntidad{id=2223, inicio=2025-10-28T22:51:00Z, fin=2025-10-29T04:55:00Z, idAlmacenOrigen=5, idAlmacenDestino=10, capacidadMaximaProductos=360, capacidadOcupadaProductos=0, capacidadSinOcupar=360}
[01:42:15] Ruta: [30826]
[01:42:15] Último vuelo: VueloEntidad{id=30826, inicio=2025-10-28T22:51:00Z, fin=2025-10-29T04:55:00Z, idAlmacenOrigen=5, idAlmacenDestino=10, capacidadMaximaProductos=360, capacidadOcupadaProductos=0, capacidadSinOcupar=360}
[01:42:15] Ruta: [30707]
[01:42:15] Último vuelo: VueloEntidad{id=30707, inicio=2025-10-29T12:09:00Z, fin=2025-10-29T18:13:00Z, idAlmacenOrigen=5, idAlmacenDestino=10, capacidadMaximaProductos=300, capacidadOcupadaProductos=0, capacidadSinOcupar=300}
[01:42:15] Ruta: [30767]
[01:42:15] Último vuelo: VueloEntidad{id=30767, inicio=2025-10-29T20:55:00Z, fin=2025-10-30T02:59:00Z, idAlmacenOrigen=5, idAlmacenDestino=10, capacidadMaximaProductos=340, capacidadOcupadaProductos=0, capacidadSinOcupar=340}
[01:42:15] Ruta: [30827]
[01:42:15] Último vuelo: VueloEntidad{id=30827, inicio=2025-10-29T22:51:00Z, fin=2025-10-30T04:55:00Z, idAlmacenOrigen=5, idAlmacenDestino=10, capacidadMaximaProductos=360, capacidadOcupadaProductos=0, capacidadSinOcupar=360}
[01:42:15] Ruta: [4439]
[01:42:15] Último vuelo: VueloEntidad{id=4439, inicio=2025-10-27T10:13:00Z, fin=2025-10-28T01:06:00Z, idAlmacenOrigen=14, idAlmacenDestino=10, capacidadMaximaProductos=360, capacidadOcupadaProductos=0, capacidadSinOcupar=360}
[01:42:15] Ruta: [52995]
[01:42:15] Último vuelo: VueloEntidad{id=52995, inicio=2025-10-27T10:13:00Z, fin=2025-10-28T01:06:00Z, idAlmacenOrigen=14, idAlmacenDestino=10, capacidadMaximaProductos=360, capacidadOcupadaProductos=0, capacidadSinOcupar=360}
[01:42:15] Ruta: [4445]
[01:42:15] Último vuelo: VueloEntidad{id=4445, inicio=2025-10-27T21:55:00Z, fin=2025-10-28T12:48:00Z, idAlmacenOrigen=14, idAlmacenDestino=10, capacidadMaximaProductos=320, capacidadOcupadaProductos=0, capacidadSinOcupar=320}
[01:42:15] Ruta: [53055]
[01:42:15] Último vuelo: VueloEntidad{id=53055, inicio=2025-10-27T21:55:00Z, fin=2025-10-28T12:48:00Z, idAlmacenOrigen=14, idAlmacenDestino=10, capacidadMaximaProductos=320, capacidadOcupadaProductos=0, capacidadSinOcupar=320}
[01:42:15] Ruta: [4428]
[01:42:15] Último vuelo: VueloEntidad{id=4428, inicio=2025-10-27T22:02:00Z, fin=2025-10-28T13:55:00Z, idAlmacenOrigen=14, idAlmacenDestino=10, capacidadMaximaProductos=340, capacidadOcupadaProductos=0, capacidadSinOcupar=340}
[01:42:15] Ruta: [52876]
[01:42:15] Último vuelo: VueloEntidad{id=52876, inicio=2025-10-27T22:02:00Z, fin=2025-10-28T13:55:00Z, idAlmacenOrigen=14, idAlmacenDestino=10, capacidadMaximaProductos=340, capacidadOcupadaProductos=0, capacidadSinOcupar=340}
[01:42:15] Ruta: [4434]
[01:42:15] Último vuelo: VueloEntidad{id=4434, inicio=2025-10-28T04:34:00Z, fin=2025-10-28T19:27:00Z, idAlmacenOrigen=14, idAlmacenDestino=10, capacidadMaximaProductos=360, capacidadOcupadaProductos=0, capacidadSinOcupar=360}
[01:42:15] Ruta: [52936]
[01:42:15] Último vuelo: VueloEntidad{id=52936, inicio=2025-10-28T04:34:00Z, fin=2025-10-28T19:27:00Z, idAlmacenOrigen=14, idAlmacenDestino=10, capacidadMaximaProductos=360, capacidadOcupadaProductos=0, capacidadSinOcupar=360}
[01:42:15] Ruta: [4440]
[01:42:15] Último vuelo: VueloEntidad{id=4440, inicio=2025-10-28T10:13:00Z, fin=2025-10-29T01:06:00Z, idAlmacenOrigen=14, idAlmacenDestino=10, capacidadMaximaProductos=360, capacidadOcupadaProductos=0, capacidadSinOcupar=360}
[01:42:15] Ruta: [52996]
[01:42:15] Último vuelo: VueloEntidad{id=52996, inicio=2025-10-28T10:13:00Z, fin=2025-10-29T01:06:00Z, idAlmacenOrigen=14, idAlmacenDestino=10, capacidadMaximaProductos=360, capacidadOcupadaProductos=0, capacidadSinOcupar=360}
[01:42:15] rutasFiltradasSegunPlazoPedido: [[2210], [30705], [2216], [30765], [2222], [30825], [2211], [30706], [2217], [30766], [2223], [30826], [30707], [30767], [30827], [4439], [52995], [4445], [53055], [4428], [52876], [4434], [52936], [4440], [52996]]
[01:42:15] me llegó: 25 rutas, instante act: 2025-10-27T06:42:12.198413600Z pedido: PedidoParaAlgoritmo{id=14, idAlmacenDestino=10, pedidas=71, entregadas=0, programadas=0, restante o pendientes=71, registro=2025-10-28T17:29:00Z, instanteEntregaMax=2025-10-30T17:29:00Z}
[01:42:15] score obtenido en ruta: 0.03821289561895853 ruta
[01:42:15] score obtenido en ruta: 0.03821289561895853 ruta
[01:42:15] score obtenido en ruta: 0.11370622444444445 ruta
[01:42:15] score obtenido en ruta: 0.11370622444444445 ruta
[01:42:15] score obtenido en ruta: 0.13329618647954503 ruta
[01:42:15] score obtenido en ruta: 0.13329618647954503 ruta
[01:42:15] score obtenido en ruta: 0.3114944787259051 ruta
[01:42:15] score obtenido en ruta: 0.3114944787259051 ruta
[01:42:15] score obtenido en ruta: 0.4962763383838384 ruta
[01:42:15] score obtenido en ruta: 0.4962763383838384 ruta
[01:42:15] score obtenido en ruta: 0.5489509305682164 ruta
[01:42:15] score obtenido en ruta: 0.5489509305682164 ruta
[01:42:15] score obtenido en ruta: 1.1485661473256925 ruta
[01:42:15] score obtenido en ruta: 2.145285450191571 ruta
[01:42:15] score obtenido en ruta: 2.5522524425287356 ruta
[01:42:15] score obtenido en ruta: 0.027284064630252826 ruta
[01:42:15] score obtenido en ruta: 0.027284064630252826 ruta
[01:42:15] score obtenido en ruta: 0.1443841637667405 ruta
[01:42:15] score obtenido en ruta: 0.1443841637667405 ruta
[01:42:15] score obtenido en ruta: 0.14864199795302738 ruta
[01:42:15] score obtenido en ruta: 0.14864199795302738 ruta
[01:42:15] score obtenido en ruta: 0.23747224535360853 ruta
[01:42:15] score obtenido en ruta: 0.23747224535360853 ruta
[01:42:15] score obtenido en ruta: 0.34065139977988723 ruta
[01:42:15] score obtenido en ruta: 0.34065139977988723 ruta
[01:42:15] puntajesPorRuta: {[2210]=0.03821289561895853, [2211]=0.3114944787259051, [2216]=0.11370622444444445, [30825]=0.13329618647954503, [2217]=0.4962763383838384, [30826]=0.5489509305682164, [30827]=2.5522524425287356, [30765]=0.11370622444444445, [2222]=0.13329618647954503, [30766]=0.4962763383838384, [2223]=0.5489509305682164, [30767]=2.145285450191571, [30705]=0.03821289561895853, [30706]=0.3114944787259051, [30707]=1.1485661473256925, [53055]=0.1443841637667405, [52995]=0.027284064630252826, [52996]=0.34065139977988723, [52936]=0.23747224535360853, [4428]=0.14864199795302738, [52876]=0.14864199795302738, [4434]=0.23747224535360853, [4439]=0.027284064630252826, [4440]=0.34065139977988723, [4445]=0.1443841637667405}
[01:42:15] construccionGRASPParaUnaRuta: Rutas que entraron a la RCL:  
[[30827], [30767], [30707], [30826], [2223]]
[01:42:15] Simulación del almacén destino hasta siguiente inicio: pe.edu.pucp.inf.pddsbackend.modelos.dominio.Almacen@25d7bf70=0
[01:42:15] Generando rutas candidatas (inicio)
[01:42:17] EstadoGlobalMutableProblemaPlanificacion: Rutas para pedidos pendientes, cantidad:675
[01:42:17] planificar: Iteración 0: quedan 108 pedidos pendientes
[01:42:17] rutasConDestinoCompartido: [[2210], [30705], [2216], [30765], [2222], [30825], [2211], [30706], [2217], [30766], [2223], [30826], [30707], [30767], [30827], [4439], [52995], [4445], [53055], [4428], [52876], [4434], [52936], [4440], [52996]]
[01:42:17] Pedido: PedidoParaAlgoritmo{id=14, idAlmacenDestino=10, pedidas=71, entregadas=0, programadas=0, restante o pendientes=71, registro=2025-10-28T17:29:00Z, instanteEntregaMax=2025-10-30T17:29:00Z}
[01:42:17] Ruta: [2210]
[01:42:17] Último vuelo: VueloEntidad{id=2210, inicio=2025-10-27T12:09:00Z, fin=2025-10-27T18:13:00Z, idAlmacenOrigen=5, idAlmacenDestino=10, capacidadMaximaProductos=300, capacidadOcupadaProductos=0, capacidadSinOcupar=300}
[01:42:17] Ruta: [30705]
[01:42:17] Último vuelo: VueloEntidad{id=30705, inicio=2025-10-27T12:09:00Z, fin=2025-10-27T18:13:00Z, idAlmacenOrigen=5, idAlmacenDestino=10, capacidadMaximaProductos=300, capacidadOcupadaProductos=0, capacidadSinOcupar=300}
[01:42:17] Ruta: [2216]
[01:42:17] Último vuelo: VueloEntidad{id=2216, inicio=2025-10-27T20:55:00Z, fin=2025-10-28T02:59:00Z, idAlmacenOrigen=5, idAlmacenDestino=10, capacidadMaximaProductos=340, capacidadOcupadaProductos=0, capacidadSinOcupar=340}
[01:42:17] Ruta: [30765]
[01:42:17] Último vuelo: VueloEntidad{id=30765, inicio=2025-10-27T20:55:00Z, fin=2025-10-28T02:59:00Z, idAlmacenOrigen=5, idAlmacenDestino=10, capacidadMaximaProductos=340, capacidadOcupadaProductos=0, capacidadSinOcupar=340}
[01:42:17] Ruta: [2222]
[01:42:17] Último vuelo: VueloEntidad{id=2222, inicio=2025-10-27T22:51:00Z, fin=2025-10-28T04:55:00Z, idAlmacenOrigen=5, idAlmacenDestino=10, capacidadMaximaProductos=360, capacidadOcupadaProductos=0, capacidadSinOcupar=360}
[01:42:17] Ruta: [30825]
[01:42:17] Último vuelo: VueloEntidad{id=30825, inicio=2025-10-27T22:51:00Z, fin=2025-10-28T04:55:00Z, idAlmacenOrigen=5, idAlmacenDestino=10, capacidadMaximaProductos=360, capacidadOcupadaProductos=0, capacidadSinOcupar=360}
[01:42:17] Ruta: [2211]
[01:42:17] Último vuelo: VueloEntidad{id=2211, inicio=2025-10-28T12:09:00Z, fin=2025-10-28T18:13:00Z, idAlmacenOrigen=5, idAlmacenDestino=10, capacidadMaximaProductos=300, capacidadOcupadaProductos=0, capacidadSinOcupar=300}
[01:42:17] Ruta: [30706]
[01:42:17] Último vuelo: VueloEntidad{id=30706, inicio=2025-10-28T12:09:00Z, fin=2025-10-28T18:13:00Z, idAlmacenOrigen=5, idAlmacenDestino=10, capacidadMaximaProductos=300, capacidadOcupadaProductos=0, capacidadSinOcupar=300}
[01:42:17] Ruta: [2217]
[01:42:17] Último vuelo: VueloEntidad{id=2217, inicio=2025-10-28T20:55:00Z, fin=2025-10-29T02:59:00Z, idAlmacenOrigen=5, idAlmacenDestino=10, capacidadMaximaProductos=340, capacidadOcupadaProductos=0, capacidadSinOcupar=340}
[01:42:17] Ruta: [30766]
[01:42:17] Último vuelo: VueloEntidad{id=30766, inicio=2025-10-28T20:55:00Z, fin=2025-10-29T02:59:00Z, idAlmacenOrigen=5, idAlmacenDestino=10, capacidadMaximaProductos=340, capacidadOcupadaProductos=0, capacidadSinOcupar=340}
[01:42:17] Ruta: [2223]
[01:42:17] Último vuelo: VueloEntidad{id=2223, inicio=2025-10-28T22:51:00Z, fin=2025-10-29T04:55:00Z, idAlmacenOrigen=5, idAlmacenDestino=10, capacidadMaximaProductos=360, capacidadOcupadaProductos=0, capacidadSinOcupar=360}
[01:42:17] Ruta: [30826]
[01:42:17] Último vuelo: VueloEntidad{id=30826, inicio=2025-10-28T22:51:00Z, fin=2025-10-29T04:55:00Z, idAlmacenOrigen=5, idAlmacenDestino=10, capacidadMaximaProductos=360, capacidadOcupadaProductos=0, capacidadSinOcupar=360}
[01:42:17] Ruta: [30707]
[01:42:17] Último vuelo: VueloEntidad{id=30707, inicio=2025-10-29T12:09:00Z, fin=2025-10-29T18:13:00Z, idAlmacenOrigen=5, idAlmacenDestino=10, capacidadMaximaProductos=300, capacidadOcupadaProductos=0, capacidadSinOcupar=300}
[01:42:17] Ruta: [30767]
[01:42:17] Último vuelo: VueloEntidad{id=30767, inicio=2025-10-29T20:55:00Z, fin=2025-10-30T02:59:00Z, idAlmacenOrigen=5, idAlmacenDestino=10, capacidadMaximaProductos=340, capacidadOcupadaProductos=0, capacidadSinOcupar=340}
[01:42:17] Ruta: [30827]
[01:42:17] Último vuelo: VueloEntidad{id=30827, inicio=2025-10-29T22:51:00Z, fin=2025-10-30T04:55:00Z, idAlmacenOrigen=5, idAlmacenDestino=10, capacidadMaximaProductos=360, capacidadOcupadaProductos=0, capacidadSinOcupar=360}
[01:42:17] Ruta: [4439]
[01:42:17] Último vuelo: VueloEntidad{id=4439, inicio=2025-10-27T10:13:00Z, fin=2025-10-28T01:06:00Z, idAlmacenOrigen=14, idAlmacenDestino=10, capacidadMaximaProductos=360, capacidadOcupadaProductos=0, capacidadSinOcupar=360}
[01:42:17] Ruta: [52995]
[01:42:17] Último vuelo: VueloEntidad{id=52995, inicio=2025-10-27T10:13:00Z, fin=2025-10-28T01:06:00Z, idAlmacenOrigen=14, idAlmacenDestino=10, capacidadMaximaProductos=360, capacidadOcupadaProductos=0, capacidadSinOcupar=360}
[01:42:17] Ruta: [4445]
[01:42:17] Último vuelo: VueloEntidad{id=4445, inicio=2025-10-27T21:55:00Z, fin=2025-10-28T12:48:00Z, idAlmacenOrigen=14, idAlmacenDestino=10, capacidadMaximaProductos=320, capacidadOcupadaProductos=0, capacidadSinOcupar=320}
[01:42:17] Ruta: [53055]
[01:42:17] Último vuelo: VueloEntidad{id=53055, inicio=2025-10-27T21:55:00Z, fin=2025-10-28T12:48:00Z, idAlmacenOrigen=14, idAlmacenDestino=10, capacidadMaximaProductos=320, capacidadOcupadaProductos=0, capacidadSinOcupar=320}
[01:42:17] Ruta: [4428]
[01:42:17] Último vuelo: VueloEntidad{id=4428, inicio=2025-10-27T22:02:00Z, fin=2025-10-28T13:55:00Z, idAlmacenOrigen=14, idAlmacenDestino=10, capacidadMaximaProductos=340, capacidadOcupadaProductos=0, capacidadSinOcupar=340}
[01:42:17] Ruta: [52876]
[01:42:17] Último vuelo: VueloEntidad{id=52876, inicio=2025-10-27T22:02:00Z, fin=2025-10-28T13:55:00Z, idAlmacenOrigen=14, idAlmacenDestino=10, capacidadMaximaProductos=340, capacidadOcupadaProductos=0, capacidadSinOcupar=340}
[01:42:17] Ruta: [4434]
[01:42:17] Último vuelo: VueloEntidad{id=4434, inicio=2025-10-28T04:34:00Z, fin=2025-10-28T19:27:00Z, idAlmacenOrigen=14, idAlmacenDestino=10, capacidadMaximaProductos=360, capacidadOcupadaProductos=0, capacidadSinOcupar=360}
[01:42:17] Ruta: [52936]
[01:42:17] Último vuelo: VueloEntidad{id=52936, inicio=2025-10-28T04:34:00Z, fin=2025-10-28T19:27:00Z, idAlmacenOrigen=14, idAlmacenDestino=10, capacidadMaximaProductos=360, capacidadOcupadaProductos=0, capacidadSinOcupar=360}
[01:42:17] Ruta: [4440]
[01:42:17] Último vuelo: VueloEntidad{id=4440, inicio=2025-10-28T10:13:00Z, fin=2025-10-29T01:06:00Z, idAlmacenOrigen=14, idAlmacenDestino=10, capacidadMaximaProductos=360, capacidadOcupadaProductos=0, capacidadSinOcupar=360}
[01:42:17] Ruta: [52996]
[01:42:17] Último vuelo: VueloEntidad{id=52996, inicio=2025-10-28T10:13:00Z, fin=2025-10-29T01:06:00Z, idAlmacenOrigen=14, idAlmacenDestino=10, capacidadMaximaProductos=360, capacidadOcupadaProductos=0, capacidadSinOcupar=360}
[01:42:17] rutasFiltradasSegunPlazoPedido: [[2210], [30705], [2216], [30765], [2222], [30825], [2211], [30706], [2217], [30766], [2223], [30826], [30707], [30767], [30827], [4439], [52995], [4445], [53055], [4428], [52876], [4434], [52936], [4440], [52996]]
[01:42:17] me llegó: 25 rutas, instante act: 2025-10-27T06:42:15.048051900Z pedido: PedidoParaAlgoritmo{id=14, idAlmacenDestino=10, pedidas=71, entregadas=0, programadas=0, restante o pendientes=71, registro=2025-10-28T17:29:00Z, instanteEntregaMax=2025-10-30T17:29:00Z}
[01:42:17] score obtenido en ruta: 0.03820734136264422 ruta
[01:42:17] score obtenido en ruta: 0.03820734136264422 ruta
[01:42:17] score obtenido en ruta: 0.11369989111111112 ruta
[01:42:17] score obtenido en ruta: 0.11369989111111112 ruta
[01:42:17] score obtenido en ruta: 0.1332896509814713 ruta
[01:42:17] score obtenido en ruta: 0.1332896509814713 ruta
[01:42:17] score obtenido en ruta: 0.311486104254819 ruta
[01:42:17] score obtenido en ruta: 0.311486104254819 ruta
[01:42:17] score obtenido en ruta: 0.496266056998557 ruta
[01:42:17] score obtenido en ruta: 0.496266056998557 ruta
[01:42:17] score obtenido en ruta: 0.5489401055910058 ruta
[01:42:17] score obtenido en ruta: 0.5489401055910058 ruta
[01:42:17] score obtenido en ruta: 1.1485491344317096 ruta
[01:42:17] score obtenido en ruta: 2.1452581513409963 ruta
[01:42:17] score obtenido en ruta: 2.5522209438549956 ruta
[01:42:17] score obtenido en ruta: 0.02727791655880576 ruta
[01:42:17] score obtenido en ruta: 0.02727791655880576 ruta
[01:42:17] score obtenido en ruta: 0.1443766503216282 ruta
[01:42:17] score obtenido en ruta: 0.1443766503216282 ruta
[01:42:17] score obtenido en ruta: 0.14863432180564534 ruta
[01:42:17] score obtenido en ruta: 0.14863432180564534 ruta
[01:42:17] score obtenido en ruta: 0.23746364651218924 ruta
[01:42:17] score obtenido en ruta: 0.23746364651218924 ruta
[01:42:17] score obtenido en ruta: 0.34064159788141424 ruta
[01:42:17] score obtenido en ruta: 0.34064159788141424 ruta
[01:42:17] puntajesPorRuta: {[2210]=0.03820734136264422, [2211]=0.311486104254819, [2216]=0.11369989111111112, [30825]=0.1332896509814713, [2217]=0.496266056998557, [30826]=0.5489401055910058, [30827]=2.5522209438549956, [30765]=0.11369989111111112, [2222]=0.1332896509814713, [30766]=0.496266056998557, [2223]=0.5489401055910058, [30767]=2.1452581513409963, [30705]=0.03820734136264422, [30706]=0.311486104254819, [30707]=1.1485491344317096, [53055]=0.1443766503216282, [52995]=0.02727791655880576, [52996]=0.34064159788141424, [52936]=0.23746364651218924, [4428]=0.14863432180564534, [52876]=0.14863432180564534, [4434]=0.23746364651218924, [4439]=0.02727791655880576, [4440]=0.34064159788141424, [4445]=0.1443766503216282}
[01:42:17] construccionGRASPParaUnaRuta: Rutas que entraron a la RCL:  
[[30827], [30767], [30707], [30826], [2223]]
[01:42:17] Simulación del almacén destino hasta siguiente inicio: pe.edu.pucp.inf.pddsbackend.modelos.dominio.Almacen@5b7dd66c=0
[01:42:17] Generando rutas candidatas (inicio)
[01:42:21] EstadoGlobalMutableProblemaPlanificacion: Rutas para pedidos pendientes, cantidad:675
[01:42:21] planificar: Iteración 0: quedan 108 pedidos pendientes
[01:42:21] rutasConDestinoCompartido: [[2210], [30705], [2216], [30765], [2222], [30825], [2211], [30706], [2217], [30766], [2223], [30826], [30707], [30767], [30827], [4439], [52995], [4445], [53055], [4428], [52876], [4434], [52936], [4440], [52996]]
[01:42:21] Pedido: PedidoParaAlgoritmo{id=14, idAlmacenDestino=10, pedidas=71, entregadas=0, programadas=0, restante o pendientes=71, registro=2025-10-28T17:29:00Z, instanteEntregaMax=2025-10-30T17:29:00Z}
[01:42:21] Ruta: [2210]
[01:42:21] Último vuelo: VueloEntidad{id=2210, inicio=2025-10-27T12:09:00Z, fin=2025-10-27T18:13:00Z, idAlmacenOrigen=5, idAlmacenDestino=10, capacidadMaximaProductos=300, capacidadOcupadaProductos=0, capacidadSinOcupar=300}
[01:42:21] Ruta: [30705]
[01:42:21] Último vuelo: VueloEntidad{id=30705, inicio=2025-10-27T12:09:00Z, fin=2025-10-27T18:13:00Z, idAlmacenOrigen=5, idAlmacenDestino=10, capacidadMaximaProductos=300, capacidadOcupadaProductos=0, capacidadSinOcupar=300}
[01:42:21] Ruta: [2216]
[01:42:21] Último vuelo: VueloEntidad{id=2216, inicio=2025-10-27T20:55:00Z, fin=2025-10-28T02:59:00Z, idAlmacenOrigen=5, idAlmacenDestino=10, capacidadMaximaProductos=340, capacidadOcupadaProductos=0, capacidadSinOcupar=340}
[01:42:21] Ruta: [30765]
[01:42:21] Último vuelo: VueloEntidad{id=30765, inicio=2025-10-27T20:55:00Z, fin=2025-10-28T02:59:00Z, idAlmacenOrigen=5, idAlmacenDestino=10, capacidadMaximaProductos=340, capacidadOcupadaProductos=0, capacidadSinOcupar=340}
[01:42:21] Ruta: [2222]
[01:42:21] Último vuelo: VueloEntidad{id=2222, inicio=2025-10-27T22:51:00Z, fin=2025-10-28T04:55:00Z, idAlmacenOrigen=5, idAlmacenDestino=10, capacidadMaximaProductos=360, capacidadOcupadaProductos=0, capacidadSinOcupar=360}
[01:42:21] Ruta: [30825]
[01:42:21] Último vuelo: VueloEntidad{id=30825, inicio=2025-10-27T22:51:00Z, fin=2025-10-28T04:55:00Z, idAlmacenOrigen=5, idAlmacenDestino=10, capacidadMaximaProductos=360, capacidadOcupadaProductos=0, capacidadSinOcupar=360}
[01:42:21] Ruta: [2211]
[01:42:21] Último vuelo: VueloEntidad{id=2211, inicio=2025-10-28T12:09:00Z, fin=2025-10-28T18:13:00Z, idAlmacenOrigen=5, idAlmacenDestino=10, capacidadMaximaProductos=300, capacidadOcupadaProductos=0, capacidadSinOcupar=300}
[01:42:21] Ruta: [30706]
[01:42:21] Último vuelo: VueloEntidad{id=30706, inicio=2025-10-28T12:09:00Z, fin=2025-10-28T18:13:00Z, idAlmacenOrigen=5, idAlmacenDestino=10, capacidadMaximaProductos=300, capacidadOcupadaProductos=0, capacidadSinOcupar=300}
[01:42:21] Ruta: [2217]
[01:42:21] Último vuelo: VueloEntidad{id=2217, inicio=2025-10-28T20:55:00Z, fin=2025-10-29T02:59:00Z, idAlmacenOrigen=5, idAlmacenDestino=10, capacidadMaximaProductos=340, capacidadOcupadaProductos=0, capacidadSinOcupar=340}
[01:42:21] Ruta: [30766]
[01:42:21] Último vuelo: VueloEntidad{id=30766, inicio=2025-10-28T20:55:00Z, fin=2025-10-29T02:59:00Z, idAlmacenOrigen=5, idAlmacenDestino=10, capacidadMaximaProductos=340, capacidadOcupadaProductos=0, capacidadSinOcupar=340}
[01:42:21] Ruta: [2223]
[01:42:21] Último vuelo: VueloEntidad{id=2223, inicio=2025-10-28T22:51:00Z, fin=2025-10-29T04:55:00Z, idAlmacenOrigen=5, idAlmacenDestino=10, capacidadMaximaProductos=360, capacidadOcupadaProductos=0, capacidadSinOcupar=360}
[01:42:21] Ruta: [30826]
[01:42:21] Último vuelo: VueloEntidad{id=30826, inicio=2025-10-28T22:51:00Z, fin=2025-10-29T04:55:00Z, idAlmacenOrigen=5, idAlmacenDestino=10, capacidadMaximaProductos=360, capacidadOcupadaProductos=0, capacidadSinOcupar=360}
[01:42:21] Ruta: [30707]
[01:42:21] Último vuelo: VueloEntidad{id=30707, inicio=2025-10-29T12:09:00Z, fin=2025-10-29T18:13:00Z, idAlmacenOrigen=5, idAlmacenDestino=10, capacidadMaximaProductos=300, capacidadOcupadaProductos=0, capacidadSinOcupar=300}
[01:42:21] Ruta: [30767]
[01:42:21] Último vuelo: VueloEntidad{id=30767, inicio=2025-10-29T20:55:00Z, fin=2025-10-30T02:59:00Z, idAlmacenOrigen=5, idAlmacenDestino=10, capacidadMaximaProductos=340, capacidadOcupadaProductos=0, capacidadSinOcupar=340}
[01:42:21] Ruta: [30827]
[01:42:21] Último vuelo: VueloEntidad{id=30827, inicio=2025-10-29T22:51:00Z, fin=2025-10-30T04:55:00Z, idAlmacenOrigen=5, idAlmacenDestino=10, capacidadMaximaProductos=360, capacidadOcupadaProductos=0, capacidadSinOcupar=360}
[01:42:21] Ruta: [4439]
[01:42:21] Último vuelo: VueloEntidad{id=4439, inicio=2025-10-27T10:13:00Z, fin=2025-10-28T01:06:00Z, idAlmacenOrigen=14, idAlmacenDestino=10, capacidadMaximaProductos=360, capacidadOcupadaProductos=0, capacidadSinOcupar=360}
[01:42:21] Ruta: [52995]
[01:42:21] Último vuelo: VueloEntidad{id=52995, inicio=2025-10-27T10:13:00Z, fin=2025-10-28T01:06:00Z, idAlmacenOrigen=14, idAlmacenDestino=10, capacidadMaximaProductos=360, capacidadOcupadaProductos=0, capacidadSinOcupar=360}
[01:42:21] Ruta: [4445]
[01:42:21] Último vuelo: VueloEntidad{id=4445, inicio=2025-10-27T21:55:00Z, fin=2025-10-28T12:48:00Z, idAlmacenOrigen=14, idAlmacenDestino=10, capacidadMaximaProductos=320, capacidadOcupadaProductos=0, capacidadSinOcupar=320}
[01:42:21] Ruta: [53055]
[01:42:21] Último vuelo: VueloEntidad{id=53055, inicio=2025-10-27T21:55:00Z, fin=2025-10-28T12:48:00Z, idAlmacenOrigen=14, idAlmacenDestino=10, capacidadMaximaProductos=320, capacidadOcupadaProductos=0, capacidadSinOcupar=320}
[01:42:21] Ruta: [4428]
[01:42:21] Último vuelo: VueloEntidad{id=4428, inicio=2025-10-27T22:02:00Z, fin=2025-10-28T13:55:00Z, idAlmacenOrigen=14, idAlmacenDestino=10, capacidadMaximaProductos=340, capacidadOcupadaProductos=0, capacidadSinOcupar=340}
[01:42:21] Ruta: [52876]
[01:42:21] Último vuelo: VueloEntidad{id=52876, inicio=2025-10-27T22:02:00Z, fin=2025-10-28T13:55:00Z, idAlmacenOrigen=14, idAlmacenDestino=10, capacidadMaximaProductos=340, capacidadOcupadaProductos=0, capacidadSinOcupar=340}
[01:42:21] Ruta: [4434]
[01:42:21] Último vuelo: VueloEntidad{id=4434, inicio=2025-10-28T04:34:00Z, fin=2025-10-28T19:27:00Z, idAlmacenOrigen=14, idAlmacenDestino=10, capacidadMaximaProductos=360, capacidadOcupadaProductos=0, capacidadSinOcupar=360}
[01:42:21] Ruta: [52936]
[01:42:21] Último vuelo: VueloEntidad{id=52936, inicio=2025-10-28T04:34:00Z, fin=2025-10-28T19:27:00Z, idAlmacenOrigen=14, idAlmacenDestino=10, capacidadMaximaProductos=360, capacidadOcupadaProductos=0, capacidadSinOcupar=360}
[01:42:21] Ruta: [4440]
[01:42:21] Último vuelo: VueloEntidad{id=4440, inicio=2025-10-28T10:13:00Z, fin=2025-10-29T01:06:00Z, idAlmacenOrigen=14, idAlmacenDestino=10, capacidadMaximaProductos=360, capacidadOcupadaProductos=0, capacidadSinOcupar=360}
[01:42:21] Ruta: [52996]
[01:42:21] Último vuelo: VueloEntidad{id=52996, inicio=2025-10-28T10:13:00Z, fin=2025-10-29T01:06:00Z, idAlmacenOrigen=14, idAlmacenDestino=10, capacidadMaximaProductos=360, capacidadOcupadaProductos=0, capacidadSinOcupar=360}
[01:42:21] rutasFiltradasSegunPlazoPedido: [[2210], [30705], [2216], [30765], [2222], [30825], [2211], [30706], [2217], [30766], [2223], [30826], [30707], [30767], [30827], [4439], [52995], [4445], [53055], [4428], [52876], [4434], [52936], [4440], [52996]]
[01:42:21] me llegó: 25 rutas, instante act: 2025-10-27T06:42:17.884586800Z pedido: PedidoParaAlgoritmo{id=14, idAlmacenDestino=10, pedidas=71, entregadas=0, programadas=0, restante o pendientes=71, registro=2025-10-28T17:29:00Z, instanteEntregaMax=2025-10-30T17:29:00Z}
[01:42:21] score obtenido en ruta: 0.038201814390396015 ruta
[01:42:21] score obtenido en ruta: 0.038201814390396015 ruta
[01:42:21] score obtenido en ruta: 0.11369358888888889 ruta
[01:42:21] score obtenido en ruta: 0.11369358888888889 ruta
[01:42:21] score obtenido en ruta: 0.1332831475875986 ruta
[01:42:21] score obtenido en ruta: 0.1332831475875986 ruta
[01:42:21] score obtenido en ruta: 0.31147777092148565 ruta
[01:42:21] score obtenido en ruta: 0.31147777092148565 ruta
[01:42:21] score obtenido en ruta: 0.4962558261183261 ruta
[01:42:21] score obtenido en ruta: 0.4962558261183261 ruta
[01:42:21] score obtenido en ruta: 0.5489293337891218 ruta
[01:42:21] score obtenido en ruta: 0.5489293337891218 ruta
[01:42:21] score obtenido en ruta: 1.1485322051098377 ruta
[01:42:21] score obtenido en ruta: 2.1452309865900383 ruta
[01:42:21] score obtenido en ruta: 2.5521895999115825 ruta
[01:42:21] score obtenido en ruta: 0.027271798688411425 ruta
[01:42:21] score obtenido en ruta: 0.027271798688411425 ruta
[01:42:21] score obtenido en ruta: 0.1443691737846673 ruta
[01:42:21] score obtenido en ruta: 0.1443691737846673 ruta
[01:42:21] score obtenido en ruta: 0.14862668336565396 ruta
[01:42:21] score obtenido en ruta: 0.14862668336565396 ruta
[01:42:21] score obtenido en ruta: 0.23745508991069275 ruta
[01:42:21] score obtenido en ruta: 0.23745508991069275 ruta
[01:42:21] score obtenido en ruta: 0.340631844132618 ruta
[01:42:21] score obtenido en ruta: 0.340631844132618 ruta
[01:42:21] puntajesPorRuta: {[2210]=0.038201814390396015, [2211]=0.31147777092148565, [2216]=0.11369358888888889, [30825]=0.1332831475875986, [2217]=0.4962558261183261, [30826]=0.5489293337891218, [30827]=2.5521895999115825, [30765]=0.11369358888888889, [2222]=0.1332831475875986, [30766]=0.4962558261183261, [2223]=0.5489293337891218, [30767]=2.1452309865900383, [30705]=0.038201814390396015, [30706]=0.31147777092148565, [30707]=1.1485322051098377, [53055]=0.1443691737846673, [52995]=0.027271798688411425, [52996]=0.340631844132618, [52936]=0.23745508991069275, [4428]=0.14862668336565396, [52876]=0.14862668336565396, [4434]=0.23745508991069275, [4439]=0.027271798688411425, [4440]=0.340631844132618, [4445]=0.1443691737846673}
[01:42:21] construccionGRASPParaUnaRuta: Rutas que entraron a la RCL:  
[[30827], [30767], [30707], [30826], [2223]]
[01:42:21] Simulación del almacén destino hasta siguiente inicio: pe.edu.pucp.inf.pddsbackend.modelos.dominio.Almacen@3fe7af9f=0
[01:42:21] Generando rutas candidatas (inicio)
[01:42:23] EstadoGlobalMutableProblemaPlanificacion: Rutas para pedidos pendientes, cantidad:675
[01:42:23] planificar: Iteración 0: quedan 108 pedidos pendientes
[01:42:23] rutasConDestinoCompartido: [[2210], [30705], [2216], [30765], [2222], [30825], [2211], [30706], [2217], [30766], [2223], [30826], [30707], [30767], [30827], [4439], [52995], [4445], [53055], [4428], [52876], [4434], [52936], [4440], [52996]]
[01:42:23] Pedido: PedidoParaAlgoritmo{id=14, idAlmacenDestino=10, pedidas=71, entregadas=0, programadas=0, restante o pendientes=71, registro=2025-10-28T17:29:00Z, instanteEntregaMax=2025-10-30T17:29:00Z}
[01:42:23] Ruta: [2210]
[01:42:23] Último vuelo: VueloEntidad{id=2210, inicio=2025-10-27T12:09:00Z, fin=2025-10-27T18:13:00Z, idAlmacenOrigen=5, idAlmacenDestino=10, capacidadMaximaProductos=300, capacidadOcupadaProductos=0, capacidadSinOcupar=300}
[01:42:23] Ruta: [30705]
[01:42:23] Último vuelo: VueloEntidad{id=30705, inicio=2025-10-27T12:09:00Z, fin=2025-10-27T18:13:00Z, idAlmacenOrigen=5, idAlmacenDestino=10, capacidadMaximaProductos=300, capacidadOcupadaProductos=0, capacidadSinOcupar=300}
[01:42:23] Ruta: [2216]
[01:42:23] Último vuelo: VueloEntidad{id=2216, inicio=2025-10-27T20:55:00Z, fin=2025-10-28T02:59:00Z, idAlmacenOrigen=5, idAlmacenDestino=10, capacidadMaximaProductos=340, capacidadOcupadaProductos=0, capacidadSinOcupar=340}
[01:42:23] Ruta: [30765]
[01:42:23] Último vuelo: VueloEntidad{id=30765, inicio=2025-10-27T20:55:00Z, fin=2025-10-28T02:59:00Z, idAlmacenOrigen=5, idAlmacenDestino=10, capacidadMaximaProductos=340, capacidadOcupadaProductos=0, capacidadSinOcupar=340}
[01:42:23] Ruta: [2222]
[01:42:23] Último vuelo: VueloEntidad{id=2222, inicio=2025-10-27T22:51:00Z, fin=2025-10-28T04:55:00Z, idAlmacenOrigen=5, idAlmacenDestino=10, capacidadMaximaProductos=360, capacidadOcupadaProductos=0, capacidadSinOcupar=360}
[01:42:23] Ruta: [30825]
[01:42:23] Último vuelo: VueloEntidad{id=30825, inicio=2025-10-27T22:51:00Z, fin=2025-10-28T04:55:00Z, idAlmacenOrigen=5, idAlmacenDestino=10, capacidadMaximaProductos=360, capacidadOcupadaProductos=0, capacidadSinOcupar=360}
[01:42:23] Ruta: [2211]
[01:42:23] Último vuelo: VueloEntidad{id=2211, inicio=2025-10-28T12:09:00Z, fin=2025-10-28T18:13:00Z, idAlmacenOrigen=5, idAlmacenDestino=10, capacidadMaximaProductos=300, capacidadOcupadaProductos=0, capacidadSinOcupar=300}
[01:42:23] Ruta: [30706]
[01:42:23] Último vuelo: VueloEntidad{id=30706, inicio=2025-10-28T12:09:00Z, fin=2025-10-28T18:13:00Z, idAlmacenOrigen=5, idAlmacenDestino=10, capacidadMaximaProductos=300, capacidadOcupadaProductos=0, capacidadSinOcupar=300}
[01:42:23] Ruta: [2217]
[01:42:23] Último vuelo: VueloEntidad{id=2217, inicio=2025-10-28T20:55:00Z, fin=2025-10-29T02:59:00Z, idAlmacenOrigen=5, idAlmacenDestino=10, capacidadMaximaProductos=340, capacidadOcupadaProductos=0, capacidadSinOcupar=340}
[01:42:23] Ruta: [30766]
[01:42:23] Último vuelo: VueloEntidad{id=30766, inicio=2025-10-28T20:55:00Z, fin=2025-10-29T02:59:00Z, idAlmacenOrigen=5, idAlmacenDestino=10, capacidadMaximaProductos=340, capacidadOcupadaProductos=0, capacidadSinOcupar=340}
[01:42:23] Ruta: [2223]
[01:42:23] Último vuelo: VueloEntidad{id=2223, inicio=2025-10-28T22:51:00Z, fin=2025-10-29T04:55:00Z, idAlmacenOrigen=5, idAlmacenDestino=10, capacidadMaximaProductos=360, capacidadOcupadaProductos=0, capacidadSinOcupar=360}
[01:42:23] Ruta: [30826]
[01:42:23] Último vuelo: VueloEntidad{id=30826, inicio=2025-10-28T22:51:00Z, fin=2025-10-29T04:55:00Z, idAlmacenOrigen=5, idAlmacenDestino=10, capacidadMaximaProductos=360, capacidadOcupadaProductos=0, capacidadSinOcupar=360}
[01:42:23] Ruta: [30707]
[01:42:23] Último vuelo: VueloEntidad{id=30707, inicio=2025-10-29T12:09:00Z, fin=2025-10-29T18:13:00Z, idAlmacenOrigen=5, idAlmacenDestino=10, capacidadMaximaProductos=300, capacidadOcupadaProductos=0, capacidadSinOcupar=300}
[01:42:23] Ruta: [30767]
[01:42:23] Último vuelo: VueloEntidad{id=30767, inicio=2025-10-29T20:55:00Z, fin=2025-10-30T02:59:00Z, idAlmacenOrigen=5, idAlmacenDestino=10, capacidadMaximaProductos=340, capacidadOcupadaProductos=0, capacidadSinOcupar=340}
[01:42:23] Ruta: [30827]
[01:42:23] Último vuelo: VueloEntidad{id=30827, inicio=2025-10-29T22:51:00Z, fin=2025-10-30T04:55:00Z, idAlmacenOrigen=5, idAlmacenDestino=10, capacidadMaximaProductos=360, capacidadOcupadaProductos=0, capacidadSinOcupar=360}
[01:42:23] Ruta: [4439]
[01:42:23] Último vuelo: VueloEntidad{id=4439, inicio=2025-10-27T10:13:00Z, fin=2025-10-28T01:06:00Z, idAlmacenOrigen=14, idAlmacenDestino=10, capacidadMaximaProductos=360, capacidadOcupadaProductos=0, capacidadSinOcupar=360}
[01:42:23] Ruta: [52995]
[01:42:23] Último vuelo: VueloEntidad{id=52995, inicio=2025-10-27T10:13:00Z, fin=2025-10-28T01:06:00Z, idAlmacenOrigen=14, idAlmacenDestino=10, capacidadMaximaProductos=360, capacidadOcupadaProductos=0, capacidadSinOcupar=360}
[01:42:23] Ruta: [4445]
[01:42:23] Último vuelo: VueloEntidad{id=4445, inicio=2025-10-27T21:55:00Z, fin=2025-10-28T12:48:00Z, idAlmacenOrigen=14, idAlmacenDestino=10, capacidadMaximaProductos=320, capacidadOcupadaProductos=0, capacidadSinOcupar=320}
[01:42:23] Ruta: [53055]
[01:42:23] Último vuelo: VueloEntidad{id=53055, inicio=2025-10-27T21:55:00Z, fin=2025-10-28T12:48:00Z, idAlmacenOrigen=14, idAlmacenDestino=10, capacidadMaximaProductos=320, capacidadOcupadaProductos=0, capacidadSinOcupar=320}
[01:42:23] Ruta: [4428]
[01:42:23] Último vuelo: VueloEntidad{id=4428, inicio=2025-10-27T22:02:00Z, fin=2025-10-28T13:55:00Z, idAlmacenOrigen=14, idAlmacenDestino=10, capacidadMaximaProductos=340, capacidadOcupadaProductos=0, capacidadSinOcupar=340}
[01:42:23] Ruta: [52876]
[01:42:23] Último vuelo: VueloEntidad{id=52876, inicio=2025-10-27T22:02:00Z, fin=2025-10-28T13:55:00Z, idAlmacenOrigen=14, idAlmacenDestino=10, capacidadMaximaProductos=340, capacidadOcupadaProductos=0, capacidadSinOcupar=340}
[01:42:23] Ruta: [4434]
[01:42:23] Último vuelo: VueloEntidad{id=4434, inicio=2025-10-28T04:34:00Z, fin=2025-10-28T19:27:00Z, idAlmacenOrigen=14, idAlmacenDestino=10, capacidadMaximaProductos=360, capacidadOcupadaProductos=0, capacidadSinOcupar=360}
[01:42:23] Ruta: [52936]
[01:42:23] Último vuelo: VueloEntidad{id=52936, inicio=2025-10-28T04:34:00Z, fin=2025-10-28T19:27:00Z, idAlmacenOrigen=14, idAlmacenDestino=10, capacidadMaximaProductos=360, capacidadOcupadaProductos=0, capacidadSinOcupar=360}
[01:42:23] Ruta: [4440]
[01:42:23] Último vuelo: VueloEntidad{id=4440, inicio=2025-10-28T10:13:00Z, fin=2025-10-29T01:06:00Z, idAlmacenOrigen=14, idAlmacenDestino=10, capacidadMaximaProductos=360, capacidadOcupadaProductos=0, capacidadSinOcupar=360}
[01:42:23] Ruta: [52996]
[01:42:23] Último vuelo: VueloEntidad{id=52996, inicio=2025-10-28T10:13:00Z, fin=2025-10-29T01:06:00Z, idAlmacenOrigen=14, idAlmacenDestino=10, capacidadMaximaProductos=360, capacidadOcupadaProductos=0, capacidadSinOcupar=360}
[01:42:23] rutasFiltradasSegunPlazoPedido: [[2210], [30705], [2216], [30765], [2222], [30825], [2211], [30706], [2217], [30766], [2223], [30826], [30707], [30767], [30827], [4439], [52995], [4445], [53055], [4428], [52876], [4434], [52936], [4440], [52996]]
[01:42:23] me llegó: 25 rutas, instante act: 2025-10-27T06:42:21.174925100Z pedido: PedidoParaAlgoritmo{id=14, idAlmacenDestino=10, pedidas=71, entregadas=0, programadas=0, restante o pendientes=71, registro=2025-10-28T17:29:00Z, instanteEntregaMax=2025-10-30T17:29:00Z}
[01:42:23] score obtenido en ruta: 0.03819540263486124 ruta
[01:42:23] score obtenido en ruta: 0.03819540263486124 ruta
[01:42:23] score obtenido en ruta: 0.11368627777777777 ruta
[01:42:23] score obtenido en ruta: 0.11368627777777777 ruta
[01:42:23] score obtenido en ruta: 0.13327560310034856 ruta
[01:42:23] score obtenido en ruta: 0.13327560310034856 ruta
[01:42:23] score obtenido en ruta: 0.31146810354960036 ruta
[01:42:23] score obtenido en ruta: 0.31146810354960036 ruta
[01:42:23] score obtenido en ruta: 0.4962439574314575 ruta
[01:42:23] score obtenido en ruta: 0.4962439574314575 ruta
[01:42:23] score obtenido en ruta: 0.5489168375873595 ruta
[01:42:23] score obtenido en ruta: 0.5489168375873595 ruta
[01:42:23] score obtenido en ruta: 1.1485125656638013 ruta
[01:42:23] score obtenido en ruta: 2.1451994731800768 ruta
[01:42:23] score obtenido en ruta: 2.552153238284704 ruta
[01:42:23] score obtenido en ruta: 0.02726470144102166 ruta
[01:42:23] score obtenido en ruta: 0.02726470144102166 ruta
[01:42:23] score obtenido en ruta: 0.14436050036908152 ruta
[01:42:23] score obtenido en ruta: 0.14436050036908152 ruta
[01:42:23] score obtenido en ruta: 0.14861782212885152 ruta
[01:42:23] score obtenido en ruta: 0.14861782212885152 ruta
[01:42:23] score obtenido en ruta: 0.23744516352884382 ruta
[01:42:23] score obtenido en ruta: 0.23744516352884382 ruta
[01:42:23] score obtenido en ruta: 0.3406205289585913 ruta
[01:42:23] score obtenido en ruta: 0.3406205289585913 ruta
[01:42:23] puntajesPorRuta: {[2210]=0.03819540263486124, [2211]=0.31146810354960036, [2216]=0.11368627777777777, [30825]=0.13327560310034856, [2217]=0.4962439574314575, [30826]=0.5489168375873595, [30827]=2.552153238284704, [30765]=0.11368627777777777, [2222]=0.13327560310034856, [30766]=0.4962439574314575, [2223]=0.5489168375873595, [30767]=2.1451994731800768, [30705]=0.03819540263486124, [30706]=0.31146810354960036, [30707]=1.1485125656638013, [53055]=0.14436050036908152, [52995]=0.02726470144102166, [52996]=0.3406205289585913, [52936]=0.23744516352884382, [4428]=0.14861782212885152, [52876]=0.14861782212885152, [4434]=0.23744516352884382, [4439]=0.02726470144102166, [4440]=0.3406205289585913, [4445]=0.14436050036908152}
[01:42:23] construccionGRASPParaUnaRuta: Rutas que entraron a la RCL:  
[[30827], [30767], [30707], [30826], [2223]]
[01:42:23] Simulación del almacén destino hasta siguiente inicio: pe.edu.pucp.inf.pddsbackend.modelos.dominio.Almacen@40668e9a=0
[01:42:23] Generando rutas candidatas (inicio)
[01:42:26] EstadoGlobalMutableProblemaPlanificacion: Rutas para pedidos pendientes, cantidad:675
[01:42:26] planificar: Iteración 0: quedan 108 pedidos pendientes
[01:42:26] rutasConDestinoCompartido: [[2210], [30705], [2216], [30765], [2222], [30825], [2211], [30706], [2217], [30766], [2223], [30826], [30707], [30767], [30827], [4439], [52995], [4445], [53055], [4428], [52876], [4434], [52936], [4440], [52996]]
[01:42:26] Pedido: PedidoParaAlgoritmo{id=14, idAlmacenDestino=10, pedidas=71, entregadas=0, programadas=0, restante o pendientes=71, registro=2025-10-28T17:29:00Z, instanteEntregaMax=2025-10-30T17:29:00Z}
[01:42:26] Ruta: [2210]
[01:42:26] Último vuelo: VueloEntidad{id=2210, inicio=2025-10-27T12:09:00Z, fin=2025-10-27T18:13:00Z, idAlmacenOrigen=5, idAlmacenDestino=10, capacidadMaximaProductos=300, capacidadOcupadaProductos=0, capacidadSinOcupar=300}
[01:42:26] Ruta: [30705]
[01:42:26] Último vuelo: VueloEntidad{id=30705, inicio=2025-10-27T12:09:00Z, fin=2025-10-27T18:13:00Z, idAlmacenOrigen=5, idAlmacenDestino=10, capacidadMaximaProductos=300, capacidadOcupadaProductos=0, capacidadSinOcupar=300}
[01:42:26] Ruta: [2216]
[01:42:26] Último vuelo: VueloEntidad{id=2216, inicio=2025-10-27T20:55:00Z, fin=2025-10-28T02:59:00Z, idAlmacenOrigen=5, idAlmacenDestino=10, capacidadMaximaProductos=340, capacidadOcupadaProductos=0, capacidadSinOcupar=340}
[01:42:26] Ruta: [30765]
[01:42:26] Último vuelo: VueloEntidad{id=30765, inicio=2025-10-27T20:55:00Z, fin=2025-10-28T02:59:00Z, idAlmacenOrigen=5, idAlmacenDestino=10, capacidadMaximaProductos=340, capacidadOcupadaProductos=0, capacidadSinOcupar=340}
[01:42:26] Ruta: [2222]
[01:42:26] Último vuelo: VueloEntidad{id=2222, inicio=2025-10-27T22:51:00Z, fin=2025-10-28T04:55:00Z, idAlmacenOrigen=5, idAlmacenDestino=10, capacidadMaximaProductos=360, capacidadOcupadaProductos=0, capacidadSinOcupar=360}
[01:42:26] Ruta: [30825]
[01:42:26] Último vuelo: VueloEntidad{id=30825, inicio=2025-10-27T22:51:00Z, fin=2025-10-28T04:55:00Z, idAlmacenOrigen=5, idAlmacenDestino=10, capacidadMaximaProductos=360, capacidadOcupadaProductos=0, capacidadSinOcupar=360}
[01:42:26] Ruta: [2211]
[01:42:26] Último vuelo: VueloEntidad{id=2211, inicio=2025-10-28T12:09:00Z, fin=2025-10-28T18:13:00Z, idAlmacenOrigen=5, idAlmacenDestino=10, capacidadMaximaProductos=300, capacidadOcupadaProductos=0, capacidadSinOcupar=300}
[01:42:26] Ruta: [30706]
[01:42:26] Último vuelo: VueloEntidad{id=30706, inicio=2025-10-28T12:09:00Z, fin=2025-10-28T18:13:00Z, idAlmacenOrigen=5, idAlmacenDestino=10, capacidadMaximaProductos=300, capacidadOcupadaProductos=0, capacidadSinOcupar=300}
[01:42:26] Ruta: [2217]
[01:42:26] Último vuelo: VueloEntidad{id=2217, inicio=2025-10-28T20:55:00Z, fin=2025-10-29T02:59:00Z, idAlmacenOrigen=5, idAlmacenDestino=10, capacidadMaximaProductos=340, capacidadOcupadaProductos=0, capacidadSinOcupar=340}
[01:42:26] Ruta: [30766]
[01:42:26] Último vuelo: VueloEntidad{id=30766, inicio=2025-10-28T20:55:00Z, fin=2025-10-29T02:59:00Z, idAlmacenOrigen=5, idAlmacenDestino=10, capacidadMaximaProductos=340, capacidadOcupadaProductos=0, capacidadSinOcupar=340}
[01:42:26] Ruta: [2223]
[01:42:26] Último vuelo: VueloEntidad{id=2223, inicio=2025-10-28T22:51:00Z, fin=2025-10-29T04:55:00Z, idAlmacenOrigen=5, idAlmacenDestino=10, capacidadMaximaProductos=360, capacidadOcupadaProductos=0, capacidadSinOcupar=360}
[01:42:26] Ruta: [30826]
[01:42:26] Último vuelo: VueloEntidad{id=30826, inicio=2025-10-28T22:51:00Z, fin=2025-10-29T04:55:00Z, idAlmacenOrigen=5, idAlmacenDestino=10, capacidadMaximaProductos=360, capacidadOcupadaProductos=0, capacidadSinOcupar=360}
[01:42:26] Ruta: [30707]
[01:42:26] Último vuelo: VueloEntidad{id=30707, inicio=2025-10-29T12:09:00Z, fin=2025-10-29T18:13:00Z, idAlmacenOrigen=5, idAlmacenDestino=10, capacidadMaximaProductos=300, capacidadOcupadaProductos=0, capacidadSinOcupar=300}
[01:42:26] Ruta: [30767]
[01:42:26] Último vuelo: VueloEntidad{id=30767, inicio=2025-10-29T20:55:00Z, fin=2025-10-30T02:59:00Z, idAlmacenOrigen=5, idAlmacenDestino=10, capacidadMaximaProductos=340, capacidadOcupadaProductos=0, capacidadSinOcupar=340}
[01:42:26] Ruta: [30827]
[01:42:26] Último vuelo: VueloEntidad{id=30827, inicio=2025-10-29T22:51:00Z, fin=2025-10-30T04:55:00Z, idAlmacenOrigen=5, idAlmacenDestino=10, capacidadMaximaProductos=360, capacidadOcupadaProductos=0, capacidadSinOcupar=360}
[01:42:26] Ruta: [4439]
[01:42:26] Último vuelo: VueloEntidad{id=4439, inicio=2025-10-27T10:13:00Z, fin=2025-10-28T01:06:00Z, idAlmacenOrigen=14, idAlmacenDestino=10, capacidadMaximaProductos=360, capacidadOcupadaProductos=0, capacidadSinOcupar=360}
[01:42:26] Ruta: [52995]
[01:42:26] Último vuelo: VueloEntidad{id=52995, inicio=2025-10-27T10:13:00Z, fin=2025-10-28T01:06:00Z, idAlmacenOrigen=14, idAlmacenDestino=10, capacidadMaximaProductos=360, capacidadOcupadaProductos=0, capacidadSinOcupar=360}
[01:42:26] Ruta: [4445]
[01:42:26] Último vuelo: VueloEntidad{id=4445, inicio=2025-10-27T21:55:00Z, fin=2025-10-28T12:48:00Z, idAlmacenOrigen=14, idAlmacenDestino=10, capacidadMaximaProductos=320, capacidadOcupadaProductos=0, capacidadSinOcupar=320}
[01:42:26] Ruta: [53055]
[01:42:26] Último vuelo: VueloEntidad{id=53055, inicio=2025-10-27T21:55:00Z, fin=2025-10-28T12:48:00Z, idAlmacenOrigen=14, idAlmacenDestino=10, capacidadMaximaProductos=320, capacidadOcupadaProductos=0, capacidadSinOcupar=320}
[01:42:26] Ruta: [4428]
[01:42:26] Último vuelo: VueloEntidad{id=4428, inicio=2025-10-27T22:02:00Z, fin=2025-10-28T13:55:00Z, idAlmacenOrigen=14, idAlmacenDestino=10, capacidadMaximaProductos=340, capacidadOcupadaProductos=0, capacidadSinOcupar=340}
[01:42:26] Ruta: [52876]
[01:42:26] Último vuelo: VueloEntidad{id=52876, inicio=2025-10-27T22:02:00Z, fin=2025-10-28T13:55:00Z, idAlmacenOrigen=14, idAlmacenDestino=10, capacidadMaximaProductos=340, capacidadOcupadaProductos=0, capacidadSinOcupar=340}
[01:42:26] Ruta: [4434]
[01:42:26] Último vuelo: VueloEntidad{id=4434, inicio=2025-10-28T04:34:00Z, fin=2025-10-28T19:27:00Z, idAlmacenOrigen=14, idAlmacenDestino=10, capacidadMaximaProductos=360, capacidadOcupadaProductos=0, capacidadSinOcupar=360}
[01:42:26] Ruta: [52936]
[01:42:26] Último vuelo: VueloEntidad{id=52936, inicio=2025-10-28T04:34:00Z, fin=2025-10-28T19:27:00Z, idAlmacenOrigen=14, idAlmacenDestino=10, capacidadMaximaProductos=360, capacidadOcupadaProductos=0, capacidadSinOcupar=360}
[01:42:26] Ruta: [4440]
[01:42:26] Último vuelo: VueloEntidad{id=4440, inicio=2025-10-28T10:13:00Z, fin=2025-10-29T01:06:00Z, idAlmacenOrigen=14, idAlmacenDestino=10, capacidadMaximaProductos=360, capacidadOcupadaProductos=0, capacidadSinOcupar=360}
[01:42:26] Ruta: [52996]
[01:42:26] Último vuelo: VueloEntidad{id=52996, inicio=2025-10-28T10:13:00Z, fin=2025-10-29T01:06:00Z, idAlmacenOrigen=14, idAlmacenDestino=10, capacidadMaximaProductos=360, capacidadOcupadaProductos=0, capacidadSinOcupar=360}
[01:42:26] rutasFiltradasSegunPlazoPedido: [[2210], [30705], [2216], [30765], [2222], [30825], [2211], [30706], [2217], [30766], [2223], [30826], [30707], [30767], [30827], [4439], [52995], [4445], [53055], [4428], [52876], [4434], [52936], [4440], [52996]]
[01:42:26] me llegó: 25 rutas, instante act: 2025-10-27T06:42:23.850761700Z pedido: PedidoParaAlgoritmo{id=14, idAlmacenDestino=10, pedidas=71, entregadas=0, programadas=0, restante o pendientes=71, registro=2025-10-28T17:29:00Z, instanteEntregaMax=2025-10-30T17:29:00Z}
[01:42:26] score obtenido en ruta: 0.03819018748051138 ruta
[01:42:26] score obtenido en ruta: 0.03819018748051138 ruta
[01:42:26] score obtenido en ruta: 0.1136803311111111 ruta
[01:42:26] score obtenido en ruta: 0.1136803311111111 ruta
[01:42:26] score obtenido en ruta: 0.1332694666116309 ruta
[01:42:26] score obtenido en ruta: 0.1332694666116309 ruta
[01:42:26] score obtenido en ruta: 0.31146024036201225 ruta
[01:42:26] score obtenido en ruta: 0.31146024036201225 ruta
[01:42:26] score obtenido en ruta: 0.4962343037518038 ruta
[01:42:26] score obtenido en ruta: 0.4962343037518038 ruta
[01:42:26] score obtenido en ruta: 0.5489066735034944 ruta
[01:42:26] score obtenido en ruta: 0.5489066735034944 ruta
[01:42:26] score obtenido en ruta: 1.148496591451767 ruta
[01:42:26] score obtenido en ruta: 2.1451738409961685 ruta
[01:42:26] score obtenido en ruta: 2.5521236626878867 ruta
[01:42:26] score obtenido en ruta: 0.027258928725515573 ruta
[01:42:26] score obtenido en ruta: 0.027258928725515573 ruta
[01:42:26] score obtenido en ruta: 0.14435344563956554 ruta
[01:42:26] score obtenido en ruta: 0.14435344563956554 ruta
[01:42:26] score obtenido en ruta: 0.14861061463046757 ruta
[01:42:26] score obtenido en ruta: 0.14861061463046757 ruta
[01:42:26] score obtenido en ruta: 0.23743708966932175 ruta
[01:42:26] score obtenido en ruta: 0.23743708966932175 ruta
[01:42:26] score obtenido en ruta: 0.34061132549181455 ruta
[01:42:26] score obtenido en ruta: 0.34061132549181455 ruta
[01:42:26] puntajesPorRuta: {[2210]=0.03819018748051138, [2211]=0.31146024036201225, [2216]=0.1136803311111111, [30825]=0.1332694666116309, [2217]=0.4962343037518038, [30826]=0.5489066735034944, [30827]=2.5521236626878867, [30765]=0.1136803311111111, [2222]=0.1332694666116309, [30766]=0.4962343037518038, [2223]=0.5489066735034944, [30767]=2.1451738409961685, [30705]=0.03819018748051138, [30706]=0.31146024036201225, [30707]=1.148496591451767, [53055]=0.14435344563956554, [52995]=0.027258928725515573, [52996]=0.34061132549181455, [52936]=0.23743708966932175, [4428]=0.14861061463046757, [52876]=0.14861061463046757, [4434]=0.23743708966932175, [4439]=0.027258928725515573, [4440]=0.34061132549181455, [4445]=0.14435344563956554}
[01:42:26] construccionGRASPParaUnaRuta: Rutas que entraron a la RCL:  
[[30827], [30767], [30707], [30826], [2223]]
[01:42:26] Simulación del almacén destino hasta siguiente inicio: pe.edu.pucp.inf.pddsbackend.modelos.dominio.Almacen@7f77a594=0
[01:42:26] Generando rutas candidatas (inicio)
[01:42:28] EstadoGlobalMutableProblemaPlanificacion: Rutas para pedidos pendientes, cantidad:675
[01:42:28] planificar: Iteración 0: quedan 108 pedidos pendientes
[01:42:28] rutasConDestinoCompartido: [[2210], [30705], [2216], [30765], [2222], [30825], [2211], [30706], [2217], [30766], [2223], [30826], [30707], [30767], [30827], [4439], [52995], [4445], [53055], [4428], [52876], [4434], [52936], [4440], [52996]]
[01:42:28] Pedido: PedidoParaAlgoritmo{id=14, idAlmacenDestino=10, pedidas=71, entregadas=0, programadas=0, restante o pendientes=71, registro=2025-10-28T17:29:00Z, instanteEntregaMax=2025-10-30T17:29:00Z}
[01:42:28] Ruta: [2210]
[01:42:28] Último vuelo: VueloEntidad{id=2210, inicio=2025-10-27T12:09:00Z, fin=2025-10-27T18:13:00Z, idAlmacenOrigen=5, idAlmacenDestino=10, capacidadMaximaProductos=300, capacidadOcupadaProductos=0, capacidadSinOcupar=300}
[01:42:28] Ruta: [30705]
[01:42:28] Último vuelo: VueloEntidad{id=30705, inicio=2025-10-27T12:09:00Z, fin=2025-10-27T18:13:00Z, idAlmacenOrigen=5, idAlmacenDestino=10, capacidadMaximaProductos=300, capacidadOcupadaProductos=0, capacidadSinOcupar=300}
[01:42:28] Ruta: [2216]
[01:42:28] Último vuelo: VueloEntidad{id=2216, inicio=2025-10-27T20:55:00Z, fin=2025-10-28T02:59:00Z, idAlmacenOrigen=5, idAlmacenDestino=10, capacidadMaximaProductos=340, capacidadOcupadaProductos=0, capacidadSinOcupar=340}
[01:42:28] Ruta: [30765]
[01:42:28] Último vuelo: VueloEntidad{id=30765, inicio=2025-10-27T20:55:00Z, fin=2025-10-28T02:59:00Z, idAlmacenOrigen=5, idAlmacenDestino=10, capacidadMaximaProductos=340, capacidadOcupadaProductos=0, capacidadSinOcupar=340}
[01:42:28] Ruta: [2222]
[01:42:28] Último vuelo: VueloEntidad{id=2222, inicio=2025-10-27T22:51:00Z, fin=2025-10-28T04:55:00Z, idAlmacenOrigen=5, idAlmacenDestino=10, capacidadMaximaProductos=360, capacidadOcupadaProductos=0, capacidadSinOcupar=360}
[01:42:28] Ruta: [30825]
[01:42:28] Último vuelo: VueloEntidad{id=30825, inicio=2025-10-27T22:51:00Z, fin=2025-10-28T04:55:00Z, idAlmacenOrigen=5, idAlmacenDestino=10, capacidadMaximaProductos=360, capacidadOcupadaProductos=0, capacidadSinOcupar=360}
[01:42:28] Ruta: [2211]
[01:42:28] Último vuelo: VueloEntidad{id=2211, inicio=2025-10-28T12:09:00Z, fin=2025-10-28T18:13:00Z, idAlmacenOrigen=5, idAlmacenDestino=10, capacidadMaximaProductos=300, capacidadOcupadaProductos=0, capacidadSinOcupar=300}
[01:42:28] Ruta: [30706]
[01:42:28] Último vuelo: VueloEntidad{id=30706, inicio=2025-10-28T12:09:00Z, fin=2025-10-28T18:13:00Z, idAlmacenOrigen=5, idAlmacenDestino=10, capacidadMaximaProductos=300, capacidadOcupadaProductos=0, capacidadSinOcupar=300}
[01:42:28] Ruta: [2217]
[01:42:28] Último vuelo: VueloEntidad{id=2217, inicio=2025-10-28T20:55:00Z, fin=2025-10-29T02:59:00Z, idAlmacenOrigen=5, idAlmacenDestino=10, capacidadMaximaProductos=340, capacidadOcupadaProductos=0, capacidadSinOcupar=340}
[01:42:28] Ruta: [30766]
[01:42:28] Último vuelo: VueloEntidad{id=30766, inicio=2025-10-28T20:55:00Z, fin=2025-10-29T02:59:00Z, idAlmacenOrigen=5, idAlmacenDestino=10, capacidadMaximaProductos=340, capacidadOcupadaProductos=0, capacidadSinOcupar=340}
[01:42:28] Ruta: [2223]
[01:42:28] Último vuelo: VueloEntidad{id=2223, inicio=2025-10-28T22:51:00Z, fin=2025-10-29T04:55:00Z, idAlmacenOrigen=5, idAlmacenDestino=10, capacidadMaximaProductos=360, capacidadOcupadaProductos=0, capacidadSinOcupar=360}
[01:42:28] Ruta: [30826]
[01:42:28] Último vuelo: VueloEntidad{id=30826, inicio=2025-10-28T22:51:00Z, fin=2025-10-29T04:55:00Z, idAlmacenOrigen=5, idAlmacenDestino=10, capacidadMaximaProductos=360, capacidadOcupadaProductos=0, capacidadSinOcupar=360}
[01:42:28] Ruta: [30707]
[01:42:28] Último vuelo: VueloEntidad{id=30707, inicio=2025-10-29T12:09:00Z, fin=2025-10-29T18:13:00Z, idAlmacenOrigen=5, idAlmacenDestino=10, capacidadMaximaProductos=300, capacidadOcupadaProductos=0, capacidadSinOcupar=300}
[01:42:28] Ruta: [30767]
[01:42:28] Último vuelo: VueloEntidad{id=30767, inicio=2025-10-29T20:55:00Z, fin=2025-10-30T02:59:00Z, idAlmacenOrigen=5, idAlmacenDestino=10, capacidadMaximaProductos=340, capacidadOcupadaProductos=0, capacidadSinOcupar=340}
[01:42:28] Ruta: [30827]
[01:42:28] Último vuelo: VueloEntidad{id=30827, inicio=2025-10-29T22:51:00Z, fin=2025-10-30T04:55:00Z, idAlmacenOrigen=5, idAlmacenDestino=10, capacidadMaximaProductos=360, capacidadOcupadaProductos=0, capacidadSinOcupar=360}
[01:42:28] Ruta: [4439]
[01:42:28] Último vuelo: VueloEntidad{id=4439, inicio=2025-10-27T10:13:00Z, fin=2025-10-28T01:06:00Z, idAlmacenOrigen=14, idAlmacenDestino=10, capacidadMaximaProductos=360, capacidadOcupadaProductos=0, capacidadSinOcupar=360}
[01:42:28] Ruta: [52995]
[01:42:28] Último vuelo: VueloEntidad{id=52995, inicio=2025-10-27T10:13:00Z, fin=2025-10-28T01:06:00Z, idAlmacenOrigen=14, idAlmacenDestino=10, capacidadMaximaProductos=360, capacidadOcupadaProductos=0, capacidadSinOcupar=360}
[01:42:28] Ruta: [4445]
[01:42:28] Último vuelo: VueloEntidad{id=4445, inicio=2025-10-27T21:55:00Z, fin=2025-10-28T12:48:00Z, idAlmacenOrigen=14, idAlmacenDestino=10, capacidadMaximaProductos=320, capacidadOcupadaProductos=0, capacidadSinOcupar=320}
[01:42:28] Ruta: [53055]
[01:42:28] Último vuelo: VueloEntidad{id=53055, inicio=2025-10-27T21:55:00Z, fin=2025-10-28T12:48:00Z, idAlmacenOrigen=14, idAlmacenDestino=10, capacidadMaximaProductos=320, capacidadOcupadaProductos=0, capacidadSinOcupar=320}
[01:42:28] Ruta: [4428]
[01:42:28] Último vuelo: VueloEntidad{id=4428, inicio=2025-10-27T22:02:00Z, fin=2025-10-28T13:55:00Z, idAlmacenOrigen=14, idAlmacenDestino=10, capacidadMaximaProductos=340, capacidadOcupadaProductos=0, capacidadSinOcupar=340}
[01:42:28] Ruta: [52876]
[01:42:28] Último vuelo: VueloEntidad{id=52876, inicio=2025-10-27T22:02:00Z, fin=2025-10-28T13:55:00Z, idAlmacenOrigen=14, idAlmacenDestino=10, capacidadMaximaProductos=340, capacidadOcupadaProductos=0, capacidadSinOcupar=340}
[01:42:28] Ruta: [4434]
[01:42:28] Último vuelo: VueloEntidad{id=4434, inicio=2025-10-28T04:34:00Z, fin=2025-10-28T19:27:00Z, idAlmacenOrigen=14, idAlmacenDestino=10, capacidadMaximaProductos=360, capacidadOcupadaProductos=0, capacidadSinOcupar=360}
[01:42:28] Ruta: [52936]
[01:42:28] Último vuelo: VueloEntidad{id=52936, inicio=2025-10-28T04:34:00Z, fin=2025-10-28T19:27:00Z, idAlmacenOrigen=14, idAlmacenDestino=10, capacidadMaximaProductos=360, capacidadOcupadaProductos=0, capacidadSinOcupar=360}
[01:42:28] Ruta: [4440]
[01:42:28] Último vuelo: VueloEntidad{id=4440, inicio=2025-10-28T10:13:00Z, fin=2025-10-29T01:06:00Z, idAlmacenOrigen=14, idAlmacenDestino=10, capacidadMaximaProductos=360, capacidadOcupadaProductos=0, capacidadSinOcupar=360}
[01:42:28] Ruta: [52996]
[01:42:28] Último vuelo: VueloEntidad{id=52996, inicio=2025-10-28T10:13:00Z, fin=2025-10-29T01:06:00Z, idAlmacenOrigen=14, idAlmacenDestino=10, capacidadMaximaProductos=360, capacidadOcupadaProductos=0, capacidadSinOcupar=360}
[01:42:28] rutasFiltradasSegunPlazoPedido: [[2210], [30705], [2216], [30765], [2222], [30825], [2211], [30706], [2217], [30766], [2223], [30826], [30707], [30767], [30827], [4439], [52995], [4445], [53055], [4428], [52876], [4434], [52936], [4440], [52996]]
[01:42:28] me llegó: 25 rutas, instante act: 2025-10-27T06:42:26.383198500Z pedido: PedidoParaAlgoritmo{id=14, idAlmacenDestino=10, pedidas=71, entregadas=0, programadas=0, restante o pendientes=71, registro=2025-10-28T17:29:00Z, instanteEntregaMax=2025-10-30T17:29:00Z}
[01:42:28] score obtenido en ruta: 0.038185251013408174 ruta
[01:42:28] score obtenido en ruta: 0.038185251013408174 ruta
[01:42:28] score obtenido en ruta: 0.11367470222222223 ruta
[01:42:28] score obtenido en ruta: 0.11367470222222223 ruta
[01:42:28] score obtenido en ruta: 0.13326365804439552 ruta
[01:42:28] score obtenido en ruta: 0.13326365804439552 ruta
[01:42:28] score obtenido en ruta: 0.3114527973671838 ruta
[01:42:28] score obtenido en ruta: 0.3114527973671838 ruta
[01:42:28] score obtenido en ruta: 0.49622516594516597 ruta
[01:42:28] score obtenido en ruta: 0.49622516594516597 ruta
[01:42:28] score obtenido en ruta: 0.5488970525676087 ruta
[01:42:28] score obtenido en ruta: 0.5488970525676087 ruta
[01:42:28] score obtenido en ruta: 1.14848147086915 ruta
[01:42:28] score obtenido en ruta: 2.1451495785440615 ruta
[01:42:28] score obtenido en ruta: 2.55209566755084 ruta
[01:42:28] score obtenido en ruta: 0.02725346449219087 ruta
[01:42:28] score obtenido en ruta: 0.02725346449219087 ruta
[01:42:28] score obtenido en ruta: 0.14434676790045345 ruta
[01:42:28] score obtenido en ruta: 0.14434676790045345 ruta
[01:42:28] score obtenido en ruta: 0.14860379228614523 ruta
[01:42:28] score obtenido en ruta: 0.14860379228614523 ruta
[01:42:28] score obtenido en ruta: 0.23742944726043927 ruta
[01:42:28] score obtenido en ruta: 0.23742944726043927 ruta
[01:42:28] score obtenido en ruta: 0.3406026138395928 ruta
[01:42:28] score obtenido en ruta: 0.3406026138395928 ruta
[01:42:28] puntajesPorRuta: {[2210]=0.038185251013408174, [2211]=0.3114527973671838, [2216]=0.11367470222222223, [30825]=0.13326365804439552, [2217]=0.49622516594516597, [30826]=0.5488970525676087, [30827]=2.55209566755084, [30765]=0.11367470222222223, [2222]=0.13326365804439552, [30766]=0.49622516594516597, [2223]=0.5488970525676087, [30767]=2.1451495785440615, [30705]=0.038185251013408174, [30706]=0.3114527973671838, [30707]=1.14848147086915, [53055]=0.14434676790045345, [52995]=0.02725346449219087, [52996]=0.3406026138395928, [52936]=0.23742944726043927, [4428]=0.14860379228614523, [52876]=0.14860379228614523, [4434]=0.23742944726043927, [4439]=0.02725346449219087, [4440]=0.3406026138395928, [4445]=0.14434676790045345}
[01:42:28] construccionGRASPParaUnaRuta: Rutas que entraron a la RCL:  
[[30827], [30767], [30707], [30826], [2223]]
[01:42:28] Simulación del almacén destino hasta siguiente inicio: pe.edu.pucp.inf.pddsbackend.modelos.dominio.Almacen@7a2ee716=0
[01:42:28] Generando rutas candidatas (inicio)
[01:42:31] EstadoGlobalMutableProblemaPlanificacion: Rutas para pedidos pendientes, cantidad:675
[01:42:31] planificar: Iteración 0: quedan 108 pedidos pendientes
[01:42:31] rutasConDestinoCompartido: [[2210], [30705], [2216], [30765], [2222], [30825], [2211], [30706], [2217], [30766], [2223], [30826], [30707], [30767], [30827], [4439], [52995], [4445], [53055], [4428], [52876], [4434], [52936], [4440], [52996]]
[01:42:31] Pedido: PedidoParaAlgoritmo{id=14, idAlmacenDestino=10, pedidas=71, entregadas=0, programadas=0, restante o pendientes=71, registro=2025-10-28T17:29:00Z, instanteEntregaMax=2025-10-30T17:29:00Z}
[01:42:31] Ruta: [2210]
[01:42:31] Último vuelo: VueloEntidad{id=2210, inicio=2025-10-27T12:09:00Z, fin=2025-10-27T18:13:00Z, idAlmacenOrigen=5, idAlmacenDestino=10, capacidadMaximaProductos=300, capacidadOcupadaProductos=0, capacidadSinOcupar=300}
[01:42:31] Ruta: [30705]
[01:42:31] Último vuelo: VueloEntidad{id=30705, inicio=2025-10-27T12:09:00Z, fin=2025-10-27T18:13:00Z, idAlmacenOrigen=5, idAlmacenDestino=10, capacidadMaximaProductos=300, capacidadOcupadaProductos=0, capacidadSinOcupar=300}
[01:42:31] Ruta: [2216]
[01:42:31] Último vuelo: VueloEntidad{id=2216, inicio=2025-10-27T20:55:00Z, fin=2025-10-28T02:59:00Z, idAlmacenOrigen=5, idAlmacenDestino=10, capacidadMaximaProductos=340, capacidadOcupadaProductos=0, capacidadSinOcupar=340}
[01:42:31] Ruta: [30765]
[01:42:31] Último vuelo: VueloEntidad{id=30765, inicio=2025-10-27T20:55:00Z, fin=2025-10-28T02:59:00Z, idAlmacenOrigen=5, idAlmacenDestino=10, capacidadMaximaProductos=340, capacidadOcupadaProductos=0, capacidadSinOcupar=340}
[01:42:31] Ruta: [2222]
[01:42:31] Último vuelo: VueloEntidad{id=2222, inicio=2025-10-27T22:51:00Z, fin=2025-10-28T04:55:00Z, idAlmacenOrigen=5, idAlmacenDestino=10, capacidadMaximaProductos=360, capacidadOcupadaProductos=0, capacidadSinOcupar=360}
[01:42:31] Ruta: [30825]
[01:42:31] Último vuelo: VueloEntidad{id=30825, inicio=2025-10-27T22:51:00Z, fin=2025-10-28T04:55:00Z, idAlmacenOrigen=5, idAlmacenDestino=10, capacidadMaximaProductos=360, capacidadOcupadaProductos=0, capacidadSinOcupar=360}
[01:42:31] Ruta: [2211]
[01:42:31] Último vuelo: VueloEntidad{id=2211, inicio=2025-10-28T12:09:00Z, fin=2025-10-28T18:13:00Z, idAlmacenOrigen=5, idAlmacenDestino=10, capacidadMaximaProductos=300, capacidadOcupadaProductos=0, capacidadSinOcupar=300}
[01:42:31] Ruta: [30706]
[01:42:31] Último vuelo: VueloEntidad{id=30706, inicio=2025-10-28T12:09:00Z, fin=2025-10-28T18:13:00Z, idAlmacenOrigen=5, idAlmacenDestino=10, capacidadMaximaProductos=300, capacidadOcupadaProductos=0, capacidadSinOcupar=300}
[01:42:31] Ruta: [2217]
[01:42:31] Último vuelo: VueloEntidad{id=2217, inicio=2025-10-28T20:55:00Z, fin=2025-10-29T02:59:00Z, idAlmacenOrigen=5, idAlmacenDestino=10, capacidadMaximaProductos=340, capacidadOcupadaProductos=0, capacidadSinOcupar=340}
[01:42:31] Ruta: [30766]
[01:42:31] Último vuelo: VueloEntidad{id=30766, inicio=2025-10-28T20:55:00Z, fin=2025-10-29T02:59:00Z, idAlmacenOrigen=5, idAlmacenDestino=10, capacidadMaximaProductos=340, capacidadOcupadaProductos=0, capacidadSinOcupar=340}
[01:42:31] Ruta: [2223]
[01:42:31] Último vuelo: VueloEntidad{id=2223, inicio=2025-10-28T22:51:00Z, fin=2025-10-29T04:55:00Z, idAlmacenOrigen=5, idAlmacenDestino=10, capacidadMaximaProductos=360, capacidadOcupadaProductos=0, capacidadSinOcupar=360}
[01:42:31] Ruta: [30826]
[01:42:31] Último vuelo: VueloEntidad{id=30826, inicio=2025-10-28T22:51:00Z, fin=2025-10-29T04:55:00Z, idAlmacenOrigen=5, idAlmacenDestino=10, capacidadMaximaProductos=360, capacidadOcupadaProductos=0, capacidadSinOcupar=360}
[01:42:31] Ruta: [30707]
[01:42:31] Último vuelo: VueloEntidad{id=30707, inicio=2025-10-29T12:09:00Z, fin=2025-10-29T18:13:00Z, idAlmacenOrigen=5, idAlmacenDestino=10, capacidadMaximaProductos=300, capacidadOcupadaProductos=0, capacidadSinOcupar=300}
[01:42:31] Ruta: [30767]
[01:42:31] Último vuelo: VueloEntidad{id=30767, inicio=2025-10-29T20:55:00Z, fin=2025-10-30T02:59:00Z, idAlmacenOrigen=5, idAlmacenDestino=10, capacidadMaximaProductos=340, capacidadOcupadaProductos=0, capacidadSinOcupar=340}
[01:42:31] Ruta: [30827]
[01:42:31] Último vuelo: VueloEntidad{id=30827, inicio=2025-10-29T22:51:00Z, fin=2025-10-30T04:55:00Z, idAlmacenOrigen=5, idAlmacenDestino=10, capacidadMaximaProductos=360, capacidadOcupadaProductos=0, capacidadSinOcupar=360}
[01:42:31] Ruta: [4439]
[01:42:31] Último vuelo: VueloEntidad{id=4439, inicio=2025-10-27T10:13:00Z, fin=2025-10-28T01:06:00Z, idAlmacenOrigen=14, idAlmacenDestino=10, capacidadMaximaProductos=360, capacidadOcupadaProductos=0, capacidadSinOcupar=360}
[01:42:31] Ruta: [52995]
[01:42:31] Último vuelo: VueloEntidad{id=52995, inicio=2025-10-27T10:13:00Z, fin=2025-10-28T01:06:00Z, idAlmacenOrigen=14, idAlmacenDestino=10, capacidadMaximaProductos=360, capacidadOcupadaProductos=0, capacidadSinOcupar=360}
[01:42:31] Ruta: [4445]
[01:42:31] Último vuelo: VueloEntidad{id=4445, inicio=2025-10-27T21:55:00Z, fin=2025-10-28T12:48:00Z, idAlmacenOrigen=14, idAlmacenDestino=10, capacidadMaximaProductos=320, capacidadOcupadaProductos=0, capacidadSinOcupar=320}
[01:42:31] Ruta: [53055]
[01:42:31] Último vuelo: VueloEntidad{id=53055, inicio=2025-10-27T21:55:00Z, fin=2025-10-28T12:48:00Z, idAlmacenOrigen=14, idAlmacenDestino=10, capacidadMaximaProductos=320, capacidadOcupadaProductos=0, capacidadSinOcupar=320}
[01:42:31] Ruta: [4428]
[01:42:31] Último vuelo: VueloEntidad{id=4428, inicio=2025-10-27T22:02:00Z, fin=2025-10-28T13:55:00Z, idAlmacenOrigen=14, idAlmacenDestino=10, capacidadMaximaProductos=340, capacidadOcupadaProductos=0, capacidadSinOcupar=340}
[01:42:31] Ruta: [52876]
[01:42:31] Último vuelo: VueloEntidad{id=52876, inicio=2025-10-27T22:02:00Z, fin=2025-10-28T13:55:00Z, idAlmacenOrigen=14, idAlmacenDestino=10, capacidadMaximaProductos=340, capacidadOcupadaProductos=0, capacidadSinOcupar=340}
[01:42:31] Ruta: [4434]
[01:42:31] Último vuelo: VueloEntidad{id=4434, inicio=2025-10-28T04:34:00Z, fin=2025-10-28T19:27:00Z, idAlmacenOrigen=14, idAlmacenDestino=10, capacidadMaximaProductos=360, capacidadOcupadaProductos=0, capacidadSinOcupar=360}
[01:42:31] Ruta: [52936]
[01:42:31] Último vuelo: VueloEntidad{id=52936, inicio=2025-10-28T04:34:00Z, fin=2025-10-28T19:27:00Z, idAlmacenOrigen=14, idAlmacenDestino=10, capacidadMaximaProductos=360, capacidadOcupadaProductos=0, capacidadSinOcupar=360}
[01:42:31] Ruta: [4440]
[01:42:31] Último vuelo: VueloEntidad{id=4440, inicio=2025-10-28T10:13:00Z, fin=2025-10-29T01:06:00Z, idAlmacenOrigen=14, idAlmacenDestino=10, capacidadMaximaProductos=360, capacidadOcupadaProductos=0, capacidadSinOcupar=360}
[01:42:31] Ruta: [52996]
[01:42:31] Último vuelo: VueloEntidad{id=52996, inicio=2025-10-28T10:13:00Z, fin=2025-10-29T01:06:00Z, idAlmacenOrigen=14, idAlmacenDestino=10, capacidadMaximaProductos=360, capacidadOcupadaProductos=0, capacidadSinOcupar=360}
[01:42:31] rutasFiltradasSegunPlazoPedido: [[2210], [30705], [2216], [30765], [2222], [30825], [2211], [30706], [2217], [30766], [2223], [30826], [30707], [30767], [30827], [4439], [52995], [4445], [53055], [4428], [52876], [4434], [52936], [4440], [52996]]
[01:42:31] me llegó: 25 rutas, instante act: 2025-10-27T06:42:28.917518100Z pedido: PedidoParaAlgoritmo{id=14, idAlmacenDestino=10, pedidas=71, entregadas=0, programadas=0, restante o pendientes=71, registro=2025-10-28T17:29:00Z, instanteEntregaMax=2025-10-30T17:29:00Z}
[01:42:31] score obtenido en ruta: 0.03818031259744309 ruta
[01:42:31] score obtenido en ruta: 0.03818031259744309 ruta
[01:42:31] score obtenido en ruta: 0.11366907111111112 ruta
[01:42:31] score obtenido en ruta: 0.11366907111111112 ruta
[01:42:31] score obtenido en ruta: 0.13325784718400294 ruta
[01:42:31] score obtenido en ruta: 0.13325784718400294 ruta
[01:42:31] score obtenido en ruta: 0.31144535143394453 ruta
[01:42:31] score obtenido en ruta: 0.31144535143394453 ruta
[01:42:31] score obtenido en ruta: 0.49621602453102454 ruta
[01:42:31] score obtenido en ruta: 0.49621602453102454 ruta
[01:42:31] score obtenido en ruta: 0.5488874278334852 ruta
[01:42:31] score obtenido en ruta: 0.5488874278334852 ruta
[01:42:31] score obtenido en ruta: 1.1484663443170964 ruta
[01:42:31] score obtenido en ruta: 2.14512530651341 ruta
[01:42:31] score obtenido en ruta: 2.552067661361627 ruta
[01:42:31] score obtenido en ruta: 0.027247998101648116 ruta
[01:42:31] score obtenido en ruta: 0.027247998101648116 ruta
[01:42:31] score obtenido en ruta: 0.14434008752504482 ruta
[01:42:31] score obtenido en ruta: 0.14434008752504482 ruta
[01:42:31] score obtenido en ruta: 0.14859696724843785 ruta
[01:42:31] score obtenido en ruta: 0.14859696724843785 ruta
[01:42:31] score obtenido en ruta: 0.2374218018344195 ruta
[01:42:31] score obtenido en ruta: 0.2374218018344195 ruta
[01:42:31] score obtenido en ruta: 0.3405938987481084 ruta
[01:42:31] score obtenido en ruta: 0.3405938987481084 ruta
[01:42:31] puntajesPorRuta: {[2210]=0.03818031259744309, [2211]=0.31144535143394453, [2216]=0.11366907111111112, [30825]=0.13325784718400294, [2217]=0.49621602453102454, [30826]=0.5488874278334852, [30827]=2.552067661361627, [30765]=0.11366907111111112, [2222]=0.13325784718400294, [30766]=0.49621602453102454, [2223]=0.5488874278334852, [30767]=2.14512530651341, [30705]=0.03818031259744309, [30706]=0.31144535143394453, [30707]=1.1484663443170964, [53055]=0.14434008752504482, [52995]=0.027247998101648116, [52996]=0.3405938987481084, [52936]=0.2374218018344195, [4428]=0.14859696724843785, [52876]=0.14859696724843785, [4434]=0.2374218018344195, [4439]=0.027247998101648116, [4440]=0.3405938987481084, [4445]=0.14434008752504482}
[01:42:31] construccionGRASPParaUnaRuta: Rutas que entraron a la RCL:  
[[30827], [30767], [30707], [30826], [2223]]
[01:42:31] Simulación del almacén destino hasta siguiente inicio: pe.edu.pucp.inf.pddsbackend.modelos.dominio.Almacen@2cfdc852=0
[01:42:31] Generando rutas candidatas (inicio)
[01:42:33] EstadoGlobalMutableProblemaPlanificacion: Rutas para pedidos pendientes, cantidad:675
[01:42:33] planificar: Iteración 0: quedan 108 pedidos pendientes
[01:42:33] rutasConDestinoCompartido: [[2210], [30705], [2216], [30765], [2222], [30825], [2211], [30706], [2217], [30766], [2223], [30826], [30707], [30767], [30827], [4439], [52995], [4445], [53055], [4428], [52876], [4434], [52936], [4440], [52996]]
[01:42:33] Pedido: PedidoParaAlgoritmo{id=14, idAlmacenDestino=10, pedidas=71, entregadas=0, programadas=0, restante o pendientes=71, registro=2025-10-28T17:29:00Z, instanteEntregaMax=2025-10-30T17:29:00Z}
[01:42:33] Ruta: [2210]
[01:42:33] Último vuelo: VueloEntidad{id=2210, inicio=2025-10-27T12:09:00Z, fin=2025-10-27T18:13:00Z, idAlmacenOrigen=5, idAlmacenDestino=10, capacidadMaximaProductos=300, capacidadOcupadaProductos=0, capacidadSinOcupar=300}
[01:42:33] Ruta: [30705]
[01:42:33] Último vuelo: VueloEntidad{id=30705, inicio=2025-10-27T12:09:00Z, fin=2025-10-27T18:13:00Z, idAlmacenOrigen=5, idAlmacenDestino=10, capacidadMaximaProductos=300, capacidadOcupadaProductos=0, capacidadSinOcupar=300}
[01:42:33] Ruta: [2216]
[01:42:33] Último vuelo: VueloEntidad{id=2216, inicio=2025-10-27T20:55:00Z, fin=2025-10-28T02:59:00Z, idAlmacenOrigen=5, idAlmacenDestino=10, capacidadMaximaProductos=340, capacidadOcupadaProductos=0, capacidadSinOcupar=340}
[01:42:33] Ruta: [30765]
[01:42:33] Último vuelo: VueloEntidad{id=30765, inicio=2025-10-27T20:55:00Z, fin=2025-10-28T02:59:00Z, idAlmacenOrigen=5, idAlmacenDestino=10, capacidadMaximaProductos=340, capacidadOcupadaProductos=0, capacidadSinOcupar=340}
[01:42:33] Ruta: [2222]
[01:42:33] Último vuelo: VueloEntidad{id=2222, inicio=2025-10-27T22:51:00Z, fin=2025-10-28T04:55:00Z, idAlmacenOrigen=5, idAlmacenDestino=10, capacidadMaximaProductos=360, capacidadOcupadaProductos=0, capacidadSinOcupar=360}
[01:42:33] Ruta: [30825]
[01:42:33] Último vuelo: VueloEntidad{id=30825, inicio=2025-10-27T22:51:00Z, fin=2025-10-28T04:55:00Z, idAlmacenOrigen=5, idAlmacenDestino=10, capacidadMaximaProductos=360, capacidadOcupadaProductos=0, capacidadSinOcupar=360}
[01:42:33] Ruta: [2211]
[01:42:33] Último vuelo: VueloEntidad{id=2211, inicio=2025-10-28T12:09:00Z, fin=2025-10-28T18:13:00Z, idAlmacenOrigen=5, idAlmacenDestino=10, capacidadMaximaProductos=300, capacidadOcupadaProductos=0, capacidadSinOcupar=300}
[01:42:33] Ruta: [30706]
[01:42:33] Último vuelo: VueloEntidad{id=30706, inicio=2025-10-28T12:09:00Z, fin=2025-10-28T18:13:00Z, idAlmacenOrigen=5, idAlmacenDestino=10, capacidadMaximaProductos=300, capacidadOcupadaProductos=0, capacidadSinOcupar=300}
[01:42:33] Ruta: [2217]
[01:42:33] Último vuelo: VueloEntidad{id=2217, inicio=2025-10-28T20:55:00Z, fin=2025-10-29T02:59:00Z, idAlmacenOrigen=5, idAlmacenDestino=10, capacidadMaximaProductos=340, capacidadOcupadaProductos=0, capacidadSinOcupar=340}
[01:42:33] Ruta: [30766]
[01:42:33] Último vuelo: VueloEntidad{id=30766, inicio=2025-10-28T20:55:00Z, fin=2025-10-29T02:59:00Z, idAlmacenOrigen=5, idAlmacenDestino=10, capacidadMaximaProductos=340, capacidadOcupadaProductos=0, capacidadSinOcupar=340}
[01:42:33] Ruta: [2223]
[01:42:33] Último vuelo: VueloEntidad{id=2223, inicio=2025-10-28T22:51:00Z, fin=2025-10-29T04:55:00Z, idAlmacenOrigen=5, idAlmacenDestino=10, capacidadMaximaProductos=360, capacidadOcupadaProductos=0, capacidadSinOcupar=360}
[01:42:33] Ruta: [30826]
[01:42:33] Último vuelo: VueloEntidad{id=30826, inicio=2025-10-28T22:51:00Z, fin=2025-10-29T04:55:00Z, idAlmacenOrigen=5, idAlmacenDestino=10, capacidadMaximaProductos=360, capacidadOcupadaProductos=0, capacidadSinOcupar=360}
[01:42:33] Ruta: [30707]
[01:42:33] Último vuelo: VueloEntidad{id=30707, inicio=2025-10-29T12:09:00Z, fin=2025-10-29T18:13:00Z, idAlmacenOrigen=5, idAlmacenDestino=10, capacidadMaximaProductos=300, capacidadOcupadaProductos=0, capacidadSinOcupar=300}
[01:42:33] Ruta: [30767]
[01:42:33] Último vuelo: VueloEntidad{id=30767, inicio=2025-10-29T20:55:00Z, fin=2025-10-30T02:59:00Z, idAlmacenOrigen=5, idAlmacenDestino=10, capacidadMaximaProductos=340, capacidadOcupadaProductos=0, capacidadSinOcupar=340}
[01:42:33] Ruta: [30827]
[01:42:33] Último vuelo: VueloEntidad{id=30827, inicio=2025-10-29T22:51:00Z, fin=2025-10-30T04:55:00Z, idAlmacenOrigen=5, idAlmacenDestino=10, capacidadMaximaProductos=360, capacidadOcupadaProductos=0, capacidadSinOcupar=360}
[01:42:33] Ruta: [4439]
[01:42:33] Último vuelo: VueloEntidad{id=4439, inicio=2025-10-27T10:13:00Z, fin=2025-10-28T01:06:00Z, idAlmacenOrigen=14, idAlmacenDestino=10, capacidadMaximaProductos=360, capacidadOcupadaProductos=0, capacidadSinOcupar=360}
[01:42:33] Ruta: [52995]
[01:42:33] Último vuelo: VueloEntidad{id=52995, inicio=2025-10-27T10:13:00Z, fin=2025-10-28T01:06:00Z, idAlmacenOrigen=14, idAlmacenDestino=10, capacidadMaximaProductos=360, capacidadOcupadaProductos=0, capacidadSinOcupar=360}
[01:42:33] Ruta: [4445]
[01:42:33] Último vuelo: VueloEntidad{id=4445, inicio=2025-10-27T21:55:00Z, fin=2025-10-28T12:48:00Z, idAlmacenOrigen=14, idAlmacenDestino=10, capacidadMaximaProductos=320, capacidadOcupadaProductos=0, capacidadSinOcupar=320}
[01:42:33] Ruta: [53055]
[01:42:33] Último vuelo: VueloEntidad{id=53055, inicio=2025-10-27T21:55:00Z, fin=2025-10-28T12:48:00Z, idAlmacenOrigen=14, idAlmacenDestino=10, capacidadMaximaProductos=320, capacidadOcupadaProductos=0, capacidadSinOcupar=320}
[01:42:33] Ruta: [4428]
[01:42:33] Último vuelo: VueloEntidad{id=4428, inicio=2025-10-27T22:02:00Z, fin=2025-10-28T13:55:00Z, idAlmacenOrigen=14, idAlmacenDestino=10, capacidadMaximaProductos=340, capacidadOcupadaProductos=0, capacidadSinOcupar=340}
[01:42:33] Ruta: [52876]
[01:42:33] Último vuelo: VueloEntidad{id=52876, inicio=2025-10-27T22:02:00Z, fin=2025-10-28T13:55:00Z, idAlmacenOrigen=14, idAlmacenDestino=10, capacidadMaximaProductos=340, capacidadOcupadaProductos=0, capacidadSinOcupar=340}
[01:42:33] Ruta: [4434]
[01:42:33] Último vuelo: VueloEntidad{id=4434, inicio=2025-10-28T04:34:00Z, fin=2025-10-28T19:27:00Z, idAlmacenOrigen=14, idAlmacenDestino=10, capacidadMaximaProductos=360, capacidadOcupadaProductos=0, capacidadSinOcupar=360}
[01:42:33] Ruta: [52936]
[01:42:33] Último vuelo: VueloEntidad{id=52936, inicio=2025-10-28T04:34:00Z, fin=2025-10-28T19:27:00Z, idAlmacenOrigen=14, idAlmacenDestino=10, capacidadMaximaProductos=360, capacidadOcupadaProductos=0, capacidadSinOcupar=360}
[01:42:33] Ruta: [4440]
[01:42:33] Último vuelo: VueloEntidad{id=4440, inicio=2025-10-28T10:13:00Z, fin=2025-10-29T01:06:00Z, idAlmacenOrigen=14, idAlmacenDestino=10, capacidadMaximaProductos=360, capacidadOcupadaProductos=0, capacidadSinOcupar=360}
[01:42:33] Ruta: [52996]
[01:42:33] Último vuelo: VueloEntidad{id=52996, inicio=2025-10-28T10:13:00Z, fin=2025-10-29T01:06:00Z, idAlmacenOrigen=14, idAlmacenDestino=10, capacidadMaximaProductos=360, capacidadOcupadaProductos=0, capacidadSinOcupar=360}
[01:42:33] rutasFiltradasSegunPlazoPedido: [[2210], [30705], [2216], [30765], [2222], [30825], [2211], [30706], [2217], [30766], [2223], [30826], [30707], [30767], [30827], [4439], [52995], [4445], [53055], [4428], [52876], [4434], [52936], [4440], [52996]]
[01:42:33] me llegó: 25 rutas, instante act: 2025-10-27T06:42:31.437745100Z pedido: PedidoParaAlgoritmo{id=14, idAlmacenDestino=10, pedidas=71, entregadas=0, programadas=0, restante o pendientes=71, registro=2025-10-28T17:29:00Z, instanteEntregaMax=2025-10-30T17:29:00Z}
[01:42:33] score obtenido en ruta: 0.03817540146554413 ruta
[01:42:33] score obtenido en ruta: 0.03817540146554413 ruta
[01:42:33] score obtenido en ruta: 0.11366347111111111 ruta
[01:42:33] score obtenido en ruta: 0.11366347111111111 ruta
[01:42:33] score obtenido en ruta: 0.1332520684278114 ruta
[01:42:33] score obtenido en ruta: 0.1332520684278114 ruta
[01:42:33] score obtenido en ruta: 0.3114379466384579 ruta
[01:42:33] score obtenido en ruta: 0.3114379466384579 ruta
[01:42:33] score obtenido en ruta: 0.49620693362193363 ruta
[01:42:33] score obtenido en ruta: 0.49620693362193363 ruta
[01:42:33] score obtenido en ruta: 0.5488778562746885 ruta
[01:42:33] score obtenido en ruta: 0.5488778562746885 ruta
[01:42:33] score obtenido en ruta: 1.1484513013371538 ruta
[01:42:33] score obtenido en ruta: 2.1451011685823755 ruta
[01:42:33] score obtenido en ruta: 2.552039809902741 ruta
[01:42:33] score obtenido en ruta: 0.02724256191215808 ruta
[01:42:33] score obtenido en ruta: 0.02724256191215808 ruta
[01:42:33] score obtenido en ruta: 0.1443334440577876 ruta
[01:42:33] score obtenido en ruta: 0.1443334440577876 ruta
[01:42:33] score obtenido en ruta: 0.1485901799181211 ruta
[01:42:33] score obtenido en ruta: 0.1485901799181211 ruta
[01:42:33] score obtenido en ruta: 0.2374141986483225 ruta
[01:42:33] score obtenido en ruta: 0.2374141986483225 ruta
[01:42:33] score obtenido en ruta: 0.34058523180630074 ruta
[01:42:33] score obtenido en ruta: 0.34058523180630074 ruta
[01:42:33] puntajesPorRuta: {[2210]=0.03817540146554413, [2211]=0.3114379466384579, [2216]=0.11366347111111111, [30825]=0.1332520684278114, [2217]=0.49620693362193363, [30826]=0.5488778562746885, [30827]=2.552039809902741, [30765]=0.11366347111111111, [2222]=0.1332520684278114, [30766]=0.49620693362193363, [2223]=0.5488778562746885, [30767]=2.1451011685823755, [30705]=0.03817540146554413, [30706]=0.3114379466384579, [30707]=1.1484513013371538, [53055]=0.1443334440577876, [52995]=0.02724256191215808, [52996]=0.34058523180630074, [52936]=0.2374141986483225, [4428]=0.1485901799181211, [52876]=0.1485901799181211, [4434]=0.2374141986483225, [4439]=0.02724256191215808, [4440]=0.34058523180630074, [4445]=0.1443334440577876}
[01:42:33] construccionGRASPParaUnaRuta: Rutas que entraron a la RCL:  
[[30827], [30767], [30707], [30826], [2223]]
[01:42:33] Simulación del almacén destino hasta siguiente inicio: pe.edu.pucp.inf.pddsbackend.modelos.dominio.Almacen@3d11291c=0
[01:42:33] Generando rutas candidatas (inicio)
[01:42:36] EstadoGlobalMutableProblemaPlanificacion: Rutas para pedidos pendientes, cantidad:675
[01:42:36] planificar: Iteración 0: quedan 108 pedidos pendientes
[01:42:36] rutasConDestinoCompartido: [[2210], [30705], [2216], [30765], [2222], [30825], [2211], [30706], [2217], [30766], [2223], [30826], [30707], [30767], [30827], [4439], [52995], [4445], [53055], [4428], [52876], [4434], [52936], [4440], [52996]]
[01:42:36] Pedido: PedidoParaAlgoritmo{id=14, idAlmacenDestino=10, pedidas=71, entregadas=0, programadas=0, restante o pendientes=71, registro=2025-10-28T17:29:00Z, instanteEntregaMax=2025-10-30T17:29:00Z}
[01:42:36] Ruta: [2210]
[01:42:36] Último vuelo: VueloEntidad{id=2210, inicio=2025-10-27T12:09:00Z, fin=2025-10-27T18:13:00Z, idAlmacenOrigen=5, idAlmacenDestino=10, capacidadMaximaProductos=300, capacidadOcupadaProductos=0, capacidadSinOcupar=300}
[01:42:36] Ruta: [30705]
[01:42:36] Último vuelo: VueloEntidad{id=30705, inicio=2025-10-27T12:09:00Z, fin=2025-10-27T18:13:00Z, idAlmacenOrigen=5, idAlmacenDestino=10, capacidadMaximaProductos=300, capacidadOcupadaProductos=0, capacidadSinOcupar=300}
[01:42:36] Ruta: [2216]
[01:42:36] Último vuelo: VueloEntidad{id=2216, inicio=2025-10-27T20:55:00Z, fin=2025-10-28T02:59:00Z, idAlmacenOrigen=5, idAlmacenDestino=10, capacidadMaximaProductos=340, capacidadOcupadaProductos=0, capacidadSinOcupar=340}
[01:42:36] Ruta: [30765]
[01:42:36] Último vuelo: VueloEntidad{id=30765, inicio=2025-10-27T20:55:00Z, fin=2025-10-28T02:59:00Z, idAlmacenOrigen=5, idAlmacenDestino=10, capacidadMaximaProductos=340, capacidadOcupadaProductos=0, capacidadSinOcupar=340}
[01:42:36] Ruta: [2222]
[01:42:36] Último vuelo: VueloEntidad{id=2222, inicio=2025-10-27T22:51:00Z, fin=2025-10-28T04:55:00Z, idAlmacenOrigen=5, idAlmacenDestino=10, capacidadMaximaProductos=360, capacidadOcupadaProductos=0, capacidadSinOcupar=360}
[01:42:36] Ruta: [30825]
[01:42:36] Último vuelo: VueloEntidad{id=30825, inicio=2025-10-27T22:51:00Z, fin=2025-10-28T04:55:00Z, idAlmacenOrigen=5, idAlmacenDestino=10, capacidadMaximaProductos=360, capacidadOcupadaProductos=0, capacidadSinOcupar=360}
[01:42:36] Ruta: [2211]
[01:42:36] Último vuelo: VueloEntidad{id=2211, inicio=2025-10-28T12:09:00Z, fin=2025-10-28T18:13:00Z, idAlmacenOrigen=5, idAlmacenDestino=10, capacidadMaximaProductos=300, capacidadOcupadaProductos=0, capacidadSinOcupar=300}
[01:42:36] Ruta: [30706]
[01:42:36] Último vuelo: VueloEntidad{id=30706, inicio=2025-10-28T12:09:00Z, fin=2025-10-28T18:13:00Z, idAlmacenOrigen=5, idAlmacenDestino=10, capacidadMaximaProductos=300, capacidadOcupadaProductos=0, capacidadSinOcupar=300}
[01:42:36] Ruta: [2217]
[01:42:36] Último vuelo: VueloEntidad{id=2217, inicio=2025-10-28T20:55:00Z, fin=2025-10-29T02:59:00Z, idAlmacenOrigen=5, idAlmacenDestino=10, capacidadMaximaProductos=340, capacidadOcupadaProductos=0, capacidadSinOcupar=340}
[01:42:36] Ruta: [30766]
[01:42:36] Último vuelo: VueloEntidad{id=30766, inicio=2025-10-28T20:55:00Z, fin=2025-10-29T02:59:00Z, idAlmacenOrigen=5, idAlmacenDestino=10, capacidadMaximaProductos=340, capacidadOcupadaProductos=0, capacidadSinOcupar=340}
[01:42:36] Ruta: [2223]
[01:42:36] Último vuelo: VueloEntidad{id=2223, inicio=2025-10-28T22:51:00Z, fin=2025-10-29T04:55:00Z, idAlmacenOrigen=5, idAlmacenDestino=10, capacidadMaximaProductos=360, capacidadOcupadaProductos=0, capacidadSinOcupar=360}
[01:42:36] Ruta: [30826]
[01:42:36] Último vuelo: VueloEntidad{id=30826, inicio=2025-10-28T22:51:00Z, fin=2025-10-29T04:55:00Z, idAlmacenOrigen=5, idAlmacenDestino=10, capacidadMaximaProductos=360, capacidadOcupadaProductos=0, capacidadSinOcupar=360}
[01:42:36] Ruta: [30707]
[01:42:36] Último vuelo: VueloEntidad{id=30707, inicio=2025-10-29T12:09:00Z, fin=2025-10-29T18:13:00Z, idAlmacenOrigen=5, idAlmacenDestino=10, capacidadMaximaProductos=300, capacidadOcupadaProductos=0, capacidadSinOcupar=300}
[01:42:36] Ruta: [30767]
[01:42:36] Último vuelo: VueloEntidad{id=30767, inicio=2025-10-29T20:55:00Z, fin=2025-10-30T02:59:00Z, idAlmacenOrigen=5, idAlmacenDestino=10, capacidadMaximaProductos=340, capacidadOcupadaProductos=0, capacidadSinOcupar=340}
[01:42:36] Ruta: [30827]
[01:42:36] Último vuelo: VueloEntidad{id=30827, inicio=2025-10-29T22:51:00Z, fin=2025-10-30T04:55:00Z, idAlmacenOrigen=5, idAlmacenDestino=10, capacidadMaximaProductos=360, capacidadOcupadaProductos=0, capacidadSinOcupar=360}
[01:42:36] Ruta: [4439]
[01:42:36] Último vuelo: VueloEntidad{id=4439, inicio=2025-10-27T10:13:00Z, fin=2025-10-28T01:06:00Z, idAlmacenOrigen=14, idAlmacenDestino=10, capacidadMaximaProductos=360, capacidadOcupadaProductos=0, capacidadSinOcupar=360}
[01:42:36] Ruta: [52995]
[01:42:36] Último vuelo: VueloEntidad{id=52995, inicio=2025-10-27T10:13:00Z, fin=2025-10-28T01:06:00Z, idAlmacenOrigen=14, idAlmacenDestino=10, capacidadMaximaProductos=360, capacidadOcupadaProductos=0, capacidadSinOcupar=360}
[01:42:36] Ruta: [4445]
[01:42:36] Último vuelo: VueloEntidad{id=4445, inicio=2025-10-27T21:55:00Z, fin=2025-10-28T12:48:00Z, idAlmacenOrigen=14, idAlmacenDestino=10, capacidadMaximaProductos=320, capacidadOcupadaProductos=0, capacidadSinOcupar=320}
[01:42:36] Ruta: [53055]
[01:42:36] Último vuelo: VueloEntidad{id=53055, inicio=2025-10-27T21:55:00Z, fin=2025-10-28T12:48:00Z, idAlmacenOrigen=14, idAlmacenDestino=10, capacidadMaximaProductos=320, capacidadOcupadaProductos=0, capacidadSinOcupar=320}
[01:42:36] Ruta: [4428]
[01:42:36] Último vuelo: VueloEntidad{id=4428, inicio=2025-10-27T22:02:00Z, fin=2025-10-28T13:55:00Z, idAlmacenOrigen=14, idAlmacenDestino=10, capacidadMaximaProductos=340, capacidadOcupadaProductos=0, capacidadSinOcupar=340}
[01:42:36] Ruta: [52876]
[01:42:36] Último vuelo: VueloEntidad{id=52876, inicio=2025-10-27T22:02:00Z, fin=2025-10-28T13:55:00Z, idAlmacenOrigen=14, idAlmacenDestino=10, capacidadMaximaProductos=340, capacidadOcupadaProductos=0, capacidadSinOcupar=340}
[01:42:36] Ruta: [4434]
[01:42:36] Último vuelo: VueloEntidad{id=4434, inicio=2025-10-28T04:34:00Z, fin=2025-10-28T19:27:00Z, idAlmacenOrigen=14, idAlmacenDestino=10, capacidadMaximaProductos=360, capacidadOcupadaProductos=0, capacidadSinOcupar=360}
[01:42:36] Ruta: [52936]
[01:42:36] Último vuelo: VueloEntidad{id=52936, inicio=2025-10-28T04:34:00Z, fin=2025-10-28T19:27:00Z, idAlmacenOrigen=14, idAlmacenDestino=10, capacidadMaximaProductos=360, capacidadOcupadaProductos=0, capacidadSinOcupar=360}
[01:42:36] Ruta: [4440]
[01:42:36] Último vuelo: VueloEntidad{id=4440, inicio=2025-10-28T10:13:00Z, fin=2025-10-29T01:06:00Z, idAlmacenOrigen=14, idAlmacenDestino=10, capacidadMaximaProductos=360, capacidadOcupadaProductos=0, capacidadSinOcupar=360}
[01:42:36] Ruta: [52996]
[01:42:36] Último vuelo: VueloEntidad{id=52996, inicio=2025-10-28T10:13:00Z, fin=2025-10-29T01:06:00Z, idAlmacenOrigen=14, idAlmacenDestino=10, capacidadMaximaProductos=360, capacidadOcupadaProductos=0, capacidadSinOcupar=360}
[01:42:36] rutasFiltradasSegunPlazoPedido: [[2210], [30705], [2216], [30765], [2222], [30825], [2211], [30706], [2217], [30766], [2223], [30826], [30707], [30767], [30827], [4439], [52995], [4445], [53055], [4428], [52876], [4434], [52936], [4440], [52996]]
[01:42:36] me llegó: 25 rutas, instante act: 2025-10-27T06:42:33.954341100Z pedido: PedidoParaAlgoritmo{id=14, idAlmacenDestino=10, pedidas=71, entregadas=0, programadas=0, restante o pendientes=71, registro=2025-10-28T17:29:00Z, instanteEntregaMax=2025-10-30T17:29:00Z}
[01:42:36] score obtenido en ruta: 0.038170496180230745 ruta
[01:42:36] score obtenido en ruta: 0.038170496180230745 ruta
[01:42:36] score obtenido en ruta: 0.11365787777777778 ruta
[01:42:36] score obtenido en ruta: 0.11365787777777778 ruta
[01:42:36] score obtenido en ruta: 0.13324629655109155 ruta
[01:42:36] score obtenido en ruta: 0.13324629655109155 ruta
[01:42:36] score obtenido en ruta: 0.311430550658204 ruta
[01:42:36] score obtenido en ruta: 0.311430550658204 ruta
[01:42:36] score obtenido en ruta: 0.49619785353535356 ruta
[01:42:36] score obtenido en ruta: 0.49619785353535356 ruta
[01:42:36] score obtenido en ruta: 0.5488682961106047 ruta
[01:42:36] score obtenido en ruta: 0.5488682961106047 ruta
[01:42:36] score obtenido en ruta: 1.1484362762655207 ruta
[01:42:36] score obtenido en ruta: 2.1450770593869732 ruta
[01:42:36] score obtenido en ruta: 2.5520119916003536 ruta
[01:42:36] score obtenido en ruta: 0.0272371321943222 ruta
[01:42:36] score obtenido en ruta: 0.0272371321943222 ruta
[01:42:36] score obtenido en ruta: 0.14432680849942 ruta
[01:42:36] score obtenido en ruta: 0.14432680849942 ruta
[01:42:36] score obtenido en ruta: 0.1485834006679595 ruta
[01:42:36] score obtenido en ruta: 0.1485834006679595 ruta
[01:42:36] score obtenido en ruta: 0.23740660451363746 ruta
[01:42:36] score obtenido en ruta: 0.23740660451363746 ruta
[01:42:36] score obtenido en ruta: 0.3405765751822809 ruta
[01:42:36] score obtenido en ruta: 0.3405765751822809 ruta
[01:42:36] puntajesPorRuta: {[2210]=0.038170496180230745, [2211]=0.311430550658204, [2216]=0.11365787777777778, [30825]=0.13324629655109155, [2217]=0.49619785353535356, [30826]=0.5488682961106047, [30827]=2.5520119916003536, [30765]=0.11365787777777778, [2222]=0.13324629655109155, [30766]=0.49619785353535356, [2223]=0.5488682961106047, [30767]=2.1450770593869732, [30705]=0.038170496180230745, [30706]=0.311430550658204, [30707]=1.1484362762655207, [53055]=0.14432680849942, [52995]=0.0272371321943222, [52996]=0.3405765751822809, [52936]=0.23740660451363746, [4428]=0.1485834006679595, [52876]=0.1485834006679595, [4434]=0.23740660451363746, [4439]=0.0272371321943222, [4440]=0.3405765751822809, [4445]=0.14432680849942}
[01:42:36] construccionGRASPParaUnaRuta: Rutas que entraron a la RCL:  
[[30827], [30767], [30707], [30826], [2223]]
[01:42:36] Simulación del almacén destino hasta siguiente inicio: pe.edu.pucp.inf.pddsbackend.modelos.dominio.Almacen@472b464a=0
[01:42:36] Generando rutas candidatas (inicio)
[01:42:39] EstadoGlobalMutableProblemaPlanificacion: Rutas para pedidos pendientes, cantidad:675
[01:42:39] planificar: Iteración 0: quedan 108 pedidos pendientes
[01:42:39] rutasConDestinoCompartido: [[2210], [30705], [2216], [30765], [2222], [30825], [2211], [30706], [2217], [30766], [2223], [30826], [30707], [30767], [30827], [4439], [52995], [4445], [53055], [4428], [52876], [4434], [52936], [4440], [52996]]
[01:42:39] Pedido: PedidoParaAlgoritmo{id=14, idAlmacenDestino=10, pedidas=71, entregadas=0, programadas=0, restante o pendientes=71, registro=2025-10-28T17:29:00Z, instanteEntregaMax=2025-10-30T17:29:00Z}
[01:42:39] Ruta: [2210]
[01:42:39] Último vuelo: VueloEntidad{id=2210, inicio=2025-10-27T12:09:00Z, fin=2025-10-27T18:13:00Z, idAlmacenOrigen=5, idAlmacenDestino=10, capacidadMaximaProductos=300, capacidadOcupadaProductos=0, capacidadSinOcupar=300}
[01:42:39] Ruta: [30705]
[01:42:39] Último vuelo: VueloEntidad{id=30705, inicio=2025-10-27T12:09:00Z, fin=2025-10-27T18:13:00Z, idAlmacenOrigen=5, idAlmacenDestino=10, capacidadMaximaProductos=300, capacidadOcupadaProductos=0, capacidadSinOcupar=300}
[01:42:39] Ruta: [2216]
[01:42:39] Último vuelo: VueloEntidad{id=2216, inicio=2025-10-27T20:55:00Z, fin=2025-10-28T02:59:00Z, idAlmacenOrigen=5, idAlmacenDestino=10, capacidadMaximaProductos=340, capacidadOcupadaProductos=0, capacidadSinOcupar=340}
[01:42:39] Ruta: [30765]
[01:42:39] Último vuelo: VueloEntidad{id=30765, inicio=2025-10-27T20:55:00Z, fin=2025-10-28T02:59:00Z, idAlmacenOrigen=5, idAlmacenDestino=10, capacidadMaximaProductos=340, capacidadOcupadaProductos=0, capacidadSinOcupar=340}
[01:42:39] Ruta: [2222]
[01:42:39] Último vuelo: VueloEntidad{id=2222, inicio=2025-10-27T22:51:00Z, fin=2025-10-28T04:55:00Z, idAlmacenOrigen=5, idAlmacenDestino=10, capacidadMaximaProductos=360, capacidadOcupadaProductos=0, capacidadSinOcupar=360}
[01:42:39] Ruta: [30825]
[01:42:39] Último vuelo: VueloEntidad{id=30825, inicio=2025-10-27T22:51:00Z, fin=2025-10-28T04:55:00Z, idAlmacenOrigen=5, idAlmacenDestino=10, capacidadMaximaProductos=360, capacidadOcupadaProductos=0, capacidadSinOcupar=360}
[01:42:39] Ruta: [2211]
[01:42:39] Último vuelo: VueloEntidad{id=2211, inicio=2025-10-28T12:09:00Z, fin=2025-10-28T18:13:00Z, idAlmacenOrigen=5, idAlmacenDestino=10, capacidadMaximaProductos=300, capacidadOcupadaProductos=0, capacidadSinOcupar=300}
[01:42:39] Ruta: [30706]
[01:42:39] Último vuelo: VueloEntidad{id=30706, inicio=2025-10-28T12:09:00Z, fin=2025-10-28T18:13:00Z, idAlmacenOrigen=5, idAlmacenDestino=10, capacidadMaximaProductos=300, capacidadOcupadaProductos=0, capacidadSinOcupar=300}
[01:42:39] Ruta: [2217]
[01:42:39] Último vuelo: VueloEntidad{id=2217, inicio=2025-10-28T20:55:00Z, fin=2025-10-29T02:59:00Z, idAlmacenOrigen=5, idAlmacenDestino=10, capacidadMaximaProductos=340, capacidadOcupadaProductos=0, capacidadSinOcupar=340}
[01:42:39] Ruta: [30766]
[01:42:39] Último vuelo: VueloEntidad{id=30766, inicio=2025-10-28T20:55:00Z, fin=2025-10-29T02:59:00Z, idAlmacenOrigen=5, idAlmacenDestino=10, capacidadMaximaProductos=340, capacidadOcupadaProductos=0, capacidadSinOcupar=340}
[01:42:39] Ruta: [2223]
[01:42:39] Último vuelo: VueloEntidad{id=2223, inicio=2025-10-28T22:51:00Z, fin=2025-10-29T04:55:00Z, idAlmacenOrigen=5, idAlmacenDestino=10, capacidadMaximaProductos=360, capacidadOcupadaProductos=0, capacidadSinOcupar=360}
[01:42:39] Ruta: [30826]
[01:42:39] Último vuelo: VueloEntidad{id=30826, inicio=2025-10-28T22:51:00Z, fin=2025-10-29T04:55:00Z, idAlmacenOrigen=5, idAlmacenDestino=10, capacidadMaximaProductos=360, capacidadOcupadaProductos=0, capacidadSinOcupar=360}
[01:42:39] Ruta: [30707]
[01:42:39] Último vuelo: VueloEntidad{id=30707, inicio=2025-10-29T12:09:00Z, fin=2025-10-29T18:13:00Z, idAlmacenOrigen=5, idAlmacenDestino=10, capacidadMaximaProductos=300, capacidadOcupadaProductos=0, capacidadSinOcupar=300}
[01:42:39] Ruta: [30767]
[01:42:39] Último vuelo: VueloEntidad{id=30767, inicio=2025-10-29T20:55:00Z, fin=2025-10-30T02:59:00Z, idAlmacenOrigen=5, idAlmacenDestino=10, capacidadMaximaProductos=340, capacidadOcupadaProductos=0, capacidadSinOcupar=340}
[01:42:39] Ruta: [30827]
[01:42:39] Último vuelo: VueloEntidad{id=30827, inicio=2025-10-29T22:51:00Z, fin=2025-10-30T04:55:00Z, idAlmacenOrigen=5, idAlmacenDestino=10, capacidadMaximaProductos=360, capacidadOcupadaProductos=0, capacidadSinOcupar=360}
[01:42:39] Ruta: [4439]
[01:42:39] Último vuelo: VueloEntidad{id=4439, inicio=2025-10-27T10:13:00Z, fin=2025-10-28T01:06:00Z, idAlmacenOrigen=14, idAlmacenDestino=10, capacidadMaximaProductos=360, capacidadOcupadaProductos=0, capacidadSinOcupar=360}
[01:42:39] Ruta: [52995]
[01:42:39] Último vuelo: VueloEntidad{id=52995, inicio=2025-10-27T10:13:00Z, fin=2025-10-28T01:06:00Z, idAlmacenOrigen=14, idAlmacenDestino=10, capacidadMaximaProductos=360, capacidadOcupadaProductos=0, capacidadSinOcupar=360}
[01:42:39] Ruta: [4445]
[01:42:39] Último vuelo: VueloEntidad{id=4445, inicio=2025-10-27T21:55:00Z, fin=2025-10-28T12:48:00Z, idAlmacenOrigen=14, idAlmacenDestino=10, capacidadMaximaProductos=320, capacidadOcupadaProductos=0, capacidadSinOcupar=320}
[01:42:39] Ruta: [53055]
[01:42:39] Último vuelo: VueloEntidad{id=53055, inicio=2025-10-27T21:55:00Z, fin=2025-10-28T12:48:00Z, idAlmacenOrigen=14, idAlmacenDestino=10, capacidadMaximaProductos=320, capacidadOcupadaProductos=0, capacidadSinOcupar=320}
[01:42:39] Ruta: [4428]
[01:42:39] Último vuelo: VueloEntidad{id=4428, inicio=2025-10-27T22:02:00Z, fin=2025-10-28T13:55:00Z, idAlmacenOrigen=14, idAlmacenDestino=10, capacidadMaximaProductos=340, capacidadOcupadaProductos=0, capacidadSinOcupar=340}
[01:42:39] Ruta: [52876]
[01:42:39] Último vuelo: VueloEntidad{id=52876, inicio=2025-10-27T22:02:00Z, fin=2025-10-28T13:55:00Z, idAlmacenOrigen=14, idAlmacenDestino=10, capacidadMaximaProductos=340, capacidadOcupadaProductos=0, capacidadSinOcupar=340}
[01:42:39] Ruta: [4434]
[01:42:39] Último vuelo: VueloEntidad{id=4434, inicio=2025-10-28T04:34:00Z, fin=2025-10-28T19:27:00Z, idAlmacenOrigen=14, idAlmacenDestino=10, capacidadMaximaProductos=360, capacidadOcupadaProductos=0, capacidadSinOcupar=360}
[01:42:39] Ruta: [52936]
[01:42:39] Último vuelo: VueloEntidad{id=52936, inicio=2025-10-28T04:34:00Z, fin=2025-10-28T19:27:00Z, idAlmacenOrigen=14, idAlmacenDestino=10, capacidadMaximaProductos=360, capacidadOcupadaProductos=0, capacidadSinOcupar=360}
[01:42:39] Ruta: [4440]
[01:42:39] Último vuelo: VueloEntidad{id=4440, inicio=2025-10-28T10:13:00Z, fin=2025-10-29T01:06:00Z, idAlmacenOrigen=14, idAlmacenDestino=10, capacidadMaximaProductos=360, capacidadOcupadaProductos=0, capacidadSinOcupar=360}
[01:42:39] Ruta: [52996]
[01:42:39] Último vuelo: VueloEntidad{id=52996, inicio=2025-10-28T10:13:00Z, fin=2025-10-29T01:06:00Z, idAlmacenOrigen=14, idAlmacenDestino=10, capacidadMaximaProductos=360, capacidadOcupadaProductos=0, capacidadSinOcupar=360}
[01:42:39] rutasFiltradasSegunPlazoPedido: [[2210], [30705], [2216], [30765], [2222], [30825], [2211], [30706], [2217], [30766], [2223], [30826], [30707], [30767], [30827], [4439], [52995], [4445], [53055], [4428], [52876], [4434], [52936], [4440], [52996]]
[01:42:39] me llegó: 25 rutas, instante act: 2025-10-27T06:42:36.459399600Z pedido: PedidoParaAlgoritmo{id=14, idAlmacenDestino=10, pedidas=71, entregadas=0, programadas=0, restante o pendientes=71, registro=2025-10-28T17:29:00Z, instanteEntregaMax=2025-10-30T17:29:00Z}
[01:42:39] score obtenido en ruta: 0.038165614281259745 ruta
[01:42:39] score obtenido en ruta: 0.038165614281259745 ruta
[01:42:39] score obtenido en ruta: 0.11365231111111111 ruta
[01:42:39] score obtenido en ruta: 0.11365231111111111 ruta
[01:42:39] score obtenido en ruta: 0.1332405521922583 ruta
[01:42:39] score obtenido en ruta: 0.1332405521922583 ruta
[01:42:39] score obtenido en ruta: 0.311423189938881 ruta
[01:42:39] score obtenido en ruta: 0.311423189938881 ruta
[01:42:39] score obtenido en ruta: 0.49618881673881676 ruta
[01:42:39] score obtenido en ruta: 0.49618881673881676 ruta
[01:42:39] score obtenido en ruta: 0.5488587815253723 ruta
[01:42:39] score obtenido en ruta: 0.5488587815253723 ruta
[01:42:39] score obtenido en ruta: 1.1484213228271252 ruta
[01:42:39] score obtenido en ruta: 2.1450530651340998 ruta
[01:42:39] score obtenido en ruta: 2.5519843059239613 ruta
[01:42:39] score obtenido en ruta: 0.027231728363102944 ruta
[01:42:39] score obtenido en ruta: 0.027231728363102944 ruta
[01:42:39] score obtenido en ruta: 0.14432020457661077 ruta
[01:42:39] score obtenido en ruta: 0.14432020457661077 ruta
[01:42:39] score obtenido en ruta: 0.14857665373841844 ruta
[01:42:39] score obtenido en ruta: 0.14857665373841844 ruta
[01:42:39] score obtenido en ruta: 0.2373990465846005 ruta
[01:42:39] score obtenido en ruta: 0.2373990465846005 ruta
[01:42:39] score obtenido en ruta: 0.34056795982941257 ruta
[01:42:39] score obtenido en ruta: 0.34056795982941257 ruta
[01:42:39] puntajesPorRuta: {[2210]=0.038165614281259745, [2211]=0.311423189938881, [2216]=0.11365231111111111, [30825]=0.1332405521922583, [2217]=0.49618881673881676, [30826]=0.5488587815253723, [30827]=2.5519843059239613, [30765]=0.11365231111111111, [2222]=0.1332405521922583, [30766]=0.49618881673881676, [2223]=0.5488587815253723, [30767]=2.1450530651340998, [30705]=0.038165614281259745, [30706]=0.311423189938881, [30707]=1.1484213228271252, [53055]=0.14432020457661077, [52995]=0.027231728363102944, [52996]=0.34056795982941257, [52936]=0.2373990465846005, [4428]=0.14857665373841844, [52876]=0.14857665373841844, [4434]=0.2373990465846005, [4439]=0.027231728363102944, [4440]=0.34056795982941257, [4445]=0.14432020457661077}
[01:42:39] construccionGRASPParaUnaRuta: Rutas que entraron a la RCL:  
[[30827], [30767], [30707], [30826], [2223]]
[01:42:39] Simulación del almacén destino hasta siguiente inicio: pe.edu.pucp.inf.pddsbackend.modelos.dominio.Almacen@5f6b9490=0
[01:42:39] Generando rutas candidatas (inicio)
[01:42:41] EstadoGlobalMutableProblemaPlanificacion: Rutas para pedidos pendientes, cantidad:675
[01:42:41] planificar: Iteración 0: quedan 108 pedidos pendientes
[01:42:41] rutasConDestinoCompartido: [[2210], [30705], [2216], [30765], [2222], [30825], [2211], [30706], [2217], [30766], [2223], [30826], [30707], [30767], [30827], [4439], [52995], [4445], [53055], [4428], [52876], [4434], [52936], [4440], [52996]]
[01:42:41] Pedido: PedidoParaAlgoritmo{id=14, idAlmacenDestino=10, pedidas=71, entregadas=0, programadas=0, restante o pendientes=71, registro=2025-10-28T17:29:00Z, instanteEntregaMax=2025-10-30T17:29:00Z}
[01:42:41] Ruta: [2210]
[01:42:41] Último vuelo: VueloEntidad{id=2210, inicio=2025-10-27T12:09:00Z, fin=2025-10-27T18:13:00Z, idAlmacenOrigen=5, idAlmacenDestino=10, capacidadMaximaProductos=300, capacidadOcupadaProductos=0, capacidadSinOcupar=300}
[01:42:41] Ruta: [30705]
[01:42:41] Último vuelo: VueloEntidad{id=30705, inicio=2025-10-27T12:09:00Z, fin=2025-10-27T18:13:00Z, idAlmacenOrigen=5, idAlmacenDestino=10, capacidadMaximaProductos=300, capacidadOcupadaProductos=0, capacidadSinOcupar=300}
[01:42:41] Ruta: [2216]
[01:42:41] Último vuelo: VueloEntidad{id=2216, inicio=2025-10-27T20:55:00Z, fin=2025-10-28T02:59:00Z, idAlmacenOrigen=5, idAlmacenDestino=10, capacidadMaximaProductos=340, capacidadOcupadaProductos=0, capacidadSinOcupar=340}
[01:42:41] Ruta: [30765]
[01:42:41] Último vuelo: VueloEntidad{id=30765, inicio=2025-10-27T20:55:00Z, fin=2025-10-28T02:59:00Z, idAlmacenOrigen=5, idAlmacenDestino=10, capacidadMaximaProductos=340, capacidadOcupadaProductos=0, capacidadSinOcupar=340}
[01:42:41] Ruta: [2222]
[01:42:41] Último vuelo: VueloEntidad{id=2222, inicio=2025-10-27T22:51:00Z, fin=2025-10-28T04:55:00Z, idAlmacenOrigen=5, idAlmacenDestino=10, capacidadMaximaProductos=360, capacidadOcupadaProductos=0, capacidadSinOcupar=360}
[01:42:41] Ruta: [30825]
[01:42:41] Último vuelo: VueloEntidad{id=30825, inicio=2025-10-27T22:51:00Z, fin=2025-10-28T04:55:00Z, idAlmacenOrigen=5, idAlmacenDestino=10, capacidadMaximaProductos=360, capacidadOcupadaProductos=0, capacidadSinOcupar=360}
[01:42:41] Ruta: [2211]
[01:42:41] Último vuelo: VueloEntidad{id=2211, inicio=2025-10-28T12:09:00Z, fin=2025-10-28T18:13:00Z, idAlmacenOrigen=5, idAlmacenDestino=10, capacidadMaximaProductos=300, capacidadOcupadaProductos=0, capacidadSinOcupar=300}
[01:42:41] Ruta: [30706]
[01:42:41] Último vuelo: VueloEntidad{id=30706, inicio=2025-10-28T12:09:00Z, fin=2025-10-28T18:13:00Z, idAlmacenOrigen=5, idAlmacenDestino=10, capacidadMaximaProductos=300, capacidadOcupadaProductos=0, capacidadSinOcupar=300}
[01:42:41] Ruta: [2217]
[01:42:41] Último vuelo: VueloEntidad{id=2217, inicio=2025-10-28T20:55:00Z, fin=2025-10-29T02:59:00Z, idAlmacenOrigen=5, idAlmacenDestino=10, capacidadMaximaProductos=340, capacidadOcupadaProductos=0, capacidadSinOcupar=340}
[01:42:41] Ruta: [30766]
[01:42:41] Último vuelo: VueloEntidad{id=30766, inicio=2025-10-28T20:55:00Z, fin=2025-10-29T02:59:00Z, idAlmacenOrigen=5, idAlmacenDestino=10, capacidadMaximaProductos=340, capacidadOcupadaProductos=0, capacidadSinOcupar=340}
[01:42:41] Ruta: [2223]
[01:42:41] Último vuelo: VueloEntidad{id=2223, inicio=2025-10-28T22:51:00Z, fin=2025-10-29T04:55:00Z, idAlmacenOrigen=5, idAlmacenDestino=10, capacidadMaximaProductos=360, capacidadOcupadaProductos=0, capacidadSinOcupar=360}
[01:42:41] Ruta: [30826]
[01:42:41] Último vuelo: VueloEntidad{id=30826, inicio=2025-10-28T22:51:00Z, fin=2025-10-29T04:55:00Z, idAlmacenOrigen=5, idAlmacenDestino=10, capacidadMaximaProductos=360, capacidadOcupadaProductos=0, capacidadSinOcupar=360}
[01:42:41] Ruta: [30707]
[01:42:41] Último vuelo: VueloEntidad{id=30707, inicio=2025-10-29T12:09:00Z, fin=2025-10-29T18:13:00Z, idAlmacenOrigen=5, idAlmacenDestino=10, capacidadMaximaProductos=300, capacidadOcupadaProductos=0, capacidadSinOcupar=300}
[01:42:41] Ruta: [30767]
[01:42:41] Último vuelo: VueloEntidad{id=30767, inicio=2025-10-29T20:55:00Z, fin=2025-10-30T02:59:00Z, idAlmacenOrigen=5, idAlmacenDestino=10, capacidadMaximaProductos=340, capacidadOcupadaProductos=0, capacidadSinOcupar=340}
[01:42:41] Ruta: [30827]
[01:42:41] Último vuelo: VueloEntidad{id=30827, inicio=2025-10-29T22:51:00Z, fin=2025-10-30T04:55:00Z, idAlmacenOrigen=5, idAlmacenDestino=10, capacidadMaximaProductos=360, capacidadOcupadaProductos=0, capacidadSinOcupar=360}
[01:42:41] Ruta: [4439]
[01:42:41] Último vuelo: VueloEntidad{id=4439, inicio=2025-10-27T10:13:00Z, fin=2025-10-28T01:06:00Z, idAlmacenOrigen=14, idAlmacenDestino=10, capacidadMaximaProductos=360, capacidadOcupadaProductos=0, capacidadSinOcupar=360}
[01:42:41] Ruta: [52995]
[01:42:41] Último vuelo: VueloEntidad{id=52995, inicio=2025-10-27T10:13:00Z, fin=2025-10-28T01:06:00Z, idAlmacenOrigen=14, idAlmacenDestino=10, capacidadMaximaProductos=360, capacidadOcupadaProductos=0, capacidadSinOcupar=360}
[01:42:41] Ruta: [4445]
[01:42:41] Último vuelo: VueloEntidad{id=4445, inicio=2025-10-27T21:55:00Z, fin=2025-10-28T12:48:00Z, idAlmacenOrigen=14, idAlmacenDestino=10, capacidadMaximaProductos=320, capacidadOcupadaProductos=0, capacidadSinOcupar=320}
[01:42:41] Ruta: [53055]
[01:42:41] Último vuelo: VueloEntidad{id=53055, inicio=2025-10-27T21:55:00Z, fin=2025-10-28T12:48:00Z, idAlmacenOrigen=14, idAlmacenDestino=10, capacidadMaximaProductos=320, capacidadOcupadaProductos=0, capacidadSinOcupar=320}
[01:42:41] Ruta: [4428]
[01:42:41] Último vuelo: VueloEntidad{id=4428, inicio=2025-10-27T22:02:00Z, fin=2025-10-28T13:55:00Z, idAlmacenOrigen=14, idAlmacenDestino=10, capacidadMaximaProductos=340, capacidadOcupadaProductos=0, capacidadSinOcupar=340}
[01:42:41] Ruta: [52876]
[01:42:41] Último vuelo: VueloEntidad{id=52876, inicio=2025-10-27T22:02:00Z, fin=2025-10-28T13:55:00Z, idAlmacenOrigen=14, idAlmacenDestino=10, capacidadMaximaProductos=340, capacidadOcupadaProductos=0, capacidadSinOcupar=340}
[01:42:41] Ruta: [4434]
[01:42:41] Último vuelo: VueloEntidad{id=4434, inicio=2025-10-28T04:34:00Z, fin=2025-10-28T19:27:00Z, idAlmacenOrigen=14, idAlmacenDestino=10, capacidadMaximaProductos=360, capacidadOcupadaProductos=0, capacidadSinOcupar=360}
[01:42:41] Ruta: [52936]
[01:42:41] Último vuelo: VueloEntidad{id=52936, inicio=2025-10-28T04:34:00Z, fin=2025-10-28T19:27:00Z, idAlmacenOrigen=14, idAlmacenDestino=10, capacidadMaximaProductos=360, capacidadOcupadaProductos=0, capacidadSinOcupar=360}
[01:42:41] Ruta: [4440]
[01:42:41] Último vuelo: VueloEntidad{id=4440, inicio=2025-10-28T10:13:00Z, fin=2025-10-29T01:06:00Z, idAlmacenOrigen=14, idAlmacenDestino=10, capacidadMaximaProductos=360, capacidadOcupadaProductos=0, capacidadSinOcupar=360}
[01:42:41] Ruta: [52996]
[01:42:41] Último vuelo: VueloEntidad{id=52996, inicio=2025-10-28T10:13:00Z, fin=2025-10-29T01:06:00Z, idAlmacenOrigen=14, idAlmacenDestino=10, capacidadMaximaProductos=360, capacidadOcupadaProductos=0, capacidadSinOcupar=360}
[01:42:41] rutasFiltradasSegunPlazoPedido: [[2210], [30705], [2216], [30765], [2222], [30825], [2211], [30706], [2217], [30766], [2223], [30826], [30707], [30767], [30827], [4439], [52995], [4445], [53055], [4428], [52876], [4434], [52936], [4440], [52996]]
[01:42:41] me llegó: 25 rutas, instante act: 2025-10-27T06:42:39.064564500Z pedido: PedidoParaAlgoritmo{id=14, idAlmacenDestino=10, pedidas=71, entregadas=0, programadas=0, restante o pendientes=71, registro=2025-10-28T17:29:00Z, instanteEntregaMax=2025-10-30T17:29:00Z}
[01:42:41] score obtenido en ruta: 0.03816053749610228 ruta
[01:42:41] score obtenido en ruta: 0.03816053749610228 ruta
[01:42:41] score obtenido en ruta: 0.11364652222222221 ruta
[01:42:41] score obtenido en ruta: 0.11364652222222221 ruta
[01:42:41] score obtenido en ruta: 0.13323457851770318 ruta
[01:42:41] score obtenido en ruta: 0.13323457851770318 ruta
[01:42:41] score obtenido en ruta: 0.31141553537846733 ruta
[01:42:41] score obtenido en ruta: 0.31141553537846733 ruta
[01:42:41] score obtenido en ruta: 0.49617941919191916 ruta
[01:42:41] score obtenido en ruta: 0.49617941919191916 ruta
[01:42:41] score obtenido en ruta: 0.548848887116378 ruta
[01:42:41] score obtenido en ruta: 0.548848887116378 ruta
[01:42:41] score obtenido en ruta: 1.1484057724450811 ruta
[01:42:41] score obtenido en ruta: 2.14502811302682 ruta
[01:42:41] score obtenido en ruta: 2.551955515030946 ruta
[01:42:41] score obtenido en ruta: 0.02722610881007852 ruta
[01:42:41] score obtenido en ruta: 0.02722610881007852 ruta
[01:42:41] score obtenido en ruta: 0.14431333702414847 ruta
[01:42:41] score obtenido en ruta: 0.14431333702414847 ruta
[01:42:41] score obtenido en ruta: 0.14856963747037275 ruta
[01:42:41] score obtenido en ruta: 0.14856963747037275 ruta
[01:42:41] score obtenido en ruta: 0.2373911869418296 ruta
[01:42:41] score obtenido en ruta: 0.2373911869418296 ruta
[01:42:41] score obtenido en ruta: 0.340559000550282 ruta
[01:42:41] score obtenido en ruta: 0.340559000550282 ruta
[01:42:41] puntajesPorRuta: {[2210]=0.03816053749610228, [2211]=0.31141553537846733, [2216]=0.11364652222222221, [30825]=0.13323457851770318, [2217]=0.49617941919191916, [30826]=0.548848887116378, [30827]=2.551955515030946, [30765]=0.11364652222222221, [2222]=0.13323457851770318, [30766]=0.49617941919191916, [2223]=0.548848887116378, [30767]=2.14502811302682, [30705]=0.03816053749610228, [30706]=0.31141553537846733, [30707]=1.1484057724450811, [53055]=0.14431333702414847, [52995]=0.02722610881007852, [52996]=0.340559000550282, [52936]=0.2373911869418296, [4428]=0.14856963747037275, [52876]=0.14856963747037275, [4434]=0.2373911869418296, [4439]=0.02722610881007852, [4440]=0.340559000550282, [4445]=0.14431333702414847}
[01:42:41] construccionGRASPParaUnaRuta: Rutas que entraron a la RCL:  
[[30827], [30767], [30707], [30826], [2223]]
[01:42:41] Simulación del almacén destino hasta siguiente inicio: pe.edu.pucp.inf.pddsbackend.modelos.dominio.Almacen@71d34d4=0
[01:42:41] Generando rutas candidatas (inicio)
[01:42:44] EstadoGlobalMutableProblemaPlanificacion: Rutas para pedidos pendientes, cantidad:675
[01:42:44] planificar: Iteración 0: quedan 108 pedidos pendientes
[01:42:44] rutasConDestinoCompartido: [[2210], [30705], [2216], [30765], [2222], [30825], [2211], [30706], [2217], [30766], [2223], [30826], [30707], [30767], [30827], [4439], [52995], [4445], [53055], [4428], [52876], [4434], [52936], [4440], [52996]]
[01:42:44] Pedido: PedidoParaAlgoritmo{id=14, idAlmacenDestino=10, pedidas=71, entregadas=0, programadas=0, restante o pendientes=71, registro=2025-10-28T17:29:00Z, instanteEntregaMax=2025-10-30T17:29:00Z}
[01:42:44] Ruta: [2210]
[01:42:44] Último vuelo: VueloEntidad{id=2210, inicio=2025-10-27T12:09:00Z, fin=2025-10-27T18:13:00Z, idAlmacenOrigen=5, idAlmacenDestino=10, capacidadMaximaProductos=300, capacidadOcupadaProductos=0, capacidadSinOcupar=300}
[01:42:44] Ruta: [30705]
[01:42:44] Último vuelo: VueloEntidad{id=30705, inicio=2025-10-27T12:09:00Z, fin=2025-10-27T18:13:00Z, idAlmacenOrigen=5, idAlmacenDestino=10, capacidadMaximaProductos=300, capacidadOcupadaProductos=0, capacidadSinOcupar=300}
[01:42:44] Ruta: [2216]
[01:42:44] Último vuelo: VueloEntidad{id=2216, inicio=2025-10-27T20:55:00Z, fin=2025-10-28T02:59:00Z, idAlmacenOrigen=5, idAlmacenDestino=10, capacidadMaximaProductos=340, capacidadOcupadaProductos=0, capacidadSinOcupar=340}
[01:42:44] Ruta: [30765]
[01:42:44] Último vuelo: VueloEntidad{id=30765, inicio=2025-10-27T20:55:00Z, fin=2025-10-28T02:59:00Z, idAlmacenOrigen=5, idAlmacenDestino=10, capacidadMaximaProductos=340, capacidadOcupadaProductos=0, capacidadSinOcupar=340}
[01:42:44] Ruta: [2222]
[01:42:44] Último vuelo: VueloEntidad{id=2222, inicio=2025-10-27T22:51:00Z, fin=2025-10-28T04:55:00Z, idAlmacenOrigen=5, idAlmacenDestino=10, capacidadMaximaProductos=360, capacidadOcupadaProductos=0, capacidadSinOcupar=360}
[01:42:44] Ruta: [30825]
[01:42:44] Último vuelo: VueloEntidad{id=30825, inicio=2025-10-27T22:51:00Z, fin=2025-10-28T04:55:00Z, idAlmacenOrigen=5, idAlmacenDestino=10, capacidadMaximaProductos=360, capacidadOcupadaProductos=0, capacidadSinOcupar=360}
[01:42:44] Ruta: [2211]
[01:42:44] Último vuelo: VueloEntidad{id=2211, inicio=2025-10-28T12:09:00Z, fin=2025-10-28T18:13:00Z, idAlmacenOrigen=5, idAlmacenDestino=10, capacidadMaximaProductos=300, capacidadOcupadaProductos=0, capacidadSinOcupar=300}
[01:42:44] Ruta: [30706]
[01:42:44] Último vuelo: VueloEntidad{id=30706, inicio=2025-10-28T12:09:00Z, fin=2025-10-28T18:13:00Z, idAlmacenOrigen=5, idAlmacenDestino=10, capacidadMaximaProductos=300, capacidadOcupadaProductos=0, capacidadSinOcupar=300}
[01:42:44] Ruta: [2217]
[01:42:44] Último vuelo: VueloEntidad{id=2217, inicio=2025-10-28T20:55:00Z, fin=2025-10-29T02:59:00Z, idAlmacenOrigen=5, idAlmacenDestino=10, capacidadMaximaProductos=340, capacidadOcupadaProductos=0, capacidadSinOcupar=340}
[01:42:44] Ruta: [30766]
[01:42:44] Último vuelo: VueloEntidad{id=30766, inicio=2025-10-28T20:55:00Z, fin=2025-10-29T02:59:00Z, idAlmacenOrigen=5, idAlmacenDestino=10, capacidadMaximaProductos=340, capacidadOcupadaProductos=0, capacidadSinOcupar=340}
[01:42:44] Ruta: [2223]
[01:42:44] Último vuelo: VueloEntidad{id=2223, inicio=2025-10-28T22:51:00Z, fin=2025-10-29T04:55:00Z, idAlmacenOrigen=5, idAlmacenDestino=10, capacidadMaximaProductos=360, capacidadOcupadaProductos=0, capacidadSinOcupar=360}
[01:42:44] Ruta: [30826]
[01:42:44] Último vuelo: VueloEntidad{id=30826, inicio=2025-10-28T22:51:00Z, fin=2025-10-29T04:55:00Z, idAlmacenOrigen=5, idAlmacenDestino=10, capacidadMaximaProductos=360, capacidadOcupadaProductos=0, capacidadSinOcupar=360}
[01:42:44] Ruta: [30707]
[01:42:44] Último vuelo: VueloEntidad{id=30707, inicio=2025-10-29T12:09:00Z, fin=2025-10-29T18:13:00Z, idAlmacenOrigen=5, idAlmacenDestino=10, capacidadMaximaProductos=300, capacidadOcupadaProductos=0, capacidadSinOcupar=300}
[01:42:44] Ruta: [30767]
[01:42:44] Último vuelo: VueloEntidad{id=30767, inicio=2025-10-29T20:55:00Z, fin=2025-10-30T02:59:00Z, idAlmacenOrigen=5, idAlmacenDestino=10, capacidadMaximaProductos=340, capacidadOcupadaProductos=0, capacidadSinOcupar=340}
[01:42:44] Ruta: [30827]
[01:42:44] Último vuelo: VueloEntidad{id=30827, inicio=2025-10-29T22:51:00Z, fin=2025-10-30T04:55:00Z, idAlmacenOrigen=5, idAlmacenDestino=10, capacidadMaximaProductos=360, capacidadOcupadaProductos=0, capacidadSinOcupar=360}
[01:42:44] Ruta: [4439]
[01:42:44] Último vuelo: VueloEntidad{id=4439, inicio=2025-10-27T10:13:00Z, fin=2025-10-28T01:06:00Z, idAlmacenOrigen=14, idAlmacenDestino=10, capacidadMaximaProductos=360, capacidadOcupadaProductos=0, capacidadSinOcupar=360}
[01:42:44] Ruta: [52995]
[01:42:44] Último vuelo: VueloEntidad{id=52995, inicio=2025-10-27T10:13:00Z, fin=2025-10-28T01:06:00Z, idAlmacenOrigen=14, idAlmacenDestino=10, capacidadMaximaProductos=360, capacidadOcupadaProductos=0, capacidadSinOcupar=360}
[01:42:44] Ruta: [4445]
[01:42:44] Último vuelo: VueloEntidad{id=4445, inicio=2025-10-27T21:55:00Z, fin=2025-10-28T12:48:00Z, idAlmacenOrigen=14, idAlmacenDestino=10, capacidadMaximaProductos=320, capacidadOcupadaProductos=0, capacidadSinOcupar=320}
[01:42:44] Ruta: [53055]
[01:42:44] Último vuelo: VueloEntidad{id=53055, inicio=2025-10-27T21:55:00Z, fin=2025-10-28T12:48:00Z, idAlmacenOrigen=14, idAlmacenDestino=10, capacidadMaximaProductos=320, capacidadOcupadaProductos=0, capacidadSinOcupar=320}
[01:42:44] Ruta: [4428]
[01:42:44] Último vuelo: VueloEntidad{id=4428, inicio=2025-10-27T22:02:00Z, fin=2025-10-28T13:55:00Z, idAlmacenOrigen=14, idAlmacenDestino=10, capacidadMaximaProductos=340, capacidadOcupadaProductos=0, capacidadSinOcupar=340}
[01:42:44] Ruta: [52876]
[01:42:44] Último vuelo: VueloEntidad{id=52876, inicio=2025-10-27T22:02:00Z, fin=2025-10-28T13:55:00Z, idAlmacenOrigen=14, idAlmacenDestino=10, capacidadMaximaProductos=340, capacidadOcupadaProductos=0, capacidadSinOcupar=340}
[01:42:44] Ruta: [4434]
[01:42:44] Último vuelo: VueloEntidad{id=4434, inicio=2025-10-28T04:34:00Z, fin=2025-10-28T19:27:00Z, idAlmacenOrigen=14, idAlmacenDestino=10, capacidadMaximaProductos=360, capacidadOcupadaProductos=0, capacidadSinOcupar=360}
[01:42:44] Ruta: [52936]
[01:42:44] Último vuelo: VueloEntidad{id=52936, inicio=2025-10-28T04:34:00Z, fin=2025-10-28T19:27:00Z, idAlmacenOrigen=14, idAlmacenDestino=10, capacidadMaximaProductos=360, capacidadOcupadaProductos=0, capacidadSinOcupar=360}
[01:42:44] Ruta: [4440]
[01:42:44] Último vuelo: VueloEntidad{id=4440, inicio=2025-10-28T10:13:00Z, fin=2025-10-29T01:06:00Z, idAlmacenOrigen=14, idAlmacenDestino=10, capacidadMaximaProductos=360, capacidadOcupadaProductos=0, capacidadSinOcupar=360}
[01:42:44] Ruta: [52996]
[01:42:44] Último vuelo: VueloEntidad{id=52996, inicio=2025-10-28T10:13:00Z, fin=2025-10-29T01:06:00Z, idAlmacenOrigen=14, idAlmacenDestino=10, capacidadMaximaProductos=360, capacidadOcupadaProductos=0, capacidadSinOcupar=360}
[01:42:44] rutasFiltradasSegunPlazoPedido: [[2210], [30705], [2216], [30765], [2222], [30825], [2211], [30706], [2217], [30766], [2223], [30826], [30707], [30767], [30827], [4439], [52995], [4445], [53055], [4428], [52876], [4434], [52936], [4440], [52996]]
[01:42:44] me llegó: 25 rutas, instante act: 2025-10-27T06:42:41.694809300Z pedido: PedidoParaAlgoritmo{id=14, idAlmacenDestino=10, pedidas=71, entregadas=0, programadas=0, restante o pendientes=71, registro=2025-10-28T17:29:00Z, instanteEntregaMax=2025-10-30T17:29:00Z}
[01:42:44] score obtenido en ruta: 0.03815541198939819 ruta
[01:42:44] score obtenido en ruta: 0.03815541198939819 ruta
[01:42:44] score obtenido en ruta: 0.11364067777777778 ruta
[01:42:44] score obtenido en ruta: 0.11364067777777778 ruta
[01:42:44] score obtenido en ruta: 0.1332285475142176 ruta
[01:42:44] score obtenido en ruta: 0.1332285475142176 ruta
[01:42:44] score obtenido en ruta: 0.3114078073577809 ruta
[01:42:44] score obtenido en ruta: 0.3114078073577809 ruta
[01:42:44] score obtenido en ruta: 0.49616993145743143 ruta
[01:42:44] score obtenido en ruta: 0.49616993145743143 ruta
[01:42:44] score obtenido en ruta: 0.5488388977514433 ruta
[01:42:44] score obtenido en ruta: 0.5488388977514433 ruta
[01:42:44] score obtenido en ruta: 1.148390072827125 ruta
[01:42:44] score obtenido en ruta: 2.1450029214559385 ruta
[01:42:44] score obtenido en ruta: 2.5519264478337753 ruta
[01:42:44] score obtenido en ruta: 0.027220435326602812 ruta
[01:42:44] score obtenido en ruta: 0.027220435326602812 ruta
[01:42:44] score obtenido en ruta: 0.1443064035642729 ruta
[01:42:44] score obtenido en ruta: 0.1443064035642729 ruta
[01:42:44] score obtenido en ruta: 0.14856255386770092 ruta
[01:42:44] score obtenido en ruta: 0.14856255386770092 ruta
[01:42:44] score obtenido en ruta: 0.23738325187062512 ruta
[01:42:44] score obtenido en ruta: 0.23738325187062512 ruta
[01:42:44] score obtenido en ruta: 0.34054995528958587 ruta
[01:42:44] score obtenido en ruta: 0.34054995528958587 ruta
[01:42:44] puntajesPorRuta: {[2210]=0.03815541198939819, [2211]=0.3114078073577809, [2216]=0.11364067777777778, [30825]=0.1332285475142176, [2217]=0.49616993145743143, [30826]=0.5488388977514433, [30827]=2.5519264478337753, [30765]=0.11364067777777778, [2222]=0.1332285475142176, [30766]=0.49616993145743143, [2223]=0.5488388977514433, [30767]=2.1450029214559385, [30705]=0.03815541198939819, [30706]=0.3114078073577809, [30707]=1.148390072827125, [53055]=0.1443064035642729, [52995]=0.027220435326602812, [52996]=0.34054995528958587, [52936]=0.23738325187062512, [4428]=0.14856255386770092, [52876]=0.14856255386770092, [4434]=0.23738325187062512, [4439]=0.027220435326602812, [4440]=0.34054995528958587, [4445]=0.1443064035642729}
[01:42:44] construccionGRASPParaUnaRuta: Rutas que entraron a la RCL:  
[[30827], [30767], [30707], [30826], [2223]]
[01:42:44] Simulación del almacén destino hasta siguiente inicio: pe.edu.pucp.inf.pddsbackend.modelos.dominio.Almacen@93773dc=0
[01:42:44] Generando rutas candidatas (inicio)
[01:42:46] EstadoGlobalMutableProblemaPlanificacion: Rutas para pedidos pendientes, cantidad:675
[01:42:46] planificar: Iteración 0: quedan 108 pedidos pendientes
[01:42:46] rutasConDestinoCompartido: [[2210], [30705], [2216], [30765], [2222], [30825], [2211], [30706], [2217], [30766], [2223], [30826], [30707], [30767], [30827], [4439], [52995], [4445], [53055], [4428], [52876], [4434], [52936], [4440], [52996]]
[01:42:46] Pedido: PedidoParaAlgoritmo{id=14, idAlmacenDestino=10, pedidas=71, entregadas=0, programadas=0, restante o pendientes=71, registro=2025-10-28T17:29:00Z, instanteEntregaMax=2025-10-30T17:29:00Z}
[01:42:46] Ruta: [2210]
[01:42:46] Último vuelo: VueloEntidad{id=2210, inicio=2025-10-27T12:09:00Z, fin=2025-10-27T18:13:00Z, idAlmacenOrigen=5, idAlmacenDestino=10, capacidadMaximaProductos=300, capacidadOcupadaProductos=0, capacidadSinOcupar=300}
[01:42:46] Ruta: [30705]
[01:42:46] Último vuelo: VueloEntidad{id=30705, inicio=2025-10-27T12:09:00Z, fin=2025-10-27T18:13:00Z, idAlmacenOrigen=5, idAlmacenDestino=10, capacidadMaximaProductos=300, capacidadOcupadaProductos=0, capacidadSinOcupar=300}
[01:42:46] Ruta: [2216]
[01:42:46] Último vuelo: VueloEntidad{id=2216, inicio=2025-10-27T20:55:00Z, fin=2025-10-28T02:59:00Z, idAlmacenOrigen=5, idAlmacenDestino=10, capacidadMaximaProductos=340, capacidadOcupadaProductos=0, capacidadSinOcupar=340}
[01:42:46] Ruta: [30765]
[01:42:46] Último vuelo: VueloEntidad{id=30765, inicio=2025-10-27T20:55:00Z, fin=2025-10-28T02:59:00Z, idAlmacenOrigen=5, idAlmacenDestino=10, capacidadMaximaProductos=340, capacidadOcupadaProductos=0, capacidadSinOcupar=340}
[01:42:46] Ruta: [2222]
[01:42:46] Último vuelo: VueloEntidad{id=2222, inicio=2025-10-27T22:51:00Z, fin=2025-10-28T04:55:00Z, idAlmacenOrigen=5, idAlmacenDestino=10, capacidadMaximaProductos=360, capacidadOcupadaProductos=0, capacidadSinOcupar=360}
[01:42:46] Ruta: [30825]
[01:42:46] Último vuelo: VueloEntidad{id=30825, inicio=2025-10-27T22:51:00Z, fin=2025-10-28T04:55:00Z, idAlmacenOrigen=5, idAlmacenDestino=10, capacidadMaximaProductos=360, capacidadOcupadaProductos=0, capacidadSinOcupar=360}
[01:42:46] Ruta: [2211]
[01:42:46] Último vuelo: VueloEntidad{id=2211, inicio=2025-10-28T12:09:00Z, fin=2025-10-28T18:13:00Z, idAlmacenOrigen=5, idAlmacenDestino=10, capacidadMaximaProductos=300, capacidadOcupadaProductos=0, capacidadSinOcupar=300}
[01:42:46] Ruta: [30706]
[01:42:46] Último vuelo: VueloEntidad{id=30706, inicio=2025-10-28T12:09:00Z, fin=2025-10-28T18:13:00Z, idAlmacenOrigen=5, idAlmacenDestino=10, capacidadMaximaProductos=300, capacidadOcupadaProductos=0, capacidadSinOcupar=300}
[01:42:46] Ruta: [2217]
[01:42:46] Último vuelo: VueloEntidad{id=2217, inicio=2025-10-28T20:55:00Z, fin=2025-10-29T02:59:00Z, idAlmacenOrigen=5, idAlmacenDestino=10, capacidadMaximaProductos=340, capacidadOcupadaProductos=0, capacidadSinOcupar=340}
[01:42:46] Ruta: [30766]
[01:42:46] Último vuelo: VueloEntidad{id=30766, inicio=2025-10-28T20:55:00Z, fin=2025-10-29T02:59:00Z, idAlmacenOrigen=5, idAlmacenDestino=10, capacidadMaximaProductos=340, capacidadOcupadaProductos=0, capacidadSinOcupar=340}
[01:42:46] Ruta: [2223]
[01:42:46] Último vuelo: VueloEntidad{id=2223, inicio=2025-10-28T22:51:00Z, fin=2025-10-29T04:55:00Z, idAlmacenOrigen=5, idAlmacenDestino=10, capacidadMaximaProductos=360, capacidadOcupadaProductos=0, capacidadSinOcupar=360}
[01:42:46] Ruta: [30826]
[01:42:46] Último vuelo: VueloEntidad{id=30826, inicio=2025-10-28T22:51:00Z, fin=2025-10-29T04:55:00Z, idAlmacenOrigen=5, idAlmacenDestino=10, capacidadMaximaProductos=360, capacidadOcupadaProductos=0, capacidadSinOcupar=360}
[01:42:46] Ruta: [30707]
[01:42:46] Último vuelo: VueloEntidad{id=30707, inicio=2025-10-29T12:09:00Z, fin=2025-10-29T18:13:00Z, idAlmacenOrigen=5, idAlmacenDestino=10, capacidadMaximaProductos=300, capacidadOcupadaProductos=0, capacidadSinOcupar=300}
[01:42:46] Ruta: [30767]
[01:42:46] Último vuelo: VueloEntidad{id=30767, inicio=2025-10-29T20:55:00Z, fin=2025-10-30T02:59:00Z, idAlmacenOrigen=5, idAlmacenDestino=10, capacidadMaximaProductos=340, capacidadOcupadaProductos=0, capacidadSinOcupar=340}
[01:42:46] Ruta: [30827]
[01:42:46] Último vuelo: VueloEntidad{id=30827, inicio=2025-10-29T22:51:00Z, fin=2025-10-30T04:55:00Z, idAlmacenOrigen=5, idAlmacenDestino=10, capacidadMaximaProductos=360, capacidadOcupadaProductos=0, capacidadSinOcupar=360}
[01:42:46] Ruta: [4439]
[01:42:46] Último vuelo: VueloEntidad{id=4439, inicio=2025-10-27T10:13:00Z, fin=2025-10-28T01:06:00Z, idAlmacenOrigen=14, idAlmacenDestino=10, capacidadMaximaProductos=360, capacidadOcupadaProductos=0, capacidadSinOcupar=360}
[01:42:46] Ruta: [52995]
[01:42:46] Último vuelo: VueloEntidad{id=52995, inicio=2025-10-27T10:13:00Z, fin=2025-10-28T01:06:00Z, idAlmacenOrigen=14, idAlmacenDestino=10, capacidadMaximaProductos=360, capacidadOcupadaProductos=0, capacidadSinOcupar=360}
[01:42:46] Ruta: [4445]
[01:42:46] Último vuelo: VueloEntidad{id=4445, inicio=2025-10-27T21:55:00Z, fin=2025-10-28T12:48:00Z, idAlmacenOrigen=14, idAlmacenDestino=10, capacidadMaximaProductos=320, capacidadOcupadaProductos=0, capacidadSinOcupar=320}
[01:42:46] Ruta: [53055]
[01:42:46] Último vuelo: VueloEntidad{id=53055, inicio=2025-10-27T21:55:00Z, fin=2025-10-28T12:48:00Z, idAlmacenOrigen=14, idAlmacenDestino=10, capacidadMaximaProductos=320, capacidadOcupadaProductos=0, capacidadSinOcupar=320}
[01:42:46] Ruta: [4428]
[01:42:46] Último vuelo: VueloEntidad{id=4428, inicio=2025-10-27T22:02:00Z, fin=2025-10-28T13:55:00Z, idAlmacenOrigen=14, idAlmacenDestino=10, capacidadMaximaProductos=340, capacidadOcupadaProductos=0, capacidadSinOcupar=340}
[01:42:46] Ruta: [52876]
[01:42:46] Último vuelo: VueloEntidad{id=52876, inicio=2025-10-27T22:02:00Z, fin=2025-10-28T13:55:00Z, idAlmacenOrigen=14, idAlmacenDestino=10, capacidadMaximaProductos=340, capacidadOcupadaProductos=0, capacidadSinOcupar=340}
[01:42:46] Ruta: [4434]
[01:42:46] Último vuelo: VueloEntidad{id=4434, inicio=2025-10-28T04:34:00Z, fin=2025-10-28T19:27:00Z, idAlmacenOrigen=14, idAlmacenDestino=10, capacidadMaximaProductos=360, capacidadOcupadaProductos=0, capacidadSinOcupar=360}
[01:42:46] Ruta: [52936]
[01:42:46] Último vuelo: VueloEntidad{id=52936, inicio=2025-10-28T04:34:00Z, fin=2025-10-28T19:27:00Z, idAlmacenOrigen=14, idAlmacenDestino=10, capacidadMaximaProductos=360, capacidadOcupadaProductos=0, capacidadSinOcupar=360}
[01:42:46] Ruta: [4440]
[01:42:46] Último vuelo: VueloEntidad{id=4440, inicio=2025-10-28T10:13:00Z, fin=2025-10-29T01:06:00Z, idAlmacenOrigen=14, idAlmacenDestino=10, capacidadMaximaProductos=360, capacidadOcupadaProductos=0, capacidadSinOcupar=360}
[01:42:46] Ruta: [52996]
[01:42:46] Último vuelo: VueloEntidad{id=52996, inicio=2025-10-28T10:13:00Z, fin=2025-10-29T01:06:00Z, idAlmacenOrigen=14, idAlmacenDestino=10, capacidadMaximaProductos=360, capacidadOcupadaProductos=0, capacidadSinOcupar=360}
[01:42:46] rutasFiltradasSegunPlazoPedido: [[2210], [30705], [2216], [30765], [2222], [30825], [2211], [30706], [2217], [30766], [2223], [30826], [30707], [30767], [30827], [4439], [52995], [4445], [53055], [4428], [52876], [4434], [52936], [4440], [52996]]
[01:42:46] me llegó: 25 rutas, instante act: 2025-10-27T06:42:44.167035100Z pedido: PedidoParaAlgoritmo{id=14, idAlmacenDestino=10, pedidas=71, entregadas=0, programadas=0, restante o pendientes=71, registro=2025-10-28T17:29:00Z, instanteEntregaMax=2025-10-30T17:29:00Z}
[01:42:46] score obtenido en ruta: 0.03815059245400686 ruta
[01:42:46] score obtenido en ruta: 0.03815059245400686 ruta
[01:42:46] score obtenido en ruta: 0.11363518222222223 ruta
[01:42:46] score obtenido en ruta: 0.11363518222222223 ruta
[01:42:46] score obtenido en ruta: 0.13322287653641535 ruta
[01:42:46] score obtenido en ruta: 0.13322287653641535 ruta
[01:42:46] score obtenido en ruta: 0.3114005406676069 ruta
[01:42:46] score obtenido en ruta: 0.3114005406676069 ruta
[01:42:46] score obtenido en ruta: 0.4961610101010101 ruta
[01:42:46] score obtenido en ruta: 0.4961610101010101 ruta
[01:42:46] score obtenido en ruta: 0.5488295047098146 ruta
[01:42:46] score obtenido en ruta: 0.5488295047098146 ruta
[01:42:46] score obtenido en ruta: 1.1483753104106973 ruta
[01:42:46] score obtenido en ruta: 2.1449792337164753 ruta
[01:42:46] score obtenido en ruta: 2.551899115826702 ruta
[01:42:46] score obtenido en ruta: 0.027215100526361204 ruta
[01:42:46] score obtenido en ruta: 0.027215100526361204 ruta
[01:42:46] score obtenido en ruta: 0.14429988400295266 ruta
[01:42:46] score obtenido en ruta: 0.14429988400295266 ruta
[01:42:46] score obtenido en ruta: 0.14855589312648138 ruta
[01:42:46] score obtenido en ruta: 0.14855589312648138 ruta
[01:42:46] score obtenido en ruta: 0.23737579048998309 ruta
[01:42:46] score obtenido en ruta: 0.23737579048998309 ruta
[01:42:46] score obtenido en ruta: 0.34054144999312147 ruta
[01:42:46] score obtenido en ruta: 0.34054144999312147 ruta
[01:42:46] puntajesPorRuta: {[2210]=0.03815059245400686, [2211]=0.3114005406676069, [2216]=0.11363518222222223, [30825]=0.13322287653641535, [2217]=0.4961610101010101, [30826]=0.5488295047098146, [30827]=2.551899115826702, [30765]=0.11363518222222223, [2222]=0.13322287653641535, [30766]=0.4961610101010101, [2223]=0.5488295047098146, [30767]=2.1449792337164753, [30705]=0.03815059245400686, [30706]=0.3114005406676069, [30707]=1.1483753104106973, [53055]=0.14429988400295266, [52995]=0.027215100526361204, [52996]=0.34054144999312147, [52936]=0.23737579048998309, [4428]=0.14855589312648138, [52876]=0.14855589312648138, [4434]=0.23737579048998309, [4439]=0.027215100526361204, [4440]=0.34054144999312147, [4445]=0.14429988400295266}
[01:42:46] construccionGRASPParaUnaRuta: Rutas que entraron a la RCL:  
[[30827], [30767], [30707], [30826], [2223]]
[01:42:46] Simulación del almacén destino hasta siguiente inicio: pe.edu.pucp.inf.pddsbackend.modelos.dominio.Almacen@6d673bae=0
[01:42:46] Generando rutas candidatas (inicio)
[01:42:49] EstadoGlobalMutableProblemaPlanificacion: Rutas para pedidos pendientes, cantidad:675
[01:42:49] planificar: Iteración 0: quedan 108 pedidos pendientes
[01:42:49] rutasConDestinoCompartido: [[2210], [30705], [2216], [30765], [2222], [30825], [2211], [30706], [2217], [30766], [2223], [30826], [30707], [30767], [30827], [4439], [52995], [4445], [53055], [4428], [52876], [4434], [52936], [4440], [52996]]
[01:42:49] Pedido: PedidoParaAlgoritmo{id=14, idAlmacenDestino=10, pedidas=71, entregadas=0, programadas=0, restante o pendientes=71, registro=2025-10-28T17:29:00Z, instanteEntregaMax=2025-10-30T17:29:00Z}
[01:42:49] Ruta: [2210]
[01:42:49] Último vuelo: VueloEntidad{id=2210, inicio=2025-10-27T12:09:00Z, fin=2025-10-27T18:13:00Z, idAlmacenOrigen=5, idAlmacenDestino=10, capacidadMaximaProductos=300, capacidadOcupadaProductos=0, capacidadSinOcupar=300}
[01:42:49] Ruta: [30705]
[01:42:49] Último vuelo: VueloEntidad{id=30705, inicio=2025-10-27T12:09:00Z, fin=2025-10-27T18:13:00Z, idAlmacenOrigen=5, idAlmacenDestino=10, capacidadMaximaProductos=300, capacidadOcupadaProductos=0, capacidadSinOcupar=300}
[01:42:49] Ruta: [2216]
[01:42:49] Último vuelo: VueloEntidad{id=2216, inicio=2025-10-27T20:55:00Z, fin=2025-10-28T02:59:00Z, idAlmacenOrigen=5, idAlmacenDestino=10, capacidadMaximaProductos=340, capacidadOcupadaProductos=0, capacidadSinOcupar=340}
[01:42:49] Ruta: [30765]
[01:42:49] Último vuelo: VueloEntidad{id=30765, inicio=2025-10-27T20:55:00Z, fin=2025-10-28T02:59:00Z, idAlmacenOrigen=5, idAlmacenDestino=10, capacidadMaximaProductos=340, capacidadOcupadaProductos=0, capacidadSinOcupar=340}
[01:42:49] Ruta: [2222]
[01:42:49] Último vuelo: VueloEntidad{id=2222, inicio=2025-10-27T22:51:00Z, fin=2025-10-28T04:55:00Z, idAlmacenOrigen=5, idAlmacenDestino=10, capacidadMaximaProductos=360, capacidadOcupadaProductos=0, capacidadSinOcupar=360}
[01:42:49] Ruta: [30825]
[01:42:49] Último vuelo: VueloEntidad{id=30825, inicio=2025-10-27T22:51:00Z, fin=2025-10-28T04:55:00Z, idAlmacenOrigen=5, idAlmacenDestino=10, capacidadMaximaProductos=360, capacidadOcupadaProductos=0, capacidadSinOcupar=360}
[01:42:49] Ruta: [2211]
[01:42:49] Último vuelo: VueloEntidad{id=2211, inicio=2025-10-28T12:09:00Z, fin=2025-10-28T18:13:00Z, idAlmacenOrigen=5, idAlmacenDestino=10, capacidadMaximaProductos=300, capacidadOcupadaProductos=0, capacidadSinOcupar=300}
[01:42:49] Ruta: [30706]
[01:42:49] Último vuelo: VueloEntidad{id=30706, inicio=2025-10-28T12:09:00Z, fin=2025-10-28T18:13:00Z, idAlmacenOrigen=5, idAlmacenDestino=10, capacidadMaximaProductos=300, capacidadOcupadaProductos=0, capacidadSinOcupar=300}
[01:42:49] Ruta: [2217]
[01:42:49] Último vuelo: VueloEntidad{id=2217, inicio=2025-10-28T20:55:00Z, fin=2025-10-29T02:59:00Z, idAlmacenOrigen=5, idAlmacenDestino=10, capacidadMaximaProductos=340, capacidadOcupadaProductos=0, capacidadSinOcupar=340}
[01:42:49] Ruta: [30766]
[01:42:49] Último vuelo: VueloEntidad{id=30766, inicio=2025-10-28T20:55:00Z, fin=2025-10-29T02:59:00Z, idAlmacenOrigen=5, idAlmacenDestino=10, capacidadMaximaProductos=340, capacidadOcupadaProductos=0, capacidadSinOcupar=340}
[01:42:49] Ruta: [2223]
[01:42:49] Último vuelo: VueloEntidad{id=2223, inicio=2025-10-28T22:51:00Z, fin=2025-10-29T04:55:00Z, idAlmacenOrigen=5, idAlmacenDestino=10, capacidadMaximaProductos=360, capacidadOcupadaProductos=0, capacidadSinOcupar=360}
[01:42:49] Ruta: [30826]
[01:42:49] Último vuelo: VueloEntidad{id=30826, inicio=2025-10-28T22:51:00Z, fin=2025-10-29T04:55:00Z, idAlmacenOrigen=5, idAlmacenDestino=10, capacidadMaximaProductos=360, capacidadOcupadaProductos=0, capacidadSinOcupar=360}
[01:42:49] Ruta: [30707]
[01:42:49] Último vuelo: VueloEntidad{id=30707, inicio=2025-10-29T12:09:00Z, fin=2025-10-29T18:13:00Z, idAlmacenOrigen=5, idAlmacenDestino=10, capacidadMaximaProductos=300, capacidadOcupadaProductos=0, capacidadSinOcupar=300}
[01:42:49] Ruta: [30767]
[01:42:49] Último vuelo: VueloEntidad{id=30767, inicio=2025-10-29T20:55:00Z, fin=2025-10-30T02:59:00Z, idAlmacenOrigen=5, idAlmacenDestino=10, capacidadMaximaProductos=340, capacidadOcupadaProductos=0, capacidadSinOcupar=340}
[01:42:49] Ruta: [30827]
[01:42:49] Último vuelo: VueloEntidad{id=30827, inicio=2025-10-29T22:51:00Z, fin=2025-10-30T04:55:00Z, idAlmacenOrigen=5, idAlmacenDestino=10, capacidadMaximaProductos=360, capacidadOcupadaProductos=0, capacidadSinOcupar=360}
[01:42:49] Ruta: [4439]
[01:42:49] Último vuelo: VueloEntidad{id=4439, inicio=2025-10-27T10:13:00Z, fin=2025-10-28T01:06:00Z, idAlmacenOrigen=14, idAlmacenDestino=10, capacidadMaximaProductos=360, capacidadOcupadaProductos=0, capacidadSinOcupar=360}
[01:42:49] Ruta: [52995]
[01:42:49] Último vuelo: VueloEntidad{id=52995, inicio=2025-10-27T10:13:00Z, fin=2025-10-28T01:06:00Z, idAlmacenOrigen=14, idAlmacenDestino=10, capacidadMaximaProductos=360, capacidadOcupadaProductos=0, capacidadSinOcupar=360}
[01:42:49] Ruta: [4445]
[01:42:49] Último vuelo: VueloEntidad{id=4445, inicio=2025-10-27T21:55:00Z, fin=2025-10-28T12:48:00Z, idAlmacenOrigen=14, idAlmacenDestino=10, capacidadMaximaProductos=320, capacidadOcupadaProductos=0, capacidadSinOcupar=320}
[01:42:49] Ruta: [53055]
[01:42:49] Último vuelo: VueloEntidad{id=53055, inicio=2025-10-27T21:55:00Z, fin=2025-10-28T12:48:00Z, idAlmacenOrigen=14, idAlmacenDestino=10, capacidadMaximaProductos=320, capacidadOcupadaProductos=0, capacidadSinOcupar=320}
[01:42:49] Ruta: [4428]
[01:42:49] Último vuelo: VueloEntidad{id=4428, inicio=2025-10-27T22:02:00Z, fin=2025-10-28T13:55:00Z, idAlmacenOrigen=14, idAlmacenDestino=10, capacidadMaximaProductos=340, capacidadOcupadaProductos=0, capacidadSinOcupar=340}
[01:42:49] Ruta: [52876]
[01:42:49] Último vuelo: VueloEntidad{id=52876, inicio=2025-10-27T22:02:00Z, fin=2025-10-28T13:55:00Z, idAlmacenOrigen=14, idAlmacenDestino=10, capacidadMaximaProductos=340, capacidadOcupadaProductos=0, capacidadSinOcupar=340}
[01:42:49] Ruta: [4434]
[01:42:49] Último vuelo: VueloEntidad{id=4434, inicio=2025-10-28T04:34:00Z, fin=2025-10-28T19:27:00Z, idAlmacenOrigen=14, idAlmacenDestino=10, capacidadMaximaProductos=360, capacidadOcupadaProductos=0, capacidadSinOcupar=360}
[01:42:49] Ruta: [52936]
[01:42:49] Último vuelo: VueloEntidad{id=52936, inicio=2025-10-28T04:34:00Z, fin=2025-10-28T19:27:00Z, idAlmacenOrigen=14, idAlmacenDestino=10, capacidadMaximaProductos=360, capacidadOcupadaProductos=0, capacidadSinOcupar=360}
[01:42:49] Ruta: [4440]
[01:42:49] Último vuelo: VueloEntidad{id=4440, inicio=2025-10-28T10:13:00Z, fin=2025-10-29T01:06:00Z, idAlmacenOrigen=14, idAlmacenDestino=10, capacidadMaximaProductos=360, capacidadOcupadaProductos=0, capacidadSinOcupar=360}
[01:42:49] Ruta: [52996]
[01:42:49] Último vuelo: VueloEntidad{id=52996, inicio=2025-10-28T10:13:00Z, fin=2025-10-29T01:06:00Z, idAlmacenOrigen=14, idAlmacenDestino=10, capacidadMaximaProductos=360, capacidadOcupadaProductos=0, capacidadSinOcupar=360}
[01:42:49] rutasFiltradasSegunPlazoPedido: [[2210], [30705], [2216], [30765], [2222], [30825], [2211], [30706], [2217], [30766], [2223], [30826], [30707], [30767], [30827], [4439], [52995], [4445], [53055], [4428], [52876], [4434], [52936], [4440], [52996]]
[01:42:49] me llegó: 25 rutas, instante act: 2025-10-27T06:42:46.610087400Z pedido: PedidoParaAlgoritmo{id=14, idAlmacenDestino=10, pedidas=71, entregadas=0, programadas=0, restante o pendientes=71, registro=2025-10-28T17:29:00Z, instanteEntregaMax=2025-10-30T17:29:00Z}
[01:42:49] score obtenido en ruta: 0.03814583138447147 ruta
[01:42:49] score obtenido en ruta: 0.03814583138447147 ruta
[01:42:49] score obtenido en ruta: 0.11362975333333333 ruta
[01:42:49] score obtenido en ruta: 0.11362975333333333 ruta
[01:42:49] score obtenido en ruta: 0.13321727435332967 ruta
[01:42:49] score obtenido en ruta: 0.13321727435332967 ruta
[01:42:49] score obtenido en ruta: 0.3113933621297602 ruta
[01:42:49] score obtenido en ruta: 0.3113933621297602 ruta
[01:42:49] score obtenido en ruta: 0.496152196969697 ruta
[01:42:49] score obtenido en ruta: 0.496152196969697 ruta
[01:42:49] score obtenido en ruta: 0.5488202256153145 ruta
[01:42:49] score obtenido en ruta: 0.5488202256153145 ruta
[01:42:49] score obtenido en ruta: 1.148360727077364 ruta
[01:42:49] score obtenido en ruta: 2.1449558333333334 ruta
[01:42:49] score obtenido en ruta: 2.551872115384615 ruta
[01:42:49] score obtenido en ruta: 0.02720983044266114 ruta
[01:42:49] score obtenido en ruta: 0.02720983044266114 ruta
[01:42:49] score obtenido en ruta: 0.1442934435305283 ruta
[01:42:49] score obtenido en ruta: 0.1442934435305283 ruta
[01:42:49] score obtenido en ruta: 0.1485493131868132 ruta
[01:42:49] score obtenido en ruta: 0.1485493131868132 ruta
[01:42:49] score obtenido en ruta: 0.23736841962346125 ruta
[01:42:49] score obtenido en ruta: 0.23736841962346125 ruta
[01:42:49] score obtenido en ruta: 0.3405330478745357 ruta
[01:42:49] score obtenido en ruta: 0.3405330478745357 ruta
[01:42:49] puntajesPorRuta: {[2210]=0.03814583138447147, [2211]=0.3113933621297602, [2216]=0.11362975333333333, [30825]=0.13321727435332967, [2217]=0.496152196969697, [30826]=0.5488202256153145, [30827]=2.551872115384615, [30765]=0.11362975333333333, [2222]=0.13321727435332967, [30766]=0.496152196969697, [2223]=0.5488202256153145, [30767]=2.1449558333333334, [30705]=0.03814583138447147, [30706]=0.3113933621297602, [30707]=1.148360727077364, [53055]=0.1442934435305283, [52995]=0.02720983044266114, [52996]=0.3405330478745357, [52936]=0.23736841962346125, [4428]=0.1485493131868132, [52876]=0.1485493131868132, [4434]=0.23736841962346125, [4439]=0.02720983044266114, [4440]=0.3405330478745357, [4445]=0.1442934435305283}
[01:42:49] construccionGRASPParaUnaRuta: Rutas que entraron a la RCL:  
[[30827], [30767], [30707], [30826], [2223]]
[01:42:49] Simulación del almacén destino hasta siguiente inicio: pe.edu.pucp.inf.pddsbackend.modelos.dominio.Almacen@3f4e289b=0
[01:42:49] Generando rutas candidatas (inicio)
[01:42:51] EstadoGlobalMutableProblemaPlanificacion: Rutas para pedidos pendientes, cantidad:675
[01:42:51] planificar: Iteración 0: quedan 108 pedidos pendientes
[01:42:51] rutasConDestinoCompartido: [[2210], [30705], [2216], [30765], [2222], [30825], [2211], [30706], [2217], [30766], [2223], [30826], [30707], [30767], [30827], [4439], [52995], [4445], [53055], [4428], [52876], [4434], [52936], [4440], [52996]]
[01:42:51] Pedido: PedidoParaAlgoritmo{id=14, idAlmacenDestino=10, pedidas=71, entregadas=0, programadas=0, restante o pendientes=71, registro=2025-10-28T17:29:00Z, instanteEntregaMax=2025-10-30T17:29:00Z}
[01:42:51] Ruta: [2210]
[01:42:51] Último vuelo: VueloEntidad{id=2210, inicio=2025-10-27T12:09:00Z, fin=2025-10-27T18:13:00Z, idAlmacenOrigen=5, idAlmacenDestino=10, capacidadMaximaProductos=300, capacidadOcupadaProductos=0, capacidadSinOcupar=300}
[01:42:51] Ruta: [30705]
[01:42:51] Último vuelo: VueloEntidad{id=30705, inicio=2025-10-27T12:09:00Z, fin=2025-10-27T18:13:00Z, idAlmacenOrigen=5, idAlmacenDestino=10, capacidadMaximaProductos=300, capacidadOcupadaProductos=0, capacidadSinOcupar=300}
[01:42:51] Ruta: [2216]
[01:42:51] Último vuelo: VueloEntidad{id=2216, inicio=2025-10-27T20:55:00Z, fin=2025-10-28T02:59:00Z, idAlmacenOrigen=5, idAlmacenDestino=10, capacidadMaximaProductos=340, capacidadOcupadaProductos=0, capacidadSinOcupar=340}
[01:42:51] Ruta: [30765]
[01:42:51] Último vuelo: VueloEntidad{id=30765, inicio=2025-10-27T20:55:00Z, fin=2025-10-28T02:59:00Z, idAlmacenOrigen=5, idAlmacenDestino=10, capacidadMaximaProductos=340, capacidadOcupadaProductos=0, capacidadSinOcupar=340}
[01:42:51] Ruta: [2222]
[01:42:51] Último vuelo: VueloEntidad{id=2222, inicio=2025-10-27T22:51:00Z, fin=2025-10-28T04:55:00Z, idAlmacenOrigen=5, idAlmacenDestino=10, capacidadMaximaProductos=360, capacidadOcupadaProductos=0, capacidadSinOcupar=360}
[01:42:51] Ruta: [30825]
[01:42:51] Último vuelo: VueloEntidad{id=30825, inicio=2025-10-27T22:51:00Z, fin=2025-10-28T04:55:00Z, idAlmacenOrigen=5, idAlmacenDestino=10, capacidadMaximaProductos=360, capacidadOcupadaProductos=0, capacidadSinOcupar=360}
[01:42:51] Ruta: [2211]
[01:42:51] Último vuelo: VueloEntidad{id=2211, inicio=2025-10-28T12:09:00Z, fin=2025-10-28T18:13:00Z, idAlmacenOrigen=5, idAlmacenDestino=10, capacidadMaximaProductos=300, capacidadOcupadaProductos=0, capacidadSinOcupar=300}
[01:42:51] Ruta: [30706]
[01:42:51] Último vuelo: VueloEntidad{id=30706, inicio=2025-10-28T12:09:00Z, fin=2025-10-28T18:13:00Z, idAlmacenOrigen=5, idAlmacenDestino=10, capacidadMaximaProductos=300, capacidadOcupadaProductos=0, capacidadSinOcupar=300}
[01:42:51] Ruta: [2217]
[01:42:51] Último vuelo: VueloEntidad{id=2217, inicio=2025-10-28T20:55:00Z, fin=2025-10-29T02:59:00Z, idAlmacenOrigen=5, idAlmacenDestino=10, capacidadMaximaProductos=340, capacidadOcupadaProductos=0, capacidadSinOcupar=340}
[01:42:51] Ruta: [30766]
[01:42:51] Último vuelo: VueloEntidad{id=30766, inicio=2025-10-28T20:55:00Z, fin=2025-10-29T02:59:00Z, idAlmacenOrigen=5, idAlmacenDestino=10, capacidadMaximaProductos=340, capacidadOcupadaProductos=0, capacidadSinOcupar=340}
[01:42:51] Ruta: [2223]
[01:42:51] Último vuelo: VueloEntidad{id=2223, inicio=2025-10-28T22:51:00Z, fin=2025-10-29T04:55:00Z, idAlmacenOrigen=5, idAlmacenDestino=10, capacidadMaximaProductos=360, capacidadOcupadaProductos=0, capacidadSinOcupar=360}
[01:42:51] Ruta: [30826]
[01:42:51] Último vuelo: VueloEntidad{id=30826, inicio=2025-10-28T22:51:00Z, fin=2025-10-29T04:55:00Z, idAlmacenOrigen=5, idAlmacenDestino=10, capacidadMaximaProductos=360, capacidadOcupadaProductos=0, capacidadSinOcupar=360}
[01:42:51] Ruta: [30707]
[01:42:51] Último vuelo: VueloEntidad{id=30707, inicio=2025-10-29T12:09:00Z, fin=2025-10-29T18:13:00Z, idAlmacenOrigen=5, idAlmacenDestino=10, capacidadMaximaProductos=300, capacidadOcupadaProductos=0, capacidadSinOcupar=300}
[01:42:51] Ruta: [30767]
[01:42:51] Último vuelo: VueloEntidad{id=30767, inicio=2025-10-29T20:55:00Z, fin=2025-10-30T02:59:00Z, idAlmacenOrigen=5, idAlmacenDestino=10, capacidadMaximaProductos=340, capacidadOcupadaProductos=0, capacidadSinOcupar=340}
[01:42:51] Ruta: [30827]
[01:42:51] Último vuelo: VueloEntidad{id=30827, inicio=2025-10-29T22:51:00Z, fin=2025-10-30T04:55:00Z, idAlmacenOrigen=5, idAlmacenDestino=10, capacidadMaximaProductos=360, capacidadOcupadaProductos=0, capacidadSinOcupar=360}
[01:42:51] Ruta: [4439]
[01:42:51] Último vuelo: VueloEntidad{id=4439, inicio=2025-10-27T10:13:00Z, fin=2025-10-28T01:06:00Z, idAlmacenOrigen=14, idAlmacenDestino=10, capacidadMaximaProductos=360, capacidadOcupadaProductos=0, capacidadSinOcupar=360}
[01:42:51] Ruta: [52995]
[01:42:51] Último vuelo: VueloEntidad{id=52995, inicio=2025-10-27T10:13:00Z, fin=2025-10-28T01:06:00Z, idAlmacenOrigen=14, idAlmacenDestino=10, capacidadMaximaProductos=360, capacidadOcupadaProductos=0, capacidadSinOcupar=360}
[01:42:51] Ruta: [4445]
[01:42:51] Último vuelo: VueloEntidad{id=4445, inicio=2025-10-27T21:55:00Z, fin=2025-10-28T12:48:00Z, idAlmacenOrigen=14, idAlmacenDestino=10, capacidadMaximaProductos=320, capacidadOcupadaProductos=0, capacidadSinOcupar=320}
[01:42:51] Ruta: [53055]
[01:42:51] Último vuelo: VueloEntidad{id=53055, inicio=2025-10-27T21:55:00Z, fin=2025-10-28T12:48:00Z, idAlmacenOrigen=14, idAlmacenDestino=10, capacidadMaximaProductos=320, capacidadOcupadaProductos=0, capacidadSinOcupar=320}
[01:42:51] Ruta: [4428]
[01:42:51] Último vuelo: VueloEntidad{id=4428, inicio=2025-10-27T22:02:00Z, fin=2025-10-28T13:55:00Z, idAlmacenOrigen=14, idAlmacenDestino=10, capacidadMaximaProductos=340, capacidadOcupadaProductos=0, capacidadSinOcupar=340}
[01:42:51] Ruta: [52876]
[01:42:51] Último vuelo: VueloEntidad{id=52876, inicio=2025-10-27T22:02:00Z, fin=2025-10-28T13:55:00Z, idAlmacenOrigen=14, idAlmacenDestino=10, capacidadMaximaProductos=340, capacidadOcupadaProductos=0, capacidadSinOcupar=340}
[01:42:51] Ruta: [4434]
[01:42:51] Último vuelo: VueloEntidad{id=4434, inicio=2025-10-28T04:34:00Z, fin=2025-10-28T19:27:00Z, idAlmacenOrigen=14, idAlmacenDestino=10, capacidadMaximaProductos=360, capacidadOcupadaProductos=0, capacidadSinOcupar=360}
[01:42:51] Ruta: [52936]
[01:42:51] Último vuelo: VueloEntidad{id=52936, inicio=2025-10-28T04:34:00Z, fin=2025-10-28T19:27:00Z, idAlmacenOrigen=14, idAlmacenDestino=10, capacidadMaximaProductos=360, capacidadOcupadaProductos=0, capacidadSinOcupar=360}
[01:42:51] Ruta: [4440]
[01:42:51] Último vuelo: VueloEntidad{id=4440, inicio=2025-10-28T10:13:00Z, fin=2025-10-29T01:06:00Z, idAlmacenOrigen=14, idAlmacenDestino=10, capacidadMaximaProductos=360, capacidadOcupadaProductos=0, capacidadSinOcupar=360}
[01:42:51] Ruta: [52996]
[01:42:51] Último vuelo: VueloEntidad{id=52996, inicio=2025-10-28T10:13:00Z, fin=2025-10-29T01:06:00Z, idAlmacenOrigen=14, idAlmacenDestino=10, capacidadMaximaProductos=360, capacidadOcupadaProductos=0, capacidadSinOcupar=360}
[01:42:51] rutasFiltradasSegunPlazoPedido: [[2210], [30705], [2216], [30765], [2222], [30825], [2211], [30706], [2217], [30766], [2223], [30826], [30707], [30767], [30827], [4439], [52995], [4445], [53055], [4428], [52876], [4434], [52936], [4440], [52996]]
[01:42:51] me llegó: 25 rutas, instante act: 2025-10-27T06:42:49.172151500Z pedido: PedidoParaAlgoritmo{id=14, idAlmacenDestino=10, pedidas=71, entregadas=0, programadas=0, restante o pendientes=71, registro=2025-10-28T17:29:00Z, instanteEntregaMax=2025-10-30T17:29:00Z}
[01:42:51] score obtenido en ruta: 0.03814083840037418 ruta
[01:42:51] score obtenido en ruta: 0.03814083840037418 ruta
[01:42:51] score obtenido en ruta: 0.11362406 ruta
[01:42:51] score obtenido en ruta: 0.11362406 ruta
[01:42:51] score obtenido en ruta: 0.13321139928453493 ruta
[01:42:51] score obtenido en ruta: 0.13321139928453493 ruta
[01:42:51] score obtenido en ruta: 0.31138583392101554 ruta
[01:42:51] score obtenido en ruta: 0.31138583392101554 ruta
[01:42:51] score obtenido en ruta: 0.4961429545454545 ruta
[01:42:51] score obtenido en ruta: 0.4961429545454545 ruta
[01:42:51] score obtenido en ruta: 0.5488104945305378 ruta
[01:42:51] score obtenido en ruta: 0.5488104945305378 ruta
[01:42:51] score obtenido en ruta: 1.1483454333810887 ruta
[01:42:51] score obtenido en ruta: 2.1449312931034483 ruta
[01:42:51] score obtenido en ruta: 2.551843799734748 ruta
[01:42:51] score obtenido en ruta: 0.027204303650012942 ruta
[01:42:51] score obtenido en ruta: 0.027204303650012942 ruta
[01:42:51] score obtenido en ruta: 0.14428668933881683 ruta
[01:42:51] score obtenido en ruta: 0.14428668933881683 ruta
[01:42:51] score obtenido en ruta: 0.1485424127343245 ruta
[01:42:51] score obtenido en ruta: 0.1485424127343245 ruta
[01:42:51] score obtenido en ruta: 0.23736068971759597 ruta
[01:42:51] score obtenido en ruta: 0.23736068971759597 ruta
[01:42:51] score obtenido en ruta: 0.3405242364836979 ruta
[01:42:51] score obtenido en ruta: 0.3405242364836979 ruta
[01:42:51] puntajesPorRuta: {[2210]=0.03814083840037418, [2211]=0.31138583392101554, [2216]=0.11362406, [30825]=0.13321139928453493, [2217]=0.4961429545454545, [30826]=0.5488104945305378, [30827]=2.551843799734748, [30765]=0.11362406, [2222]=0.13321139928453493, [30766]=0.4961429545454545, [2223]=0.5488104945305378, [30767]=2.1449312931034483, [30705]=0.03814083840037418, [30706]=0.31138583392101554, [30707]=1.1483454333810887, [53055]=0.14428668933881683, [52995]=0.027204303650012942, [52996]=0.3405242364836979, [52936]=0.23736068971759597, [4428]=0.1485424127343245, [52876]=0.1485424127343245, [4434]=0.23736068971759597, [4439]=0.027204303650012942, [4440]=0.3405242364836979, [4445]=0.14428668933881683}
[01:42:51] construccionGRASPParaUnaRuta: Rutas que entraron a la RCL:  
[[30827], [30767], [30707], [30826], [2223]]
[01:42:51] Simulación del almacén destino hasta siguiente inicio: pe.edu.pucp.inf.pddsbackend.modelos.dominio.Almacen@551ab436=0
[01:42:52] Generando rutas candidatas (inicio)
[01:42:54] EstadoGlobalMutableProblemaPlanificacion: Rutas para pedidos pendientes, cantidad:675
[01:42:54] planificar: Iteración 0: quedan 108 pedidos pendientes
[01:42:54] rutasConDestinoCompartido: [[2210], [30705], [2216], [30765], [2222], [30825], [2211], [30706], [2217], [30766], [2223], [30826], [30707], [30767], [30827], [4439], [52995], [4445], [53055], [4428], [52876], [4434], [52936], [4440], [52996]]
[01:42:54] Pedido: PedidoParaAlgoritmo{id=14, idAlmacenDestino=10, pedidas=71, entregadas=0, programadas=0, restante o pendientes=71, registro=2025-10-28T17:29:00Z, instanteEntregaMax=2025-10-30T17:29:00Z}
[01:42:54] Ruta: [2210]
[01:42:54] Último vuelo: VueloEntidad{id=2210, inicio=2025-10-27T12:09:00Z, fin=2025-10-27T18:13:00Z, idAlmacenOrigen=5, idAlmacenDestino=10, capacidadMaximaProductos=300, capacidadOcupadaProductos=0, capacidadSinOcupar=300}
[01:42:54] Ruta: [30705]
[01:42:54] Último vuelo: VueloEntidad{id=30705, inicio=2025-10-27T12:09:00Z, fin=2025-10-27T18:13:00Z, idAlmacenOrigen=5, idAlmacenDestino=10, capacidadMaximaProductos=300, capacidadOcupadaProductos=0, capacidadSinOcupar=300}
[01:42:54] Ruta: [2216]
[01:42:54] Último vuelo: VueloEntidad{id=2216, inicio=2025-10-27T20:55:00Z, fin=2025-10-28T02:59:00Z, idAlmacenOrigen=5, idAlmacenDestino=10, capacidadMaximaProductos=340, capacidadOcupadaProductos=0, capacidadSinOcupar=340}
[01:42:54] Ruta: [30765]
[01:42:54] Último vuelo: VueloEntidad{id=30765, inicio=2025-10-27T20:55:00Z, fin=2025-10-28T02:59:00Z, idAlmacenOrigen=5, idAlmacenDestino=10, capacidadMaximaProductos=340, capacidadOcupadaProductos=0, capacidadSinOcupar=340}
[01:42:54] Ruta: [2222]
[01:42:54] Último vuelo: VueloEntidad{id=2222, inicio=2025-10-27T22:51:00Z, fin=2025-10-28T04:55:00Z, idAlmacenOrigen=5, idAlmacenDestino=10, capacidadMaximaProductos=360, capacidadOcupadaProductos=0, capacidadSinOcupar=360}
[01:42:54] Ruta: [30825]
[01:42:54] Último vuelo: VueloEntidad{id=30825, inicio=2025-10-27T22:51:00Z, fin=2025-10-28T04:55:00Z, idAlmacenOrigen=5, idAlmacenDestino=10, capacidadMaximaProductos=360, capacidadOcupadaProductos=0, capacidadSinOcupar=360}
[01:42:54] Ruta: [2211]
[01:42:54] Último vuelo: VueloEntidad{id=2211, inicio=2025-10-28T12:09:00Z, fin=2025-10-28T18:13:00Z, idAlmacenOrigen=5, idAlmacenDestino=10, capacidadMaximaProductos=300, capacidadOcupadaProductos=0, capacidadSinOcupar=300}
[01:42:54] Ruta: [30706]
[01:42:54] Último vuelo: VueloEntidad{id=30706, inicio=2025-10-28T12:09:00Z, fin=2025-10-28T18:13:00Z, idAlmacenOrigen=5, idAlmacenDestino=10, capacidadMaximaProductos=300, capacidadOcupadaProductos=0, capacidadSinOcupar=300}
[01:42:54] Ruta: [2217]
[01:42:54] Último vuelo: VueloEntidad{id=2217, inicio=2025-10-28T20:55:00Z, fin=2025-10-29T02:59:00Z, idAlmacenOrigen=5, idAlmacenDestino=10, capacidadMaximaProductos=340, capacidadOcupadaProductos=0, capacidadSinOcupar=340}
[01:42:54] Ruta: [30766]
[01:42:54] Último vuelo: VueloEntidad{id=30766, inicio=2025-10-28T20:55:00Z, fin=2025-10-29T02:59:00Z, idAlmacenOrigen=5, idAlmacenDestino=10, capacidadMaximaProductos=340, capacidadOcupadaProductos=0, capacidadSinOcupar=340}
[01:42:54] Ruta: [2223]
[01:42:54] Último vuelo: VueloEntidad{id=2223, inicio=2025-10-28T22:51:00Z, fin=2025-10-29T04:55:00Z, idAlmacenOrigen=5, idAlmacenDestino=10, capacidadMaximaProductos=360, capacidadOcupadaProductos=0, capacidadSinOcupar=360}
[01:42:54] Ruta: [30826]
[01:42:54] Último vuelo: VueloEntidad{id=30826, inicio=2025-10-28T22:51:00Z, fin=2025-10-29T04:55:00Z, idAlmacenOrigen=5, idAlmacenDestino=10, capacidadMaximaProductos=360, capacidadOcupadaProductos=0, capacidadSinOcupar=360}
[01:42:54] Ruta: [30707]
[01:42:54] Último vuelo: VueloEntidad{id=30707, inicio=2025-10-29T12:09:00Z, fin=2025-10-29T18:13:00Z, idAlmacenOrigen=5, idAlmacenDestino=10, capacidadMaximaProductos=300, capacidadOcupadaProductos=0, capacidadSinOcupar=300}
[01:42:54] Ruta: [30767]
[01:42:54] Último vuelo: VueloEntidad{id=30767, inicio=2025-10-29T20:55:00Z, fin=2025-10-30T02:59:00Z, idAlmacenOrigen=5, idAlmacenDestino=10, capacidadMaximaProductos=340, capacidadOcupadaProductos=0, capacidadSinOcupar=340}
[01:42:54] Ruta: [30827]
[01:42:54] Último vuelo: VueloEntidad{id=30827, inicio=2025-10-29T22:51:00Z, fin=2025-10-30T04:55:00Z, idAlmacenOrigen=5, idAlmacenDestino=10, capacidadMaximaProductos=360, capacidadOcupadaProductos=0, capacidadSinOcupar=360}
[01:42:54] Ruta: [4439]
[01:42:54] Último vuelo: VueloEntidad{id=4439, inicio=2025-10-27T10:13:00Z, fin=2025-10-28T01:06:00Z, idAlmacenOrigen=14, idAlmacenDestino=10, capacidadMaximaProductos=360, capacidadOcupadaProductos=0, capacidadSinOcupar=360}
[01:42:54] Ruta: [52995]
[01:42:54] Último vuelo: VueloEntidad{id=52995, inicio=2025-10-27T10:13:00Z, fin=2025-10-28T01:06:00Z, idAlmacenOrigen=14, idAlmacenDestino=10, capacidadMaximaProductos=360, capacidadOcupadaProductos=0, capacidadSinOcupar=360}
[01:42:54] Ruta: [4445]
[01:42:54] Último vuelo: VueloEntidad{id=4445, inicio=2025-10-27T21:55:00Z, fin=2025-10-28T12:48:00Z, idAlmacenOrigen=14, idAlmacenDestino=10, capacidadMaximaProductos=320, capacidadOcupadaProductos=0, capacidadSinOcupar=320}
[01:42:54] Ruta: [53055]
[01:42:54] Último vuelo: VueloEntidad{id=53055, inicio=2025-10-27T21:55:00Z, fin=2025-10-28T12:48:00Z, idAlmacenOrigen=14, idAlmacenDestino=10, capacidadMaximaProductos=320, capacidadOcupadaProductos=0, capacidadSinOcupar=320}
[01:42:54] Ruta: [4428]
[01:42:54] Último vuelo: VueloEntidad{id=4428, inicio=2025-10-27T22:02:00Z, fin=2025-10-28T13:55:00Z, idAlmacenOrigen=14, idAlmacenDestino=10, capacidadMaximaProductos=340, capacidadOcupadaProductos=0, capacidadSinOcupar=340}
[01:42:54] Ruta: [52876]
[01:42:54] Último vuelo: VueloEntidad{id=52876, inicio=2025-10-27T22:02:00Z, fin=2025-10-28T13:55:00Z, idAlmacenOrigen=14, idAlmacenDestino=10, capacidadMaximaProductos=340, capacidadOcupadaProductos=0, capacidadSinOcupar=340}
[01:42:54] Ruta: [4434]
[01:42:54] Último vuelo: VueloEntidad{id=4434, inicio=2025-10-28T04:34:00Z, fin=2025-10-28T19:27:00Z, idAlmacenOrigen=14, idAlmacenDestino=10, capacidadMaximaProductos=360, capacidadOcupadaProductos=0, capacidadSinOcupar=360}
[01:42:54] Ruta: [52936]
[01:42:54] Último vuelo: VueloEntidad{id=52936, inicio=2025-10-28T04:34:00Z, fin=2025-10-28T19:27:00Z, idAlmacenOrigen=14, idAlmacenDestino=10, capacidadMaximaProductos=360, capacidadOcupadaProductos=0, capacidadSinOcupar=360}
[01:42:54] Ruta: [4440]
[01:42:54] Último vuelo: VueloEntidad{id=4440, inicio=2025-10-28T10:13:00Z, fin=2025-10-29T01:06:00Z, idAlmacenOrigen=14, idAlmacenDestino=10, capacidadMaximaProductos=360, capacidadOcupadaProductos=0, capacidadSinOcupar=360}
[01:42:54] Ruta: [52996]
[01:42:54] Último vuelo: VueloEntidad{id=52996, inicio=2025-10-28T10:13:00Z, fin=2025-10-29T01:06:00Z, idAlmacenOrigen=14, idAlmacenDestino=10, capacidadMaximaProductos=360, capacidadOcupadaProductos=0, capacidadSinOcupar=360}
[01:42:54] rutasFiltradasSegunPlazoPedido: [[2210], [30705], [2216], [30765], [2222], [30825], [2211], [30706], [2217], [30766], [2223], [30826], [30707], [30767], [30827], [4439], [52995], [4445], [53055], [4428], [52876], [4434], [52936], [4440], [52996]]
[01:42:54] me llegó: 25 rutas, instante act: 2025-10-27T06:42:52.052380800Z pedido: PedidoParaAlgoritmo{id=14, idAlmacenDestino=10, pedidas=71, entregadas=0, programadas=0, restante o pendientes=71, registro=2025-10-28T17:29:00Z, instanteEntregaMax=2025-10-30T17:29:00Z}
[01:42:54] score obtenido en ruta: 0.03813522567820393 ruta
[01:42:54] score obtenido en ruta: 0.03813522567820393 ruta
[01:42:54] score obtenido en ruta: 0.11361766 ruta
[01:42:54] score obtenido en ruta: 0.11361766 ruta
[01:42:54] score obtenido en ruta: 0.13320479499174465 ruta
[01:42:54] score obtenido en ruta: 0.13320479499174465 ruta
[01:42:54] score obtenido en ruta: 0.31137737129760223 ruta
[01:42:54] score obtenido en ruta: 0.31137737129760223 ruta
[01:42:54] score obtenido en ruta: 0.49613256493506486 ruta
[01:42:54] score obtenido en ruta: 0.49613256493506486 ruta
[01:42:54] score obtenido en ruta: 0.5487995556061986 ruta
[01:42:54] score obtenido en ruta: 0.5487995556061986 ruta
[01:42:54] score obtenido en ruta: 1.1483282414040115 ruta
[01:42:54] score obtenido en ruta: 2.1449037068965517 ruta
[01:42:54] score obtenido en ruta: 2.551811969496021 ruta
[01:42:54] score obtenido en ruta: 0.027198090862024335 ruta
[01:42:54] score obtenido en ruta: 0.027198090862024335 ruta
[01:42:54] score obtenido en ruta: 0.1442790968048086 ruta
[01:42:54] score obtenido en ruta: 0.1442790968048086 ruta
[01:42:54] score obtenido en ruta: 0.14853465578539107 ruta
[01:42:54] score obtenido en ruta: 0.14853465578539107 ruta
[01:42:54] score obtenido en ruta: 0.23735200036205648 ruta
[01:42:54] score obtenido en ruta: 0.23735200036205648 ruta
[01:42:54] score obtenido en ruta: 0.34051433140734627 ruta
[01:42:54] score obtenido en ruta: 0.34051433140734627 ruta
[01:42:54] puntajesPorRuta: {[2210]=0.03813522567820393, [2211]=0.31137737129760223, [2216]=0.11361766, [30825]=0.13320479499174465, [2217]=0.49613256493506486, [30826]=0.5487995556061986, [30827]=2.551811969496021, [30765]=0.11361766, [2222]=0.13320479499174465, [30766]=0.49613256493506486, [2223]=0.5487995556061986, [30767]=2.1449037068965517, [30705]=0.03813522567820393, [30706]=0.31137737129760223, [30707]=1.1483282414040115, [53055]=0.1442790968048086, [52995]=0.027198090862024335, [52996]=0.34051433140734627, [52936]=0.23735200036205648, [4428]=0.14853465578539107, [52876]=0.14853465578539107, [4434]=0.23735200036205648, [4439]=0.027198090862024335, [4440]=0.34051433140734627, [4445]=0.1442790968048086}
[01:42:54] construccionGRASPParaUnaRuta: Rutas que entraron a la RCL:  
[[30827], [30767], [30707], [30826], [2223]]
[01:42:54] Simulación del almacén destino hasta siguiente inicio: pe.edu.pucp.inf.pddsbackend.modelos.dominio.Almacen@4595e7a7=0
[01:42:54] Generando rutas candidatas (inicio)
[01:42:57] EstadoGlobalMutableProblemaPlanificacion: Rutas para pedidos pendientes, cantidad:675
[01:42:57] planificar: Iteración 0: quedan 108 pedidos pendientes
[01:42:57] rutasConDestinoCompartido: [[2210], [30705], [2216], [30765], [2222], [30825], [2211], [30706], [2217], [30766], [2223], [30826], [30707], [30767], [30827], [4439], [52995], [4445], [53055], [4428], [52876], [4434], [52936], [4440], [52996]]
[01:42:57] Pedido: PedidoParaAlgoritmo{id=14, idAlmacenDestino=10, pedidas=71, entregadas=0, programadas=0, restante o pendientes=71, registro=2025-10-28T17:29:00Z, instanteEntregaMax=2025-10-30T17:29:00Z}
[01:42:57] Ruta: [2210]
[01:42:57] Último vuelo: VueloEntidad{id=2210, inicio=2025-10-27T12:09:00Z, fin=2025-10-27T18:13:00Z, idAlmacenOrigen=5, idAlmacenDestino=10, capacidadMaximaProductos=300, capacidadOcupadaProductos=0, capacidadSinOcupar=300}
[01:42:57] Ruta: [30705]
[01:42:57] Último vuelo: VueloEntidad{id=30705, inicio=2025-10-27T12:09:00Z, fin=2025-10-27T18:13:00Z, idAlmacenOrigen=5, idAlmacenDestino=10, capacidadMaximaProductos=300, capacidadOcupadaProductos=0, capacidadSinOcupar=300}
[01:42:57] Ruta: [2216]
[01:42:57] Último vuelo: VueloEntidad{id=2216, inicio=2025-10-27T20:55:00Z, fin=2025-10-28T02:59:00Z, idAlmacenOrigen=5, idAlmacenDestino=10, capacidadMaximaProductos=340, capacidadOcupadaProductos=0, capacidadSinOcupar=340}
[01:42:57] Ruta: [30765]
[01:42:57] Último vuelo: VueloEntidad{id=30765, inicio=2025-10-27T20:55:00Z, fin=2025-10-28T02:59:00Z, idAlmacenOrigen=5, idAlmacenDestino=10, capacidadMaximaProductos=340, capacidadOcupadaProductos=0, capacidadSinOcupar=340}
[01:42:57] Ruta: [2222]
[01:42:57] Último vuelo: VueloEntidad{id=2222, inicio=2025-10-27T22:51:00Z, fin=2025-10-28T04:55:00Z, idAlmacenOrigen=5, idAlmacenDestino=10, capacidadMaximaProductos=360, capacidadOcupadaProductos=0, capacidadSinOcupar=360}
[01:42:57] Ruta: [30825]
[01:42:57] Último vuelo: VueloEntidad{id=30825, inicio=2025-10-27T22:51:00Z, fin=2025-10-28T04:55:00Z, idAlmacenOrigen=5, idAlmacenDestino=10, capacidadMaximaProductos=360, capacidadOcupadaProductos=0, capacidadSinOcupar=360}
[01:42:57] Ruta: [2211]
[01:42:57] Último vuelo: VueloEntidad{id=2211, inicio=2025-10-28T12:09:00Z, fin=2025-10-28T18:13:00Z, idAlmacenOrigen=5, idAlmacenDestino=10, capacidadMaximaProductos=300, capacidadOcupadaProductos=0, capacidadSinOcupar=300}
[01:42:57] Ruta: [30706]
[01:42:57] Último vuelo: VueloEntidad{id=30706, inicio=2025-10-28T12:09:00Z, fin=2025-10-28T18:13:00Z, idAlmacenOrigen=5, idAlmacenDestino=10, capacidadMaximaProductos=300, capacidadOcupadaProductos=0, capacidadSinOcupar=300}
[01:42:57] Ruta: [2217]
[01:42:57] Último vuelo: VueloEntidad{id=2217, inicio=2025-10-28T20:55:00Z, fin=2025-10-29T02:59:00Z, idAlmacenOrigen=5, idAlmacenDestino=10, capacidadMaximaProductos=340, capacidadOcupadaProductos=0, capacidadSinOcupar=340}
[01:42:57] Ruta: [30766]
[01:42:57] Último vuelo: VueloEntidad{id=30766, inicio=2025-10-28T20:55:00Z, fin=2025-10-29T02:59:00Z, idAlmacenOrigen=5, idAlmacenDestino=10, capacidadMaximaProductos=340, capacidadOcupadaProductos=0, capacidadSinOcupar=340}
[01:42:57] Ruta: [2223]
[01:42:57] Último vuelo: VueloEntidad{id=2223, inicio=2025-10-28T22:51:00Z, fin=2025-10-29T04:55:00Z, idAlmacenOrigen=5, idAlmacenDestino=10, capacidadMaximaProductos=360, capacidadOcupadaProductos=0, capacidadSinOcupar=360}
[01:42:57] Ruta: [30826]
[01:42:57] Último vuelo: VueloEntidad{id=30826, inicio=2025-10-28T22:51:00Z, fin=2025-10-29T04:55:00Z, idAlmacenOrigen=5, idAlmacenDestino=10, capacidadMaximaProductos=360, capacidadOcupadaProductos=0, capacidadSinOcupar=360}
[01:42:57] Ruta: [30707]
[01:42:57] Último vuelo: VueloEntidad{id=30707, inicio=2025-10-29T12:09:00Z, fin=2025-10-29T18:13:00Z, idAlmacenOrigen=5, idAlmacenDestino=10, capacidadMaximaProductos=300, capacidadOcupadaProductos=0, capacidadSinOcupar=300}
[01:42:57] Ruta: [30767]
[01:42:57] Último vuelo: VueloEntidad{id=30767, inicio=2025-10-29T20:55:00Z, fin=2025-10-30T02:59:00Z, idAlmacenOrigen=5, idAlmacenDestino=10, capacidadMaximaProductos=340, capacidadOcupadaProductos=0, capacidadSinOcupar=340}
[01:42:57] Ruta: [30827]
[01:42:57] Último vuelo: VueloEntidad{id=30827, inicio=2025-10-29T22:51:00Z, fin=2025-10-30T04:55:00Z, idAlmacenOrigen=5, idAlmacenDestino=10, capacidadMaximaProductos=360, capacidadOcupadaProductos=0, capacidadSinOcupar=360}
[01:42:57] Ruta: [4439]
[01:42:57] Último vuelo: VueloEntidad{id=4439, inicio=2025-10-27T10:13:00Z, fin=2025-10-28T01:06:00Z, idAlmacenOrigen=14, idAlmacenDestino=10, capacidadMaximaProductos=360, capacidadOcupadaProductos=0, capacidadSinOcupar=360}
[01:42:57] Ruta: [52995]
[01:42:57] Último vuelo: VueloEntidad{id=52995, inicio=2025-10-27T10:13:00Z, fin=2025-10-28T01:06:00Z, idAlmacenOrigen=14, idAlmacenDestino=10, capacidadMaximaProductos=360, capacidadOcupadaProductos=0, capacidadSinOcupar=360}
[01:42:57] Ruta: [4445]
[01:42:57] Último vuelo: VueloEntidad{id=4445, inicio=2025-10-27T21:55:00Z, fin=2025-10-28T12:48:00Z, idAlmacenOrigen=14, idAlmacenDestino=10, capacidadMaximaProductos=320, capacidadOcupadaProductos=0, capacidadSinOcupar=320}
[01:42:57] Ruta: [53055]
[01:42:57] Último vuelo: VueloEntidad{id=53055, inicio=2025-10-27T21:55:00Z, fin=2025-10-28T12:48:00Z, idAlmacenOrigen=14, idAlmacenDestino=10, capacidadMaximaProductos=320, capacidadOcupadaProductos=0, capacidadSinOcupar=320}
[01:42:57] Ruta: [4428]
[01:42:57] Último vuelo: VueloEntidad{id=4428, inicio=2025-10-27T22:02:00Z, fin=2025-10-28T13:55:00Z, idAlmacenOrigen=14, idAlmacenDestino=10, capacidadMaximaProductos=340, capacidadOcupadaProductos=0, capacidadSinOcupar=340}
[01:42:57] Ruta: [52876]
[01:42:57] Último vuelo: VueloEntidad{id=52876, inicio=2025-10-27T22:02:00Z, fin=2025-10-28T13:55:00Z, idAlmacenOrigen=14, idAlmacenDestino=10, capacidadMaximaProductos=340, capacidadOcupadaProductos=0, capacidadSinOcupar=340}
[01:42:57] Ruta: [4434]
[01:42:57] Último vuelo: VueloEntidad{id=4434, inicio=2025-10-28T04:34:00Z, fin=2025-10-28T19:27:00Z, idAlmacenOrigen=14, idAlmacenDestino=10, capacidadMaximaProductos=360, capacidadOcupadaProductos=0, capacidadSinOcupar=360}
[01:42:57] Ruta: [52936]
[01:42:57] Último vuelo: VueloEntidad{id=52936, inicio=2025-10-28T04:34:00Z, fin=2025-10-28T19:27:00Z, idAlmacenOrigen=14, idAlmacenDestino=10, capacidadMaximaProductos=360, capacidadOcupadaProductos=0, capacidadSinOcupar=360}
[01:42:57] Ruta: [4440]
[01:42:57] Último vuelo: VueloEntidad{id=4440, inicio=2025-10-28T10:13:00Z, fin=2025-10-29T01:06:00Z, idAlmacenOrigen=14, idAlmacenDestino=10, capacidadMaximaProductos=360, capacidadOcupadaProductos=0, capacidadSinOcupar=360}
[01:42:57] Ruta: [52996]
[01:42:57] Último vuelo: VueloEntidad{id=52996, inicio=2025-10-28T10:13:00Z, fin=2025-10-29T01:06:00Z, idAlmacenOrigen=14, idAlmacenDestino=10, capacidadMaximaProductos=360, capacidadOcupadaProductos=0, capacidadSinOcupar=360}
[01:42:57] rutasFiltradasSegunPlazoPedido: [[2210], [30705], [2216], [30765], [2222], [30825], [2211], [30706], [2217], [30766], [2223], [30826], [30707], [30767], [30827], [4439], [52995], [4445], [53055], [4428], [52876], [4434], [52936], [4440], [52996]]
[01:42:57] me llegó: 25 rutas, instante act: 2025-10-27T06:42:54.931513Z pedido: PedidoParaAlgoritmo{id=14, idAlmacenDestino=10, pedidas=71, entregadas=0, programadas=0, restante o pendientes=71, registro=2025-10-28T17:29:00Z, instanteEntregaMax=2025-10-30T17:29:00Z}
[01:42:57] score obtenido en ruta: 0.03812961490489554 ruta
[01:42:57] score obtenido en ruta: 0.03812961490489554 ruta
[01:42:57] score obtenido en ruta: 0.11361126222222222 ruta
[01:42:57] score obtenido en ruta: 0.11361126222222222 ruta
[01:42:57] score obtenido en ruta: 0.13319819299211152 ruta
[01:42:57] score obtenido en ruta: 0.13319819299211152 ruta
[01:42:57] score obtenido en ruta: 0.3113689116125999 ruta
[01:42:57] score obtenido en ruta: 0.3113689116125999 ruta
[01:42:57] score obtenido en ruta: 0.4961221789321789 ruta
[01:42:57] score obtenido en ruta: 0.4961221789321789 ruta
[01:42:57] score obtenido en ruta: 0.5487886204800972 ruta
[01:42:57] score obtenido en ruta: 0.5487886204800972 ruta
[01:42:57] score obtenido en ruta: 1.1483110553963707 ruta
[01:42:57] score obtenido en ruta: 2.1448761302681993 ruta
[01:42:57] score obtenido en ruta: 2.551780150309461 ruta
[01:42:57] score obtenido en ruta: 0.027191880231253775 ruta
[01:42:57] score obtenido en ruta: 0.027191880231253775 ruta
[01:42:57] score obtenido en ruta: 0.14427150690709692 ruta
[01:42:57] score obtenido en ruta: 0.14427150690709692 ruta
[01:42:57] score obtenido en ruta: 0.14852690152984271 ruta
[01:42:57] score obtenido en ruta: 0.14852690152984271 ruta
[01:42:57] score obtenido en ruta: 0.23734331402365436 ruta
[01:42:57] score obtenido en ruta: 0.23734331402365436 ruta
[01:42:57] score obtenido en ruta: 0.34050442977025724 ruta
[01:42:57] score obtenido en ruta: 0.34050442977025724 ruta
[01:42:57] puntajesPorRuta: {[2210]=0.03812961490489554, [2211]=0.3113689116125999, [2216]=0.11361126222222222, [30825]=0.13319819299211152, [2217]=0.4961221789321789, [30826]=0.5487886204800972, [30827]=2.551780150309461, [30765]=0.11361126222222222, [2222]=0.13319819299211152, [30766]=0.4961221789321789, [2223]=0.5487886204800972, [30767]=2.1448761302681993, [30705]=0.03812961490489554, [30706]=0.3113689116125999, [30707]=1.1483110553963707, [53055]=0.14427150690709692, [52995]=0.027191880231253775, [52996]=0.34050442977025724, [52936]=0.23734331402365436, [4428]=0.14852690152984271, [52876]=0.14852690152984271, [4434]=0.23734331402365436, [4439]=0.027191880231253775, [4440]=0.34050442977025724, [4445]=0.14427150690709692}
[01:42:57] construccionGRASPParaUnaRuta: Rutas que entraron a la RCL:  
[[30827], [30767], [30707], [30826], [2223]]
[01:42:57] Simulación del almacén destino hasta siguiente inicio: pe.edu.pucp.inf.pddsbackend.modelos.dominio.Almacen@2280c94b=0
[01:42:57] Generando rutas candidatas (inicio)
[01:43:00] EstadoGlobalMutableProblemaPlanificacion: Rutas para pedidos pendientes, cantidad:675
[01:43:00] planificar: Iteración 0: quedan 108 pedidos pendientes
[01:43:00] rutasConDestinoCompartido: [[2210], [30705], [2216], [30765], [2222], [30825], [2211], [30706], [2217], [30766], [2223], [30826], [30707], [30767], [30827], [4439], [52995], [4445], [53055], [4428], [52876], [4434], [52936], [4440], [52996]]
[01:43:00] Pedido: PedidoParaAlgoritmo{id=14, idAlmacenDestino=10, pedidas=71, entregadas=0, programadas=0, restante o pendientes=71, registro=2025-10-28T17:29:00Z, instanteEntregaMax=2025-10-30T17:29:00Z}
[01:43:00] Ruta: [2210]
[01:43:00] Último vuelo: VueloEntidad{id=2210, inicio=2025-10-27T12:09:00Z, fin=2025-10-27T18:13:00Z, idAlmacenOrigen=5, idAlmacenDestino=10, capacidadMaximaProductos=300, capacidadOcupadaProductos=0, capacidadSinOcupar=300}
[01:43:00] Ruta: [30705]
[01:43:00] Último vuelo: VueloEntidad{id=30705, inicio=2025-10-27T12:09:00Z, fin=2025-10-27T18:13:00Z, idAlmacenOrigen=5, idAlmacenDestino=10, capacidadMaximaProductos=300, capacidadOcupadaProductos=0, capacidadSinOcupar=300}
[01:43:00] Ruta: [2216]
[01:43:00] Último vuelo: VueloEntidad{id=2216, inicio=2025-10-27T20:55:00Z, fin=2025-10-28T02:59:00Z, idAlmacenOrigen=5, idAlmacenDestino=10, capacidadMaximaProductos=340, capacidadOcupadaProductos=0, capacidadSinOcupar=340}
[01:43:00] Ruta: [30765]
[01:43:00] Último vuelo: VueloEntidad{id=30765, inicio=2025-10-27T20:55:00Z, fin=2025-10-28T02:59:00Z, idAlmacenOrigen=5, idAlmacenDestino=10, capacidadMaximaProductos=340, capacidadOcupadaProductos=0, capacidadSinOcupar=340}
[01:43:00] Ruta: [2222]
[01:43:00] Último vuelo: VueloEntidad{id=2222, inicio=2025-10-27T22:51:00Z, fin=2025-10-28T04:55:00Z, idAlmacenOrigen=5, idAlmacenDestino=10, capacidadMaximaProductos=360, capacidadOcupadaProductos=0, capacidadSinOcupar=360}
[01:43:00] Ruta: [30825]
[01:43:00] Último vuelo: VueloEntidad{id=30825, inicio=2025-10-27T22:51:00Z, fin=2025-10-28T04:55:00Z, idAlmacenOrigen=5, idAlmacenDestino=10, capacidadMaximaProductos=360, capacidadOcupadaProductos=0, capacidadSinOcupar=360}
[01:43:00] Ruta: [2211]
[01:43:00] Último vuelo: VueloEntidad{id=2211, inicio=2025-10-28T12:09:00Z, fin=2025-10-28T18:13:00Z, idAlmacenOrigen=5, idAlmacenDestino=10, capacidadMaximaProductos=300, capacidadOcupadaProductos=0, capacidadSinOcupar=300}
[01:43:00] Ruta: [30706]
[01:43:00] Último vuelo: VueloEntidad{id=30706, inicio=2025-10-28T12:09:00Z, fin=2025-10-28T18:13:00Z, idAlmacenOrigen=5, idAlmacenDestino=10, capacidadMaximaProductos=300, capacidadOcupadaProductos=0, capacidadSinOcupar=300}
[01:43:00] Ruta: [2217]
[01:43:00] Último vuelo: VueloEntidad{id=2217, inicio=2025-10-28T20:55:00Z, fin=2025-10-29T02:59:00Z, idAlmacenOrigen=5, idAlmacenDestino=10, capacidadMaximaProductos=340, capacidadOcupadaProductos=0, capacidadSinOcupar=340}
[01:43:00] Ruta: [30766]
[01:43:00] Último vuelo: VueloEntidad{id=30766, inicio=2025-10-28T20:55:00Z, fin=2025-10-29T02:59:00Z, idAlmacenOrigen=5, idAlmacenDestino=10, capacidadMaximaProductos=340, capacidadOcupadaProductos=0, capacidadSinOcupar=340}
[01:43:00] Ruta: [2223]
[01:43:00] Último vuelo: VueloEntidad{id=2223, inicio=2025-10-28T22:51:00Z, fin=2025-10-29T04:55:00Z, idAlmacenOrigen=5, idAlmacenDestino=10, capacidadMaximaProductos=360, capacidadOcupadaProductos=0, capacidadSinOcupar=360}
[01:43:00] Ruta: [30826]
[01:43:00] Último vuelo: VueloEntidad{id=30826, inicio=2025-10-28T22:51:00Z, fin=2025-10-29T04:55:00Z, idAlmacenOrigen=5, idAlmacenDestino=10, capacidadMaximaProductos=360, capacidadOcupadaProductos=0, capacidadSinOcupar=360}
[01:43:00] Ruta: [30707]
[01:43:00] Último vuelo: VueloEntidad{id=30707, inicio=2025-10-29T12:09:00Z, fin=2025-10-29T18:13:00Z, idAlmacenOrigen=5, idAlmacenDestino=10, capacidadMaximaProductos=300, capacidadOcupadaProductos=0, capacidadSinOcupar=300}
[01:43:00] Ruta: [30767]
[01:43:00] Último vuelo: VueloEntidad{id=30767, inicio=2025-10-29T20:55:00Z, fin=2025-10-30T02:59:00Z, idAlmacenOrigen=5, idAlmacenDestino=10, capacidadMaximaProductos=340, capacidadOcupadaProductos=0, capacidadSinOcupar=340}
[01:43:00] Ruta: [30827]
[01:43:00] Último vuelo: VueloEntidad{id=30827, inicio=2025-10-29T22:51:00Z, fin=2025-10-30T04:55:00Z, idAlmacenOrigen=5, idAlmacenDestino=10, capacidadMaximaProductos=360, capacidadOcupadaProductos=0, capacidadSinOcupar=360}
[01:43:00] Ruta: [4439]
[01:43:00] Último vuelo: VueloEntidad{id=4439, inicio=2025-10-27T10:13:00Z, fin=2025-10-28T01:06:00Z, idAlmacenOrigen=14, idAlmacenDestino=10, capacidadMaximaProductos=360, capacidadOcupadaProductos=0, capacidadSinOcupar=360}
[01:43:00] Ruta: [52995]
[01:43:00] Último vuelo: VueloEntidad{id=52995, inicio=2025-10-27T10:13:00Z, fin=2025-10-28T01:06:00Z, idAlmacenOrigen=14, idAlmacenDestino=10, capacidadMaximaProductos=360, capacidadOcupadaProductos=0, capacidadSinOcupar=360}
[01:43:00] Ruta: [4445]
[01:43:00] Último vuelo: VueloEntidad{id=4445, inicio=2025-10-27T21:55:00Z, fin=2025-10-28T12:48:00Z, idAlmacenOrigen=14, idAlmacenDestino=10, capacidadMaximaProductos=320, capacidadOcupadaProductos=0, capacidadSinOcupar=320}
[01:43:00] Ruta: [53055]
[01:43:00] Último vuelo: VueloEntidad{id=53055, inicio=2025-10-27T21:55:00Z, fin=2025-10-28T12:48:00Z, idAlmacenOrigen=14, idAlmacenDestino=10, capacidadMaximaProductos=320, capacidadOcupadaProductos=0, capacidadSinOcupar=320}
[01:43:00] Ruta: [4428]
[01:43:00] Último vuelo: VueloEntidad{id=4428, inicio=2025-10-27T22:02:00Z, fin=2025-10-28T13:55:00Z, idAlmacenOrigen=14, idAlmacenDestino=10, capacidadMaximaProductos=340, capacidadOcupadaProductos=0, capacidadSinOcupar=340}
[01:43:00] Ruta: [52876]
[01:43:00] Último vuelo: VueloEntidad{id=52876, inicio=2025-10-27T22:02:00Z, fin=2025-10-28T13:55:00Z, idAlmacenOrigen=14, idAlmacenDestino=10, capacidadMaximaProductos=340, capacidadOcupadaProductos=0, capacidadSinOcupar=340}
[01:43:00] Ruta: [4434]
[01:43:00] Último vuelo: VueloEntidad{id=4434, inicio=2025-10-28T04:34:00Z, fin=2025-10-28T19:27:00Z, idAlmacenOrigen=14, idAlmacenDestino=10, capacidadMaximaProductos=360, capacidadOcupadaProductos=0, capacidadSinOcupar=360}
[01:43:00] Ruta: [52936]
[01:43:00] Último vuelo: VueloEntidad{id=52936, inicio=2025-10-28T04:34:00Z, fin=2025-10-28T19:27:00Z, idAlmacenOrigen=14, idAlmacenDestino=10, capacidadMaximaProductos=360, capacidadOcupadaProductos=0, capacidadSinOcupar=360}
[01:43:00] Ruta: [4440]
[01:43:00] Último vuelo: VueloEntidad{id=4440, inicio=2025-10-28T10:13:00Z, fin=2025-10-29T01:06:00Z, idAlmacenOrigen=14, idAlmacenDestino=10, capacidadMaximaProductos=360, capacidadOcupadaProductos=0, capacidadSinOcupar=360}
[01:43:00] Ruta: [52996]
[01:43:00] Último vuelo: VueloEntidad{id=52996, inicio=2025-10-28T10:13:00Z, fin=2025-10-29T01:06:00Z, idAlmacenOrigen=14, idAlmacenDestino=10, capacidadMaximaProductos=360, capacidadOcupadaProductos=0, capacidadSinOcupar=360}
[01:43:00] rutasFiltradasSegunPlazoPedido: [[2210], [30705], [2216], [30765], [2222], [30825], [2211], [30706], [2217], [30766], [2223], [30826], [30707], [30767], [30827], [4439], [52995], [4445], [53055], [4428], [52876], [4434], [52936], [4440], [52996]]
[01:43:00] me llegó: 25 rutas, instante act: 2025-10-27T06:42:57.827263600Z pedido: PedidoParaAlgoritmo{id=14, idAlmacenDestino=10, pedidas=71, entregadas=0, programadas=0, restante o pendientes=71, registro=2025-10-28T17:29:00Z, instanteEntregaMax=2025-10-30T17:29:00Z}
[01:43:00] score obtenido en ruta: 0.03812397100093545 ruta
[01:43:00] score obtenido en ruta: 0.03812397100093545 ruta
[01:43:00] score obtenido en ruta: 0.11360482666666666 ruta
[01:43:00] score obtenido en ruta: 0.11360482666666666 ruta
[01:43:00] score obtenido en ruta: 0.13319155200880572 ruta
[01:43:00] score obtenido en ruta: 0.13319155200880572 ruta
[01:43:00] score obtenido en ruta: 0.3113604019746121 ruta
[01:43:00] score obtenido en ruta: 0.3113604019746121 ruta
[01:43:00] score obtenido en ruta: 0.49611173160173155 ruta
[01:43:00] score obtenido en ruta: 0.49611173160173155 ruta
[01:43:00] score obtenido en ruta: 0.5487776207839562 ruta
[01:43:00] score obtenido en ruta: 0.5487776207839562 ruta
[01:43:00] score obtenido en ruta: 1.1482937679083094 ruta
[01:43:00] score obtenido en ruta: 2.1448483908045977 ruta
[01:43:00] score obtenido en ruta: 2.551748143236074 ruta
[01:43:00] score obtenido en ruta: 0.02718563292777634 ruta
[01:43:00] score obtenido en ruta: 0.02718563292777634 ruta
[01:43:00] score obtenido en ruta: 0.14426387219234418 ruta
[01:43:00] score obtenido en ruta: 0.14426387219234418 ruta
[01:43:00] score obtenido en ruta: 0.14851910148674854 ruta
[01:43:00] score obtenido en ruta: 0.14851910148674854 ruta
[01:43:00] score obtenido en ruta: 0.23733457639391747 ruta
[01:43:00] score obtenido en ruta: 0.23733457639391747 ruta
[01:43:00] score obtenido en ruta: 0.3404944696657037 ruta
[01:43:00] score obtenido en ruta: 0.3404944696657037 ruta
[01:43:00] puntajesPorRuta: {[2210]=0.03812397100093545, [2211]=0.3113604019746121, [2216]=0.11360482666666666, [30825]=0.13319155200880572, [2217]=0.49611173160173155, [30826]=0.5487776207839562, [30827]=2.551748143236074, [30765]=0.11360482666666666, [2222]=0.13319155200880572, [30766]=0.49611173160173155, [2223]=0.5487776207839562, [30767]=2.1448483908045977, [30705]=0.03812397100093545, [30706]=0.3113604019746121, [30707]=1.1482937679083094, [53055]=0.14426387219234418, [52995]=0.02718563292777634, [52996]=0.3404944696657037, [52936]=0.23733457639391747, [4428]=0.14851910148674854, [52876]=0.14851910148674854, [4434]=0.23733457639391747, [4439]=0.02718563292777634, [4440]=0.3404944696657037, [4445]=0.14426387219234418}
[01:43:00] construccionGRASPParaUnaRuta: Rutas que entraron a la RCL:  
[[30827], [30767], [30707], [30826], [2223]]
[01:43:00] Simulación del almacén destino hasta siguiente inicio: pe.edu.pucp.inf.pddsbackend.modelos.dominio.Almacen@338c3b4=0
[01:43:00] Generando rutas candidatas (inicio)
[01:43:03] EstadoGlobalMutableProblemaPlanificacion: Rutas para pedidos pendientes, cantidad:675
[01:43:03] planificar: Iteración 0: quedan 108 pedidos pendientes
[01:43:03] rutasConDestinoCompartido: [[2210], [30705], [2216], [30765], [2222], [30825], [2211], [30706], [2217], [30766], [2223], [30826], [30707], [30767], [30827], [4439], [52995], [4445], [53055], [4428], [52876], [4434], [52936], [4440], [52996]]
[01:43:03] Pedido: PedidoParaAlgoritmo{id=14, idAlmacenDestino=10, pedidas=71, entregadas=0, programadas=0, restante o pendientes=71, registro=2025-10-28T17:29:00Z, instanteEntregaMax=2025-10-30T17:29:00Z}
[01:43:03] Ruta: [2210]
[01:43:03] Último vuelo: VueloEntidad{id=2210, inicio=2025-10-27T12:09:00Z, fin=2025-10-27T18:13:00Z, idAlmacenOrigen=5, idAlmacenDestino=10, capacidadMaximaProductos=300, capacidadOcupadaProductos=0, capacidadSinOcupar=300}
[01:43:03] Ruta: [30705]
[01:43:03] Último vuelo: VueloEntidad{id=30705, inicio=2025-10-27T12:09:00Z, fin=2025-10-27T18:13:00Z, idAlmacenOrigen=5, idAlmacenDestino=10, capacidadMaximaProductos=300, capacidadOcupadaProductos=0, capacidadSinOcupar=300}
[01:43:03] Ruta: [2216]
[01:43:03] Último vuelo: VueloEntidad{id=2216, inicio=2025-10-27T20:55:00Z, fin=2025-10-28T02:59:00Z, idAlmacenOrigen=5, idAlmacenDestino=10, capacidadMaximaProductos=340, capacidadOcupadaProductos=0, capacidadSinOcupar=340}
[01:43:03] Ruta: [30765]
[01:43:03] Último vuelo: VueloEntidad{id=30765, inicio=2025-10-27T20:55:00Z, fin=2025-10-28T02:59:00Z, idAlmacenOrigen=5, idAlmacenDestino=10, capacidadMaximaProductos=340, capacidadOcupadaProductos=0, capacidadSinOcupar=340}
[01:43:03] Ruta: [2222]
[01:43:03] Último vuelo: VueloEntidad{id=2222, inicio=2025-10-27T22:51:00Z, fin=2025-10-28T04:55:00Z, idAlmacenOrigen=5, idAlmacenDestino=10, capacidadMaximaProductos=360, capacidadOcupadaProductos=0, capacidadSinOcupar=360}
[01:43:03] Ruta: [30825]
[01:43:03] Último vuelo: VueloEntidad{id=30825, inicio=2025-10-27T22:51:00Z, fin=2025-10-28T04:55:00Z, idAlmacenOrigen=5, idAlmacenDestino=10, capacidadMaximaProductos=360, capacidadOcupadaProductos=0, capacidadSinOcupar=360}
[01:43:03] Ruta: [2211]
[01:43:03] Último vuelo: VueloEntidad{id=2211, inicio=2025-10-28T12:09:00Z, fin=2025-10-28T18:13:00Z, idAlmacenOrigen=5, idAlmacenDestino=10, capacidadMaximaProductos=300, capacidadOcupadaProductos=0, capacidadSinOcupar=300}
[01:43:03] Ruta: [30706]
[01:43:03] Último vuelo: VueloEntidad{id=30706, inicio=2025-10-28T12:09:00Z, fin=2025-10-28T18:13:00Z, idAlmacenOrigen=5, idAlmacenDestino=10, capacidadMaximaProductos=300, capacidadOcupadaProductos=0, capacidadSinOcupar=300}
[01:43:03] Ruta: [2217]
[01:43:03] Último vuelo: VueloEntidad{id=2217, inicio=2025-10-28T20:55:00Z, fin=2025-10-29T02:59:00Z, idAlmacenOrigen=5, idAlmacenDestino=10, capacidadMaximaProductos=340, capacidadOcupadaProductos=0, capacidadSinOcupar=340}
[01:43:03] Ruta: [30766]
[01:43:03] Último vuelo: VueloEntidad{id=30766, inicio=2025-10-28T20:55:00Z, fin=2025-10-29T02:59:00Z, idAlmacenOrigen=5, idAlmacenDestino=10, capacidadMaximaProductos=340, capacidadOcupadaProductos=0, capacidadSinOcupar=340}
[01:43:03] Ruta: [2223]
[01:43:03] Último vuelo: VueloEntidad{id=2223, inicio=2025-10-28T22:51:00Z, fin=2025-10-29T04:55:00Z, idAlmacenOrigen=5, idAlmacenDestino=10, capacidadMaximaProductos=360, capacidadOcupadaProductos=0, capacidadSinOcupar=360}
[01:43:03] Ruta: [30826]
[01:43:03] Último vuelo: VueloEntidad{id=30826, inicio=2025-10-28T22:51:00Z, fin=2025-10-29T04:55:00Z, idAlmacenOrigen=5, idAlmacenDestino=10, capacidadMaximaProductos=360, capacidadOcupadaProductos=0, capacidadSinOcupar=360}
[01:43:03] Ruta: [30707]
[01:43:03] Último vuelo: VueloEntidad{id=30707, inicio=2025-10-29T12:09:00Z, fin=2025-10-29T18:13:00Z, idAlmacenOrigen=5, idAlmacenDestino=10, capacidadMaximaProductos=300, capacidadOcupadaProductos=0, capacidadSinOcupar=300}
[01:43:03] Ruta: [30767]
[01:43:03] Último vuelo: VueloEntidad{id=30767, inicio=2025-10-29T20:55:00Z, fin=2025-10-30T02:59:00Z, idAlmacenOrigen=5, idAlmacenDestino=10, capacidadMaximaProductos=340, capacidadOcupadaProductos=0, capacidadSinOcupar=340}
[01:43:03] Ruta: [30827]
[01:43:03] Último vuelo: VueloEntidad{id=30827, inicio=2025-10-29T22:51:00Z, fin=2025-10-30T04:55:00Z, idAlmacenOrigen=5, idAlmacenDestino=10, capacidadMaximaProductos=360, capacidadOcupadaProductos=0, capacidadSinOcupar=360}
[01:43:03] Ruta: [4439]
[01:43:03] Último vuelo: VueloEntidad{id=4439, inicio=2025-10-27T10:13:00Z, fin=2025-10-28T01:06:00Z, idAlmacenOrigen=14, idAlmacenDestino=10, capacidadMaximaProductos=360, capacidadOcupadaProductos=0, capacidadSinOcupar=360}
[01:43:03] Ruta: [52995]
[01:43:03] Último vuelo: VueloEntidad{id=52995, inicio=2025-10-27T10:13:00Z, fin=2025-10-28T01:06:00Z, idAlmacenOrigen=14, idAlmacenDestino=10, capacidadMaximaProductos=360, capacidadOcupadaProductos=0, capacidadSinOcupar=360}
[01:43:03] Ruta: [4445]
[01:43:03] Último vuelo: VueloEntidad{id=4445, inicio=2025-10-27T21:55:00Z, fin=2025-10-28T12:48:00Z, idAlmacenOrigen=14, idAlmacenDestino=10, capacidadMaximaProductos=320, capacidadOcupadaProductos=0, capacidadSinOcupar=320}
[01:43:03] Ruta: [53055]
[01:43:03] Último vuelo: VueloEntidad{id=53055, inicio=2025-10-27T21:55:00Z, fin=2025-10-28T12:48:00Z, idAlmacenOrigen=14, idAlmacenDestino=10, capacidadMaximaProductos=320, capacidadOcupadaProductos=0, capacidadSinOcupar=320}
[01:43:03] Ruta: [4428]
[01:43:03] Último vuelo: VueloEntidad{id=4428, inicio=2025-10-27T22:02:00Z, fin=2025-10-28T13:55:00Z, idAlmacenOrigen=14, idAlmacenDestino=10, capacidadMaximaProductos=340, capacidadOcupadaProductos=0, capacidadSinOcupar=340}
[01:43:03] Ruta: [52876]
[01:43:03] Último vuelo: VueloEntidad{id=52876, inicio=2025-10-27T22:02:00Z, fin=2025-10-28T13:55:00Z, idAlmacenOrigen=14, idAlmacenDestino=10, capacidadMaximaProductos=340, capacidadOcupadaProductos=0, capacidadSinOcupar=340}
[01:43:03] Ruta: [4434]
[01:43:03] Último vuelo: VueloEntidad{id=4434, inicio=2025-10-28T04:34:00Z, fin=2025-10-28T19:27:00Z, idAlmacenOrigen=14, idAlmacenDestino=10, capacidadMaximaProductos=360, capacidadOcupadaProductos=0, capacidadSinOcupar=360}
[01:43:03] Ruta: [52936]
[01:43:03] Último vuelo: VueloEntidad{id=52936, inicio=2025-10-28T04:34:00Z, fin=2025-10-28T19:27:00Z, idAlmacenOrigen=14, idAlmacenDestino=10, capacidadMaximaProductos=360, capacidadOcupadaProductos=0, capacidadSinOcupar=360}
[01:43:03] Ruta: [4440]
[01:43:03] Último vuelo: VueloEntidad{id=4440, inicio=2025-10-28T10:13:00Z, fin=2025-10-29T01:06:00Z, idAlmacenOrigen=14, idAlmacenDestino=10, capacidadMaximaProductos=360, capacidadOcupadaProductos=0, capacidadSinOcupar=360}
[01:43:03] Ruta: [52996]
[01:43:03] Último vuelo: VueloEntidad{id=52996, inicio=2025-10-28T10:13:00Z, fin=2025-10-29T01:06:00Z, idAlmacenOrigen=14, idAlmacenDestino=10, capacidadMaximaProductos=360, capacidadOcupadaProductos=0, capacidadSinOcupar=360}
[01:43:03] rutasFiltradasSegunPlazoPedido: [[2210], [30705], [2216], [30765], [2222], [30825], [2211], [30706], [2217], [30766], [2223], [30826], [30707], [30767], [30827], [4439], [52995], [4445], [53055], [4428], [52876], [4434], [52936], [4440], [52996]]
[01:43:03] me llegó: 25 rutas, instante act: 2025-10-27T06:43:00.692876200Z pedido: PedidoParaAlgoritmo{id=14, idAlmacenDestino=10, pedidas=71, entregadas=0, programadas=0, restante o pendientes=71, registro=2025-10-28T17:29:00Z, instanteEntregaMax=2025-10-30T17:29:00Z}
[01:43:03] score obtenido en ruta: 0.03811838751169317 ruta
[01:43:03] score obtenido en ruta: 0.03811838751169317 ruta
[01:43:03] score obtenido en ruta: 0.11359846 ruta
[01:43:03] score obtenido en ruta: 0.11359846 ruta
[01:43:03] score obtenido en ruta: 0.1331849821133737 ruta
[01:43:03] score obtenido en ruta: 0.1331849821133737 ruta
[01:43:03] score obtenido en ruta: 0.3113519834273625 ruta
[01:43:03] score obtenido en ruta: 0.3113519834273625 ruta
[01:43:03] score obtenido en ruta: 0.4961013961038961 ruta
[01:43:03] score obtenido en ruta: 0.4961013961038961 ruta
[01:43:03] score obtenido en ruta: 0.5487667388331814 ruta
[01:43:03] score obtenido en ruta: 0.5487667388331814 ruta
[01:43:03] score obtenido en ruta: 1.1482766654727794 ruta
[01:43:03] score obtenido en ruta: 2.144820948275862 ruta
[01:43:03] score obtenido en ruta: 2.551716478779841 ruta
[01:43:03] score obtenido en ruta: 0.027179452498058504 ruta
[01:43:03] score obtenido en ruta: 0.027179452498058504 ruta
[01:43:03] score obtenido en ruta: 0.14425631920278392 ruta
[01:43:03] score obtenido en ruta: 0.14425631920278392 ruta
[01:43:03] score obtenido en ruta: 0.1485113849385908 ruta
[01:43:03] score obtenido en ruta: 0.1485113849385908 ruta
[01:43:03] score obtenido en ruta: 0.23732593229543808 ruta
[01:43:03] score obtenido en ruta: 0.23732593229543808 ruta
[01:43:03] score obtenido en ruta: 0.3404846161782914 ruta
[01:43:03] score obtenido en ruta: 0.3404846161782914 ruta
[01:43:03] puntajesPorRuta: {[2210]=0.03811838751169317, [2211]=0.3113519834273625, [2216]=0.11359846, [30825]=0.1331849821133737, [2217]=0.4961013961038961, [30826]=0.5487667388331814, [30827]=2.551716478779841, [30765]=0.11359846, [2222]=0.1331849821133737, [30766]=0.4961013961038961, [2223]=0.5487667388331814, [30767]=2.144820948275862, [30705]=0.03811838751169317, [30706]=0.3113519834273625, [30707]=1.1482766654727794, [53055]=0.14425631920278392, [52995]=0.027179452498058504, [52996]=0.3404846161782914, [52936]=0.23732593229543808, [4428]=0.1485113849385908, [52876]=0.1485113849385908, [4434]=0.23732593229543808, [4439]=0.027179452498058504, [4440]=0.3404846161782914, [4445]=0.14425631920278392}
[01:43:03] construccionGRASPParaUnaRuta: Rutas que entraron a la RCL:  
[[30827], [30767], [30707], [30826], [2223]]
[01:43:03] Simulación del almacén destino hasta siguiente inicio: pe.edu.pucp.inf.pddsbackend.modelos.dominio.Almacen@14597564=0
[01:43:03] Generando rutas candidatas (inicio)
[01:43:06] EstadoGlobalMutableProblemaPlanificacion: Rutas para pedidos pendientes, cantidad:675
[01:43:06] planificar: Iteración 0: quedan 108 pedidos pendientes
[01:43:06] rutasConDestinoCompartido: [[2210], [30705], [2216], [30765], [2222], [30825], [2211], [30706], [2217], [30766], [2223], [30826], [30707], [30767], [30827], [4439], [52995], [4445], [53055], [4428], [52876], [4434], [52936], [4440], [52996]]
[01:43:06] Pedido: PedidoParaAlgoritmo{id=14, idAlmacenDestino=10, pedidas=71, entregadas=0, programadas=0, restante o pendientes=71, registro=2025-10-28T17:29:00Z, instanteEntregaMax=2025-10-30T17:29:00Z}
[01:43:06] Ruta: [2210]
[01:43:06] Último vuelo: VueloEntidad{id=2210, inicio=2025-10-27T12:09:00Z, fin=2025-10-27T18:13:00Z, idAlmacenOrigen=5, idAlmacenDestino=10, capacidadMaximaProductos=300, capacidadOcupadaProductos=0, capacidadSinOcupar=300}
[01:43:06] Ruta: [30705]
[01:43:06] Último vuelo: VueloEntidad{id=30705, inicio=2025-10-27T12:09:00Z, fin=2025-10-27T18:13:00Z, idAlmacenOrigen=5, idAlmacenDestino=10, capacidadMaximaProductos=300, capacidadOcupadaProductos=0, capacidadSinOcupar=300}
[01:43:06] Ruta: [2216]
[01:43:06] Último vuelo: VueloEntidad{id=2216, inicio=2025-10-27T20:55:00Z, fin=2025-10-28T02:59:00Z, idAlmacenOrigen=5, idAlmacenDestino=10, capacidadMaximaProductos=340, capacidadOcupadaProductos=0, capacidadSinOcupar=340}
[01:43:06] Ruta: [30765]
[01:43:06] Último vuelo: VueloEntidad{id=30765, inicio=2025-10-27T20:55:00Z, fin=2025-10-28T02:59:00Z, idAlmacenOrigen=5, idAlmacenDestino=10, capacidadMaximaProductos=340, capacidadOcupadaProductos=0, capacidadSinOcupar=340}
[01:43:06] Ruta: [2222]
[01:43:06] Último vuelo: VueloEntidad{id=2222, inicio=2025-10-27T22:51:00Z, fin=2025-10-28T04:55:00Z, idAlmacenOrigen=5, idAlmacenDestino=10, capacidadMaximaProductos=360, capacidadOcupadaProductos=0, capacidadSinOcupar=360}
[01:43:06] Ruta: [30825]
[01:43:06] Último vuelo: VueloEntidad{id=30825, inicio=2025-10-27T22:51:00Z, fin=2025-10-28T04:55:00Z, idAlmacenOrigen=5, idAlmacenDestino=10, capacidadMaximaProductos=360, capacidadOcupadaProductos=0, capacidadSinOcupar=360}
[01:43:06] Ruta: [2211]
[01:43:06] Último vuelo: VueloEntidad{id=2211, inicio=2025-10-28T12:09:00Z, fin=2025-10-28T18:13:00Z, idAlmacenOrigen=5, idAlmacenDestino=10, capacidadMaximaProductos=300, capacidadOcupadaProductos=0, capacidadSinOcupar=300}
[01:43:06] Ruta: [30706]
[01:43:06] Último vuelo: VueloEntidad{id=30706, inicio=2025-10-28T12:09:00Z, fin=2025-10-28T18:13:00Z, idAlmacenOrigen=5, idAlmacenDestino=10, capacidadMaximaProductos=300, capacidadOcupadaProductos=0, capacidadSinOcupar=300}
[01:43:06] Ruta: [2217]
[01:43:06] Último vuelo: VueloEntidad{id=2217, inicio=2025-10-28T20:55:00Z, fin=2025-10-29T02:59:00Z, idAlmacenOrigen=5, idAlmacenDestino=10, capacidadMaximaProductos=340, capacidadOcupadaProductos=0, capacidadSinOcupar=340}
[01:43:06] Ruta: [30766]
[01:43:06] Último vuelo: VueloEntidad{id=30766, inicio=2025-10-28T20:55:00Z, fin=2025-10-29T02:59:00Z, idAlmacenOrigen=5, idAlmacenDestino=10, capacidadMaximaProductos=340, capacidadOcupadaProductos=0, capacidadSinOcupar=340}
[01:43:06] Ruta: [2223]
[01:43:06] Último vuelo: VueloEntidad{id=2223, inicio=2025-10-28T22:51:00Z, fin=2025-10-29T04:55:00Z, idAlmacenOrigen=5, idAlmacenDestino=10, capacidadMaximaProductos=360, capacidadOcupadaProductos=0, capacidadSinOcupar=360}
[01:43:06] Ruta: [30826]
[01:43:06] Último vuelo: VueloEntidad{id=30826, inicio=2025-10-28T22:51:00Z, fin=2025-10-29T04:55:00Z, idAlmacenOrigen=5, idAlmacenDestino=10, capacidadMaximaProductos=360, capacidadOcupadaProductos=0, capacidadSinOcupar=360}
[01:43:06] Ruta: [30707]
[01:43:06] Último vuelo: VueloEntidad{id=30707, inicio=2025-10-29T12:09:00Z, fin=2025-10-29T18:13:00Z, idAlmacenOrigen=5, idAlmacenDestino=10, capacidadMaximaProductos=300, capacidadOcupadaProductos=0, capacidadSinOcupar=300}
[01:43:06] Ruta: [30767]
[01:43:06] Último vuelo: VueloEntidad{id=30767, inicio=2025-10-29T20:55:00Z, fin=2025-10-30T02:59:00Z, idAlmacenOrigen=5, idAlmacenDestino=10, capacidadMaximaProductos=340, capacidadOcupadaProductos=0, capacidadSinOcupar=340}
[01:43:06] Ruta: [30827]
[01:43:06] Último vuelo: VueloEntidad{id=30827, inicio=2025-10-29T22:51:00Z, fin=2025-10-30T04:55:00Z, idAlmacenOrigen=5, idAlmacenDestino=10, capacidadMaximaProductos=360, capacidadOcupadaProductos=0, capacidadSinOcupar=360}
[01:43:06] Ruta: [4439]
[01:43:06] Último vuelo: VueloEntidad{id=4439, inicio=2025-10-27T10:13:00Z, fin=2025-10-28T01:06:00Z, idAlmacenOrigen=14, idAlmacenDestino=10, capacidadMaximaProductos=360, capacidadOcupadaProductos=0, capacidadSinOcupar=360}
[01:43:06] Ruta: [52995]
[01:43:06] Último vuelo: VueloEntidad{id=52995, inicio=2025-10-27T10:13:00Z, fin=2025-10-28T01:06:00Z, idAlmacenOrigen=14, idAlmacenDestino=10, capacidadMaximaProductos=360, capacidadOcupadaProductos=0, capacidadSinOcupar=360}
[01:43:06] Ruta: [4445]
[01:43:06] Último vuelo: VueloEntidad{id=4445, inicio=2025-10-27T21:55:00Z, fin=2025-10-28T12:48:00Z, idAlmacenOrigen=14, idAlmacenDestino=10, capacidadMaximaProductos=320, capacidadOcupadaProductos=0, capacidadSinOcupar=320}
[01:43:06] Ruta: [53055]
[01:43:06] Último vuelo: VueloEntidad{id=53055, inicio=2025-10-27T21:55:00Z, fin=2025-10-28T12:48:00Z, idAlmacenOrigen=14, idAlmacenDestino=10, capacidadMaximaProductos=320, capacidadOcupadaProductos=0, capacidadSinOcupar=320}
[01:43:06] Ruta: [4428]
[01:43:06] Último vuelo: VueloEntidad{id=4428, inicio=2025-10-27T22:02:00Z, fin=2025-10-28T13:55:00Z, idAlmacenOrigen=14, idAlmacenDestino=10, capacidadMaximaProductos=340, capacidadOcupadaProductos=0, capacidadSinOcupar=340}
[01:43:06] Ruta: [52876]
[01:43:06] Último vuelo: VueloEntidad{id=52876, inicio=2025-10-27T22:02:00Z, fin=2025-10-28T13:55:00Z, idAlmacenOrigen=14, idAlmacenDestino=10, capacidadMaximaProductos=340, capacidadOcupadaProductos=0, capacidadSinOcupar=340}
[01:43:06] Ruta: [4434]
[01:43:06] Último vuelo: VueloEntidad{id=4434, inicio=2025-10-28T04:34:00Z, fin=2025-10-28T19:27:00Z, idAlmacenOrigen=14, idAlmacenDestino=10, capacidadMaximaProductos=360, capacidadOcupadaProductos=0, capacidadSinOcupar=360}
[01:43:06] Ruta: [52936]
[01:43:06] Último vuelo: VueloEntidad{id=52936, inicio=2025-10-28T04:34:00Z, fin=2025-10-28T19:27:00Z, idAlmacenOrigen=14, idAlmacenDestino=10, capacidadMaximaProductos=360, capacidadOcupadaProductos=0, capacidadSinOcupar=360}
[01:43:06] Ruta: [4440]
[01:43:06] Último vuelo: VueloEntidad{id=4440, inicio=2025-10-28T10:13:00Z, fin=2025-10-29T01:06:00Z, idAlmacenOrigen=14, idAlmacenDestino=10, capacidadMaximaProductos=360, capacidadOcupadaProductos=0, capacidadSinOcupar=360}
[01:43:06] Ruta: [52996]
[01:43:06] Último vuelo: VueloEntidad{id=52996, inicio=2025-10-28T10:13:00Z, fin=2025-10-29T01:06:00Z, idAlmacenOrigen=14, idAlmacenDestino=10, capacidadMaximaProductos=360, capacidadOcupadaProductos=0, capacidadSinOcupar=360}
[01:43:06] rutasFiltradasSegunPlazoPedido: [[2210], [30705], [2216], [30765], [2222], [30825], [2211], [30706], [2217], [30766], [2223], [30826], [30707], [30767], [30827], [4439], [52995], [4445], [53055], [4428], [52876], [4434], [52936], [4440], [52996]]
[01:43:06] me llegó: 25 rutas, instante act: 2025-10-27T06:43:03.575602100Z pedido: PedidoParaAlgoritmo{id=14, idAlmacenDestino=10, pedidas=71, entregadas=0, programadas=0, restante o pendientes=71, registro=2025-10-28T17:29:00Z, instanteEntregaMax=2025-10-30T17:29:00Z}
[01:43:06] score obtenido en ruta: 0.038112768942937324 ruta
[01:43:06] score obtenido en ruta: 0.038112768942937324 ruta
[01:43:06] score obtenido en ruta: 0.11359205333333333 ruta
[01:43:06] score obtenido en ruta: 0.11359205333333333 ruta
[01:43:06] score obtenido en ruta: 0.1331783709411117 ruta
[01:43:06] score obtenido en ruta: 0.1331783709411117 ruta
[01:43:06] score obtenido en ruta: 0.3113435119887165 ruta
[01:43:06] score obtenido en ruta: 0.3113435119887165 ruta
[01:43:06] score obtenido en ruta: 0.4960909956709957 ruta
[01:43:06] score obtenido en ruta: 0.4960909956709957 ruta
[01:43:06] score obtenido en ruta: 0.5487557885141294 ruta
[01:43:06] score obtenido en ruta: 0.5487557885141294 ruta
[01:43:06] score obtenido en ruta: 1.1482594555873926 ruta
[01:43:06] score obtenido en ruta: 2.1447933333333333 ruta
[01:43:06] score obtenido en ruta: 2.5516846153846156 ruta
[01:43:06] score obtenido en ruta: 0.02717323323841574 ruta
[01:43:06] score obtenido en ruta: 0.02717323323841574 ruta
[01:43:06] score obtenido en ruta: 0.1442487187598861 ruta
[01:43:06] score obtenido en ruta: 0.1442487187598861 ruta
[01:43:06] score obtenido en ruta: 0.14850361990950225 ruta
[01:43:06] score obtenido en ruta: 0.14850361990950225 ruta
[01:43:06] score obtenido en ruta: 0.2373172338884866 ruta
[01:43:06] score obtenido en ruta: 0.2373172338884866 ruta
[01:43:06] score obtenido en ruta: 0.3404747007841519 ruta
[01:43:06] score obtenido en ruta: 0.3404747007841519 ruta
[01:43:06] puntajesPorRuta: {[2210]=0.038112768942937324, [2211]=0.3113435119887165, [2216]=0.11359205333333333, [30825]=0.1331783709411117, [2217]=0.4960909956709957, [30826]=0.5487557885141294, [30827]=2.5516846153846156, [30765]=0.11359205333333333, [2222]=0.1331783709411117, [30766]=0.4960909956709957, [2223]=0.5487557885141294, [30767]=2.1447933333333333, [30705]=0.038112768942937324, [30706]=0.3113435119887165, [30707]=1.1482594555873926, [53055]=0.1442487187598861, [52995]=0.02717323323841574, [52996]=0.3404747007841519, [52936]=0.2373172338884866, [4428]=0.14850361990950225, [52876]=0.14850361990950225, [4434]=0.2373172338884866, [4439]=0.02717323323841574, [4440]=0.3404747007841519, [4445]=0.1442487187598861}
[01:43:06] construccionGRASPParaUnaRuta: Rutas que entraron a la RCL:  
[[30827], [30767], [30707], [30826], [2223]]
[01:43:06] Simulación del almacén destino hasta siguiente inicio: pe.edu.pucp.inf.pddsbackend.modelos.dominio.Almacen@429d084b=0
[01:43:06] Generando rutas candidatas (inicio)
[01:43:08] EstadoGlobalMutableProblemaPlanificacion: Rutas para pedidos pendientes, cantidad:675
[01:43:08] planificar: Iteración 0: quedan 108 pedidos pendientes
[01:43:08] rutasConDestinoCompartido: [[2210], [30705], [2216], [30765], [2222], [30825], [2211], [30706], [2217], [30766], [2223], [30826], [30707], [30767], [30827], [4439], [52995], [4445], [53055], [4428], [52876], [4434], [52936], [4440], [52996]]
[01:43:08] Pedido: PedidoParaAlgoritmo{id=14, idAlmacenDestino=10, pedidas=71, entregadas=0, programadas=0, restante o pendientes=71, registro=2025-10-28T17:29:00Z, instanteEntregaMax=2025-10-30T17:29:00Z}
[01:43:08] Ruta: [2210]
[01:43:08] Último vuelo: VueloEntidad{id=2210, inicio=2025-10-27T12:09:00Z, fin=2025-10-27T18:13:00Z, idAlmacenOrigen=5, idAlmacenDestino=10, capacidadMaximaProductos=300, capacidadOcupadaProductos=0, capacidadSinOcupar=300}
[01:43:08] Ruta: [30705]
[01:43:08] Último vuelo: VueloEntidad{id=30705, inicio=2025-10-27T12:09:00Z, fin=2025-10-27T18:13:00Z, idAlmacenOrigen=5, idAlmacenDestino=10, capacidadMaximaProductos=300, capacidadOcupadaProductos=0, capacidadSinOcupar=300}
[01:43:08] Ruta: [2216]
[01:43:08] Último vuelo: VueloEntidad{id=2216, inicio=2025-10-27T20:55:00Z, fin=2025-10-28T02:59:00Z, idAlmacenOrigen=5, idAlmacenDestino=10, capacidadMaximaProductos=340, capacidadOcupadaProductos=0, capacidadSinOcupar=340}
[01:43:08] Ruta: [30765]
[01:43:08] Último vuelo: VueloEntidad{id=30765, inicio=2025-10-27T20:55:00Z, fin=2025-10-28T02:59:00Z, idAlmacenOrigen=5, idAlmacenDestino=10, capacidadMaximaProductos=340, capacidadOcupadaProductos=0, capacidadSinOcupar=340}
[01:43:08] Ruta: [2222]
[01:43:08] Último vuelo: VueloEntidad{id=2222, inicio=2025-10-27T22:51:00Z, fin=2025-10-28T04:55:00Z, idAlmacenOrigen=5, idAlmacenDestino=10, capacidadMaximaProductos=360, capacidadOcupadaProductos=0, capacidadSinOcupar=360}
[01:43:08] Ruta: [30825]
[01:43:08] Último vuelo: VueloEntidad{id=30825, inicio=2025-10-27T22:51:00Z, fin=2025-10-28T04:55:00Z, idAlmacenOrigen=5, idAlmacenDestino=10, capacidadMaximaProductos=360, capacidadOcupadaProductos=0, capacidadSinOcupar=360}
[01:43:08] Ruta: [2211]
[01:43:08] Último vuelo: VueloEntidad{id=2211, inicio=2025-10-28T12:09:00Z, fin=2025-10-28T18:13:00Z, idAlmacenOrigen=5, idAlmacenDestino=10, capacidadMaximaProductos=300, capacidadOcupadaProductos=0, capacidadSinOcupar=300}
[01:43:08] Ruta: [30706]
[01:43:08] Último vuelo: VueloEntidad{id=30706, inicio=2025-10-28T12:09:00Z, fin=2025-10-28T18:13:00Z, idAlmacenOrigen=5, idAlmacenDestino=10, capacidadMaximaProductos=300, capacidadOcupadaProductos=0, capacidadSinOcupar=300}
[01:43:08] Ruta: [2217]
[01:43:08] Último vuelo: VueloEntidad{id=2217, inicio=2025-10-28T20:55:00Z, fin=2025-10-29T02:59:00Z, idAlmacenOrigen=5, idAlmacenDestino=10, capacidadMaximaProductos=340, capacidadOcupadaProductos=0, capacidadSinOcupar=340}
[01:43:08] Ruta: [30766]
[01:43:08] Último vuelo: VueloEntidad{id=30766, inicio=2025-10-28T20:55:00Z, fin=2025-10-29T02:59:00Z, idAlmacenOrigen=5, idAlmacenDestino=10, capacidadMaximaProductos=340, capacidadOcupadaProductos=0, capacidadSinOcupar=340}
[01:43:08] Ruta: [2223]
[01:43:08] Último vuelo: VueloEntidad{id=2223, inicio=2025-10-28T22:51:00Z, fin=2025-10-29T04:55:00Z, idAlmacenOrigen=5, idAlmacenDestino=10, capacidadMaximaProductos=360, capacidadOcupadaProductos=0, capacidadSinOcupar=360}
[01:43:08] Ruta: [30826]
[01:43:08] Último vuelo: VueloEntidad{id=30826, inicio=2025-10-28T22:51:00Z, fin=2025-10-29T04:55:00Z, idAlmacenOrigen=5, idAlmacenDestino=10, capacidadMaximaProductos=360, capacidadOcupadaProductos=0, capacidadSinOcupar=360}
[01:43:08] Ruta: [30707]
[01:43:08] Último vuelo: VueloEntidad{id=30707, inicio=2025-10-29T12:09:00Z, fin=2025-10-29T18:13:00Z, idAlmacenOrigen=5, idAlmacenDestino=10, capacidadMaximaProductos=300, capacidadOcupadaProductos=0, capacidadSinOcupar=300}
[01:43:08] Ruta: [30767]
[01:43:08] Último vuelo: VueloEntidad{id=30767, inicio=2025-10-29T20:55:00Z, fin=2025-10-30T02:59:00Z, idAlmacenOrigen=5, idAlmacenDestino=10, capacidadMaximaProductos=340, capacidadOcupadaProductos=0, capacidadSinOcupar=340}
[01:43:08] Ruta: [30827]
[01:43:08] Último vuelo: VueloEntidad{id=30827, inicio=2025-10-29T22:51:00Z, fin=2025-10-30T04:55:00Z, idAlmacenOrigen=5, idAlmacenDestino=10, capacidadMaximaProductos=360, capacidadOcupadaProductos=0, capacidadSinOcupar=360}
[01:43:08] Ruta: [4439]
[01:43:08] Último vuelo: VueloEntidad{id=4439, inicio=2025-10-27T10:13:00Z, fin=2025-10-28T01:06:00Z, idAlmacenOrigen=14, idAlmacenDestino=10, capacidadMaximaProductos=360, capacidadOcupadaProductos=0, capacidadSinOcupar=360}
[01:43:08] Ruta: [52995]
[01:43:08] Último vuelo: VueloEntidad{id=52995, inicio=2025-10-27T10:13:00Z, fin=2025-10-28T01:06:00Z, idAlmacenOrigen=14, idAlmacenDestino=10, capacidadMaximaProductos=360, capacidadOcupadaProductos=0, capacidadSinOcupar=360}
[01:43:08] Ruta: [4445]
[01:43:08] Último vuelo: VueloEntidad{id=4445, inicio=2025-10-27T21:55:00Z, fin=2025-10-28T12:48:00Z, idAlmacenOrigen=14, idAlmacenDestino=10, capacidadMaximaProductos=320, capacidadOcupadaProductos=0, capacidadSinOcupar=320}
[01:43:08] Ruta: [53055]
[01:43:08] Último vuelo: VueloEntidad{id=53055, inicio=2025-10-27T21:55:00Z, fin=2025-10-28T12:48:00Z, idAlmacenOrigen=14, idAlmacenDestino=10, capacidadMaximaProductos=320, capacidadOcupadaProductos=0, capacidadSinOcupar=320}
[01:43:08] Ruta: [4428]
[01:43:08] Último vuelo: VueloEntidad{id=4428, inicio=2025-10-27T22:02:00Z, fin=2025-10-28T13:55:00Z, idAlmacenOrigen=14, idAlmacenDestino=10, capacidadMaximaProductos=340, capacidadOcupadaProductos=0, capacidadSinOcupar=340}
[01:43:08] Ruta: [52876]
[01:43:08] Último vuelo: VueloEntidad{id=52876, inicio=2025-10-27T22:02:00Z, fin=2025-10-28T13:55:00Z, idAlmacenOrigen=14, idAlmacenDestino=10, capacidadMaximaProductos=340, capacidadOcupadaProductos=0, capacidadSinOcupar=340}
[01:43:08] Ruta: [4434]
[01:43:08] Último vuelo: VueloEntidad{id=4434, inicio=2025-10-28T04:34:00Z, fin=2025-10-28T19:27:00Z, idAlmacenOrigen=14, idAlmacenDestino=10, capacidadMaximaProductos=360, capacidadOcupadaProductos=0, capacidadSinOcupar=360}
[01:43:08] Ruta: [52936]
[01:43:08] Último vuelo: VueloEntidad{id=52936, inicio=2025-10-28T04:34:00Z, fin=2025-10-28T19:27:00Z, idAlmacenOrigen=14, idAlmacenDestino=10, capacidadMaximaProductos=360, capacidadOcupadaProductos=0, capacidadSinOcupar=360}
[01:43:08] Ruta: [4440]
[01:43:08] Último vuelo: VueloEntidad{id=4440, inicio=2025-10-28T10:13:00Z, fin=2025-10-29T01:06:00Z, idAlmacenOrigen=14, idAlmacenDestino=10, capacidadMaximaProductos=360, capacidadOcupadaProductos=0, capacidadSinOcupar=360}
[01:43:08] Ruta: [52996]
[01:43:08] Último vuelo: VueloEntidad{id=52996, inicio=2025-10-28T10:13:00Z, fin=2025-10-29T01:06:00Z, idAlmacenOrigen=14, idAlmacenDestino=10, capacidadMaximaProductos=360, capacidadOcupadaProductos=0, capacidadSinOcupar=360}
[01:43:08] rutasFiltradasSegunPlazoPedido: [[2210], [30705], [2216], [30765], [2222], [30825], [2211], [30706], [2217], [30766], [2223], [30826], [30707], [30767], [30827], [4439], [52995], [4445], [53055], [4428], [52876], [4434], [52936], [4440], [52996]]
[01:43:08] me llegó: 25 rutas, instante act: 2025-10-27T06:43:06.451620900Z pedido: PedidoParaAlgoritmo{id=14, idAlmacenDestino=10, pedidas=71, entregadas=0, programadas=0, restante o pendientes=71, registro=2025-10-28T17:29:00Z, instanteEntregaMax=2025-10-30T17:29:00Z}
[01:43:08] score obtenido en ruta: 0.03810716401621453 ruta
[01:43:08] score obtenido en ruta: 0.03810716401621453 ruta
[01:43:08] score obtenido en ruta: 0.11358566222222223 ruta
[01:43:08] score obtenido en ruta: 0.11358566222222223 ruta
[01:43:08] score obtenido en ruta: 0.1331717758209503 ruta
[01:43:08] score obtenido en ruta: 0.1331717758209503 ruta
[01:43:08] score obtenido en ruta: 0.3113350611189469 ruta
[01:43:08] score obtenido en ruta: 0.3113350611189469 ruta
[01:43:08] score obtenido en ruta: 0.4960806204906205 ruta
[01:43:08] score obtenido en ruta: 0.4960806204906205 ruta
[01:43:08] score obtenido en ruta: 0.5487448647827409 ruta
[01:43:08] score obtenido en ruta: 0.5487448647827409 ruta
[01:43:08] score obtenido en ruta: 1.1482422874880611 ruta
[01:43:08] score obtenido en ruta: 2.144765785440613 ruta
[01:43:08] score obtenido en ruta: 2.5516528293545537 ruta
[01:43:08] score obtenido en ruta: 0.027167029079299337 ruta
[01:43:08] score obtenido en ruta: 0.027167029079299337 ruta
[01:43:08] score obtenido en ruta: 0.144241136771064 ruta
[01:43:08] score obtenido en ruta: 0.144241136771064 ruta
[01:43:08] score obtenido en ruta: 0.14849587373410902 ruta
[01:43:08] score obtenido en ruta: 0.14849587373410902 ruta
[01:43:08] score obtenido en ruta: 0.2373085566014965 ruta
[01:43:08] score obtenido en ruta: 0.2373085566014965 ruta
[01:43:08] score obtenido en ruta: 0.3404648094648507 ruta
[01:43:08] score obtenido en ruta: 0.3404648094648507 ruta
[01:43:08] puntajesPorRuta: {[2210]=0.03810716401621453, [2211]=0.3113350611189469, [2216]=0.11358566222222223, [30825]=0.1331717758209503, [2217]=0.4960806204906205, [30826]=0.5487448647827409, [30827]=2.5516528293545537, [30765]=0.11358566222222223, [2222]=0.1331717758209503, [30766]=0.4960806204906205, [2223]=0.5487448647827409, [30767]=2.144765785440613, [30705]=0.03810716401621453, [30706]=0.3113350611189469, [30707]=1.1482422874880611, [53055]=0.144241136771064, [52995]=0.027167029079299337, [52996]=0.3404648094648507, [52936]=0.2373085566014965, [4428]=0.14849587373410902, [52876]=0.14849587373410902, [4434]=0.2373085566014965, [4439]=0.027167029079299337, [4440]=0.3404648094648507, [4445]=0.144241136771064}
[01:43:08] construccionGRASPParaUnaRuta: Rutas que entraron a la RCL:  
[[30827], [30767], [30707], [30826], [2223]]
[01:43:08] Simulación del almacén destino hasta siguiente inicio: pe.edu.pucp.inf.pddsbackend.modelos.dominio.Almacen@69d7754b=0
[01:43:09] Generando rutas candidatas (inicio)
[01:43:11] EstadoGlobalMutableProblemaPlanificacion: Rutas para pedidos pendientes, cantidad:675
[01:43:11] planificar: Iteración 0: quedan 108 pedidos pendientes
[01:43:11] rutasConDestinoCompartido: [[2210], [30705], [2216], [30765], [2222], [30825], [2211], [30706], [2217], [30766], [2223], [30826], [30707], [30767], [30827], [4439], [52995], [4445], [53055], [4428], [52876], [4434], [52936], [4440], [52996]]
[01:43:11] Pedido: PedidoParaAlgoritmo{id=14, idAlmacenDestino=10, pedidas=71, entregadas=0, programadas=0, restante o pendientes=71, registro=2025-10-28T17:29:00Z, instanteEntregaMax=2025-10-30T17:29:00Z}
[01:43:11] Ruta: [2210]
[01:43:11] Último vuelo: VueloEntidad{id=2210, inicio=2025-10-27T12:09:00Z, fin=2025-10-27T18:13:00Z, idAlmacenOrigen=5, idAlmacenDestino=10, capacidadMaximaProductos=300, capacidadOcupadaProductos=0, capacidadSinOcupar=300}
[01:43:11] Ruta: [30705]
[01:43:11] Último vuelo: VueloEntidad{id=30705, inicio=2025-10-27T12:09:00Z, fin=2025-10-27T18:13:00Z, idAlmacenOrigen=5, idAlmacenDestino=10, capacidadMaximaProductos=300, capacidadOcupadaProductos=0, capacidadSinOcupar=300}
[01:43:11] Ruta: [2216]
[01:43:11] Último vuelo: VueloEntidad{id=2216, inicio=2025-10-27T20:55:00Z, fin=2025-10-28T02:59:00Z, idAlmacenOrigen=5, idAlmacenDestino=10, capacidadMaximaProductos=340, capacidadOcupadaProductos=0, capacidadSinOcupar=340}
[01:43:11] Ruta: [30765]
[01:43:11] Último vuelo: VueloEntidad{id=30765, inicio=2025-10-27T20:55:00Z, fin=2025-10-28T02:59:00Z, idAlmacenOrigen=5, idAlmacenDestino=10, capacidadMaximaProductos=340, capacidadOcupadaProductos=0, capacidadSinOcupar=340}
[01:43:11] Ruta: [2222]
[01:43:11] Último vuelo: VueloEntidad{id=2222, inicio=2025-10-27T22:51:00Z, fin=2025-10-28T04:55:00Z, idAlmacenOrigen=5, idAlmacenDestino=10, capacidadMaximaProductos=360, capacidadOcupadaProductos=0, capacidadSinOcupar=360}
[01:43:11] Ruta: [30825]
[01:43:11] Último vuelo: VueloEntidad{id=30825, inicio=2025-10-27T22:51:00Z, fin=2025-10-28T04:55:00Z, idAlmacenOrigen=5, idAlmacenDestino=10, capacidadMaximaProductos=360, capacidadOcupadaProductos=0, capacidadSinOcupar=360}
[01:43:11] Ruta: [2211]
[01:43:11] Último vuelo: VueloEntidad{id=2211, inicio=2025-10-28T12:09:00Z, fin=2025-10-28T18:13:00Z, idAlmacenOrigen=5, idAlmacenDestino=10, capacidadMaximaProductos=300, capacidadOcupadaProductos=0, capacidadSinOcupar=300}
[01:43:11] Ruta: [30706]
[01:43:11] Último vuelo: VueloEntidad{id=30706, inicio=2025-10-28T12:09:00Z, fin=2025-10-28T18:13:00Z, idAlmacenOrigen=5, idAlmacenDestino=10, capacidadMaximaProductos=300, capacidadOcupadaProductos=0, capacidadSinOcupar=300}
[01:43:11] Ruta: [2217]
[01:43:11] Último vuelo: VueloEntidad{id=2217, inicio=2025-10-28T20:55:00Z, fin=2025-10-29T02:59:00Z, idAlmacenOrigen=5, idAlmacenDestino=10, capacidadMaximaProductos=340, capacidadOcupadaProductos=0, capacidadSinOcupar=340}
[01:43:11] Ruta: [30766]
[01:43:11] Último vuelo: VueloEntidad{id=30766, inicio=2025-10-28T20:55:00Z, fin=2025-10-29T02:59:00Z, idAlmacenOrigen=5, idAlmacenDestino=10, capacidadMaximaProductos=340, capacidadOcupadaProductos=0, capacidadSinOcupar=340}
[01:43:11] Ruta: [2223]
[01:43:11] Último vuelo: VueloEntidad{id=2223, inicio=2025-10-28T22:51:00Z, fin=2025-10-29T04:55:00Z, idAlmacenOrigen=5, idAlmacenDestino=10, capacidadMaximaProductos=360, capacidadOcupadaProductos=0, capacidadSinOcupar=360}
[01:43:11] Ruta: [30826]
[01:43:11] Último vuelo: VueloEntidad{id=30826, inicio=2025-10-28T22:51:00Z, fin=2025-10-29T04:55:00Z, idAlmacenOrigen=5, idAlmacenDestino=10, capacidadMaximaProductos=360, capacidadOcupadaProductos=0, capacidadSinOcupar=360}
[01:43:11] Ruta: [30707]
[01:43:11] Último vuelo: VueloEntidad{id=30707, inicio=2025-10-29T12:09:00Z, fin=2025-10-29T18:13:00Z, idAlmacenOrigen=5, idAlmacenDestino=10, capacidadMaximaProductos=300, capacidadOcupadaProductos=0, capacidadSinOcupar=300}
[01:43:11] Ruta: [30767]
[01:43:11] Último vuelo: VueloEntidad{id=30767, inicio=2025-10-29T20:55:00Z, fin=2025-10-30T02:59:00Z, idAlmacenOrigen=5, idAlmacenDestino=10, capacidadMaximaProductos=340, capacidadOcupadaProductos=0, capacidadSinOcupar=340}
[01:43:11] Ruta: [30827]
[01:43:11] Último vuelo: VueloEntidad{id=30827, inicio=2025-10-29T22:51:00Z, fin=2025-10-30T04:55:00Z, idAlmacenOrigen=5, idAlmacenDestino=10, capacidadMaximaProductos=360, capacidadOcupadaProductos=0, capacidadSinOcupar=360}
[01:43:11] Ruta: [4439]
[01:43:11] Último vuelo: VueloEntidad{id=4439, inicio=2025-10-27T10:13:00Z, fin=2025-10-28T01:06:00Z, idAlmacenOrigen=14, idAlmacenDestino=10, capacidadMaximaProductos=360, capacidadOcupadaProductos=0, capacidadSinOcupar=360}
[01:43:11] Ruta: [52995]
[01:43:11] Último vuelo: VueloEntidad{id=52995, inicio=2025-10-27T10:13:00Z, fin=2025-10-28T01:06:00Z, idAlmacenOrigen=14, idAlmacenDestino=10, capacidadMaximaProductos=360, capacidadOcupadaProductos=0, capacidadSinOcupar=360}
[01:43:11] Ruta: [4445]
[01:43:11] Último vuelo: VueloEntidad{id=4445, inicio=2025-10-27T21:55:00Z, fin=2025-10-28T12:48:00Z, idAlmacenOrigen=14, idAlmacenDestino=10, capacidadMaximaProductos=320, capacidadOcupadaProductos=0, capacidadSinOcupar=320}
[01:43:11] Ruta: [53055]
[01:43:11] Último vuelo: VueloEntidad{id=53055, inicio=2025-10-27T21:55:00Z, fin=2025-10-28T12:48:00Z, idAlmacenOrigen=14, idAlmacenDestino=10, capacidadMaximaProductos=320, capacidadOcupadaProductos=0, capacidadSinOcupar=320}
[01:43:11] Ruta: [4428]
[01:43:11] Último vuelo: VueloEntidad{id=4428, inicio=2025-10-27T22:02:00Z, fin=2025-10-28T13:55:00Z, idAlmacenOrigen=14, idAlmacenDestino=10, capacidadMaximaProductos=340, capacidadOcupadaProductos=0, capacidadSinOcupar=340}
[01:43:11] Ruta: [52876]
[01:43:11] Último vuelo: VueloEntidad{id=52876, inicio=2025-10-27T22:02:00Z, fin=2025-10-28T13:55:00Z, idAlmacenOrigen=14, idAlmacenDestino=10, capacidadMaximaProductos=340, capacidadOcupadaProductos=0, capacidadSinOcupar=340}
[01:43:11] Ruta: [4434]
[01:43:11] Último vuelo: VueloEntidad{id=4434, inicio=2025-10-28T04:34:00Z, fin=2025-10-28T19:27:00Z, idAlmacenOrigen=14, idAlmacenDestino=10, capacidadMaximaProductos=360, capacidadOcupadaProductos=0, capacidadSinOcupar=360}
[01:43:11] Ruta: [52936]
[01:43:11] Último vuelo: VueloEntidad{id=52936, inicio=2025-10-28T04:34:00Z, fin=2025-10-28T19:27:00Z, idAlmacenOrigen=14, idAlmacenDestino=10, capacidadMaximaProductos=360, capacidadOcupadaProductos=0, capacidadSinOcupar=360}
[01:43:11] Ruta: [4440]
[01:43:11] Último vuelo: VueloEntidad{id=4440, inicio=2025-10-28T10:13:00Z, fin=2025-10-29T01:06:00Z, idAlmacenOrigen=14, idAlmacenDestino=10, capacidadMaximaProductos=360, capacidadOcupadaProductos=0, capacidadSinOcupar=360}
[01:43:11] Ruta: [52996]
[01:43:11] Último vuelo: VueloEntidad{id=52996, inicio=2025-10-28T10:13:00Z, fin=2025-10-29T01:06:00Z, idAlmacenOrigen=14, idAlmacenDestino=10, capacidadMaximaProductos=360, capacidadOcupadaProductos=0, capacidadSinOcupar=360}
[01:43:11] rutasFiltradasSegunPlazoPedido: [[2210], [30705], [2216], [30765], [2222], [30825], [2211], [30706], [2217], [30766], [2223], [30826], [30707], [30767], [30827], [4439], [52995], [4445], [53055], [4428], [52876], [4434], [52936], [4440], [52996]]
[01:43:11] me llegó: 25 rutas, instante act: 2025-10-27T06:43:09.343481300Z pedido: PedidoParaAlgoritmo{id=14, idAlmacenDestino=10, pedidas=71, entregadas=0, programadas=0, restante o pendientes=71, registro=2025-10-28T17:29:00Z, instanteEntregaMax=2025-10-30T17:29:00Z}
[01:43:11] score obtenido en ruta: 0.0381015279077019 ruta
[01:43:11] score obtenido en ruta: 0.0381015279077019 ruta
[01:43:11] score obtenido en ruta: 0.11357923555555556 ruta
[01:43:11] score obtenido en ruta: 0.11357923555555556 ruta
[01:43:11] score obtenido en ruta: 0.13316514401027335 ruta
[01:43:11] score obtenido en ruta: 0.13316514401027335 ruta
[01:43:11] score obtenido en ruta: 0.3113265632346027 ruta
[01:43:11] score obtenido en ruta: 0.3113265632346027 ruta
[01:43:11] score obtenido en ruta: 0.49607018759018756 ruta
[01:43:11] score obtenido en ruta: 0.49607018759018756 ruta
[01:43:11] score obtenido en ruta: 0.5487338802795503 ruta
[01:43:11] score obtenido en ruta: 0.5487338802795503 ruta
[01:43:11] score obtenido en ruta: 1.1482250238777458 ruta
[01:43:11] score obtenido en ruta: 2.1447380842911876 ruta
[01:43:11] score obtenido en ruta: 2.5516208664898317 ruta
[01:43:11] score obtenido en ruta: 0.02716079040469411 ruta
[01:43:11] score obtenido en ruta: 0.02716079040469411 ruta
[01:43:11] score obtenido en ruta: 0.14423351260149742 ruta
[01:43:11] score obtenido en ruta: 0.14423351260149742 ruta
[01:43:11] score obtenido en ruta: 0.14848808446455505 ruta
[01:43:11] score obtenido en ruta: 0.14848808446455505 ruta
[01:43:11] score obtenido en ruta: 0.23729983104030897 ruta
[01:43:11] score obtenido en ruta: 0.23729983104030897 ruta
[01:43:11] score obtenido en ruta: 0.34045486311734763 ruta
[01:43:11] score obtenido en ruta: 0.34045486311734763 ruta
[01:43:11] puntajesPorRuta: {[2210]=0.0381015279077019, [2211]=0.3113265632346027, [2216]=0.11357923555555556, [30825]=0.13316514401027335, [2217]=0.49607018759018756, [30826]=0.5487338802795503, [30827]=2.5516208664898317, [30765]=0.11357923555555556, [2222]=0.13316514401027335, [30766]=0.49607018759018756, [2223]=0.5487338802795503, [30767]=2.1447380842911876, [30705]=0.0381015279077019, [30706]=0.3113265632346027, [30707]=1.1482250238777458, [53055]=0.14423351260149742, [52995]=0.02716079040469411, [52996]=0.34045486311734763, [52936]=0.23729983104030897, [4428]=0.14848808446455505, [52876]=0.14848808446455505, [4434]=0.23729983104030897, [4439]=0.02716079040469411, [4440]=0.34045486311734763, [4445]=0.14423351260149742}
[01:43:11] construccionGRASPParaUnaRuta: Rutas que entraron a la RCL:  
[[30827], [30767], [30707], [30826], [2223]]
[01:43:11] Simulación del almacén destino hasta siguiente inicio: pe.edu.pucp.inf.pddsbackend.modelos.dominio.Almacen@6c5b351a=0
[01:43:12] Generando rutas candidatas (inicio)
[01:43:14] EstadoGlobalMutableProblemaPlanificacion: Rutas para pedidos pendientes, cantidad:675
[01:43:14] planificar: Iteración 0: quedan 108 pedidos pendientes
[01:43:14] rutasConDestinoCompartido: [[2210], [30705], [2216], [30765], [2222], [30825], [2211], [30706], [2217], [30766], [2223], [30826], [30707], [30767], [30827], [4439], [52995], [4445], [53055], [4428], [52876], [4434], [52936], [4440], [52996]]
[01:43:14] Pedido: PedidoParaAlgoritmo{id=14, idAlmacenDestino=10, pedidas=71, entregadas=0, programadas=0, restante o pendientes=71, registro=2025-10-28T17:29:00Z, instanteEntregaMax=2025-10-30T17:29:00Z}
[01:43:14] Ruta: [2210]
[01:43:14] Último vuelo: VueloEntidad{id=2210, inicio=2025-10-27T12:09:00Z, fin=2025-10-27T18:13:00Z, idAlmacenOrigen=5, idAlmacenDestino=10, capacidadMaximaProductos=300, capacidadOcupadaProductos=0, capacidadSinOcupar=300}
[01:43:14] Ruta: [30705]
[01:43:14] Último vuelo: VueloEntidad{id=30705, inicio=2025-10-27T12:09:00Z, fin=2025-10-27T18:13:00Z, idAlmacenOrigen=5, idAlmacenDestino=10, capacidadMaximaProductos=300, capacidadOcupadaProductos=0, capacidadSinOcupar=300}
[01:43:14] Ruta: [2216]
[01:43:14] Último vuelo: VueloEntidad{id=2216, inicio=2025-10-27T20:55:00Z, fin=2025-10-28T02:59:00Z, idAlmacenOrigen=5, idAlmacenDestino=10, capacidadMaximaProductos=340, capacidadOcupadaProductos=0, capacidadSinOcupar=340}
[01:43:14] Ruta: [30765]
[01:43:14] Último vuelo: VueloEntidad{id=30765, inicio=2025-10-27T20:55:00Z, fin=2025-10-28T02:59:00Z, idAlmacenOrigen=5, idAlmacenDestino=10, capacidadMaximaProductos=340, capacidadOcupadaProductos=0, capacidadSinOcupar=340}
[01:43:14] Ruta: [2222]
[01:43:14] Último vuelo: VueloEntidad{id=2222, inicio=2025-10-27T22:51:00Z, fin=2025-10-28T04:55:00Z, idAlmacenOrigen=5, idAlmacenDestino=10, capacidadMaximaProductos=360, capacidadOcupadaProductos=0, capacidadSinOcupar=360}
[01:43:14] Ruta: [30825]
[01:43:14] Último vuelo: VueloEntidad{id=30825, inicio=2025-10-27T22:51:00Z, fin=2025-10-28T04:55:00Z, idAlmacenOrigen=5, idAlmacenDestino=10, capacidadMaximaProductos=360, capacidadOcupadaProductos=0, capacidadSinOcupar=360}
[01:43:14] Ruta: [2211]
[01:43:14] Último vuelo: VueloEntidad{id=2211, inicio=2025-10-28T12:09:00Z, fin=2025-10-28T18:13:00Z, idAlmacenOrigen=5, idAlmacenDestino=10, capacidadMaximaProductos=300, capacidadOcupadaProductos=0, capacidadSinOcupar=300}
[01:43:14] Ruta: [30706]
[01:43:14] Último vuelo: VueloEntidad{id=30706, inicio=2025-10-28T12:09:00Z, fin=2025-10-28T18:13:00Z, idAlmacenOrigen=5, idAlmacenDestino=10, capacidadMaximaProductos=300, capacidadOcupadaProductos=0, capacidadSinOcupar=300}
[01:43:14] Ruta: [2217]
[01:43:14] Último vuelo: VueloEntidad{id=2217, inicio=2025-10-28T20:55:00Z, fin=2025-10-29T02:59:00Z, idAlmacenOrigen=5, idAlmacenDestino=10, capacidadMaximaProductos=340, capacidadOcupadaProductos=0, capacidadSinOcupar=340}
[01:43:14] Ruta: [30766]
[01:43:14] Último vuelo: VueloEntidad{id=30766, inicio=2025-10-28T20:55:00Z, fin=2025-10-29T02:59:00Z, idAlmacenOrigen=5, idAlmacenDestino=10, capacidadMaximaProductos=340, capacidadOcupadaProductos=0, capacidadSinOcupar=340}
[01:43:14] Ruta: [2223]
[01:43:14] Último vuelo: VueloEntidad{id=2223, inicio=2025-10-28T22:51:00Z, fin=2025-10-29T04:55:00Z, idAlmacenOrigen=5, idAlmacenDestino=10, capacidadMaximaProductos=360, capacidadOcupadaProductos=0, capacidadSinOcupar=360}
[01:43:14] Ruta: [30826]
[01:43:14] Último vuelo: VueloEntidad{id=30826, inicio=2025-10-28T22:51:00Z, fin=2025-10-29T04:55:00Z, idAlmacenOrigen=5, idAlmacenDestino=10, capacidadMaximaProductos=360, capacidadOcupadaProductos=0, capacidadSinOcupar=360}
[01:43:14] Ruta: [30707]
[01:43:14] Último vuelo: VueloEntidad{id=30707, inicio=2025-10-29T12:09:00Z, fin=2025-10-29T18:13:00Z, idAlmacenOrigen=5, idAlmacenDestino=10, capacidadMaximaProductos=300, capacidadOcupadaProductos=0, capacidadSinOcupar=300}
[01:43:14] Ruta: [30767]
[01:43:14] Último vuelo: VueloEntidad{id=30767, inicio=2025-10-29T20:55:00Z, fin=2025-10-30T02:59:00Z, idAlmacenOrigen=5, idAlmacenDestino=10, capacidadMaximaProductos=340, capacidadOcupadaProductos=0, capacidadSinOcupar=340}
[01:43:14] Ruta: [30827]
[01:43:14] Último vuelo: VueloEntidad{id=30827, inicio=2025-10-29T22:51:00Z, fin=2025-10-30T04:55:00Z, idAlmacenOrigen=5, idAlmacenDestino=10, capacidadMaximaProductos=360, capacidadOcupadaProductos=0, capacidadSinOcupar=360}
[01:43:14] Ruta: [4439]
[01:43:14] Último vuelo: VueloEntidad{id=4439, inicio=2025-10-27T10:13:00Z, fin=2025-10-28T01:06:00Z, idAlmacenOrigen=14, idAlmacenDestino=10, capacidadMaximaProductos=360, capacidadOcupadaProductos=0, capacidadSinOcupar=360}
[01:43:14] Ruta: [52995]
[01:43:14] Último vuelo: VueloEntidad{id=52995, inicio=2025-10-27T10:13:00Z, fin=2025-10-28T01:06:00Z, idAlmacenOrigen=14, idAlmacenDestino=10, capacidadMaximaProductos=360, capacidadOcupadaProductos=0, capacidadSinOcupar=360}
[01:43:14] Ruta: [4445]
[01:43:14] Último vuelo: VueloEntidad{id=4445, inicio=2025-10-27T21:55:00Z, fin=2025-10-28T12:48:00Z, idAlmacenOrigen=14, idAlmacenDestino=10, capacidadMaximaProductos=320, capacidadOcupadaProductos=0, capacidadSinOcupar=320}
[01:43:14] Ruta: [53055]
[01:43:14] Último vuelo: VueloEntidad{id=53055, inicio=2025-10-27T21:55:00Z, fin=2025-10-28T12:48:00Z, idAlmacenOrigen=14, idAlmacenDestino=10, capacidadMaximaProductos=320, capacidadOcupadaProductos=0, capacidadSinOcupar=320}
[01:43:14] Ruta: [4428]
[01:43:14] Último vuelo: VueloEntidad{id=4428, inicio=2025-10-27T22:02:00Z, fin=2025-10-28T13:55:00Z, idAlmacenOrigen=14, idAlmacenDestino=10, capacidadMaximaProductos=340, capacidadOcupadaProductos=0, capacidadSinOcupar=340}
[01:43:14] Ruta: [52876]
[01:43:14] Último vuelo: VueloEntidad{id=52876, inicio=2025-10-27T22:02:00Z, fin=2025-10-28T13:55:00Z, idAlmacenOrigen=14, idAlmacenDestino=10, capacidadMaximaProductos=340, capacidadOcupadaProductos=0, capacidadSinOcupar=340}
[01:43:14] Ruta: [4434]
[01:43:14] Último vuelo: VueloEntidad{id=4434, inicio=2025-10-28T04:34:00Z, fin=2025-10-28T19:27:00Z, idAlmacenOrigen=14, idAlmacenDestino=10, capacidadMaximaProductos=360, capacidadOcupadaProductos=0, capacidadSinOcupar=360}
[01:43:14] Ruta: [52936]
[01:43:14] Último vuelo: VueloEntidad{id=52936, inicio=2025-10-28T04:34:00Z, fin=2025-10-28T19:27:00Z, idAlmacenOrigen=14, idAlmacenDestino=10, capacidadMaximaProductos=360, capacidadOcupadaProductos=0, capacidadSinOcupar=360}
[01:43:14] Ruta: [4440]
[01:43:14] Último vuelo: VueloEntidad{id=4440, inicio=2025-10-28T10:13:00Z, fin=2025-10-29T01:06:00Z, idAlmacenOrigen=14, idAlmacenDestino=10, capacidadMaximaProductos=360, capacidadOcupadaProductos=0, capacidadSinOcupar=360}
[01:43:14] Ruta: [52996]
[01:43:14] Último vuelo: VueloEntidad{id=52996, inicio=2025-10-28T10:13:00Z, fin=2025-10-29T01:06:00Z, idAlmacenOrigen=14, idAlmacenDestino=10, capacidadMaximaProductos=360, capacidadOcupadaProductos=0, capacidadSinOcupar=360}
[01:43:14] rutasFiltradasSegunPlazoPedido: [[2210], [30705], [2216], [30765], [2222], [30825], [2211], [30706], [2217], [30766], [2223], [30826], [30707], [30767], [30827], [4439], [52995], [4445], [53055], [4428], [52876], [4434], [52936], [4440], [52996]]
[01:43:14] me llegó: 25 rutas, instante act: 2025-10-27T06:43:12.213479400Z pedido: PedidoParaAlgoritmo{id=14, idAlmacenDestino=10, pedidas=71, entregadas=0, programadas=0, restante o pendientes=71, registro=2025-10-28T17:29:00Z, instanteEntregaMax=2025-10-30T17:29:00Z}
[01:43:14] score obtenido en ruta: 0.038095934674150296 ruta
[01:43:14] score obtenido en ruta: 0.038095934674150296 ruta
[01:43:14] score obtenido en ruta: 0.11357285777777777 ruta
[01:43:14] score obtenido en ruta: 0.11357285777777777 ruta
[01:43:14] score obtenido en ruta: 0.1331585626490552 ruta
[01:43:14] score obtenido en ruta: 0.1331585626490552 ruta
[01:43:14] score obtenido en ruta: 0.3113181299952985 ruta
[01:43:14] score obtenido en ruta: 0.3113181299952985 ruta
[01:43:14] score obtenido en ruta: 0.496059834054834 ruta
[01:43:14] score obtenido en ruta: 0.496059834054834 ruta
[01:43:14] score obtenido en ruta: 0.5487229793375873 ruta
[01:43:14] score obtenido en ruta: 0.5487229793375873 ruta
[01:43:14] score obtenido en ruta: 1.1482078915950333 ruta
[01:43:14] score obtenido en ruta: 2.144710593869732 ruta
[01:43:14] score obtenido en ruta: 2.5515891467727676 ruta
[01:43:14] score obtenido en ruta: 0.027154599188886012 ruta
[01:43:14] score obtenido en ruta: 0.027154599188886012 ruta
[01:43:14] score obtenido en ruta: 0.1442259464304545 ruta
[01:43:14] score obtenido en ruta: 0.1442259464304545 ruta
[01:43:14] score obtenido en ruta: 0.1484803544494721 ruta
[01:43:14] score obtenido en ruta: 0.1484803544494721 ruta
[01:43:14] score obtenido en ruta: 0.23729117185614287 ruta
[01:43:14] score obtenido en ruta: 0.23729117185614287 ruta
[01:43:14] score obtenido en ruta: 0.3404449924336222 ruta
[01:43:14] score obtenido en ruta: 0.3404449924336222 ruta
[01:43:14] puntajesPorRuta: {[2210]=0.038095934674150296, [2211]=0.3113181299952985, [2216]=0.11357285777777777, [30825]=0.1331585626490552, [2217]=0.496059834054834, [30826]=0.5487229793375873, [30827]=2.5515891467727676, [30765]=0.11357285777777777, [2222]=0.1331585626490552, [30766]=0.496059834054834, [2223]=0.5487229793375873, [30767]=2.144710593869732, [30705]=0.038095934674150296, [30706]=0.3113181299952985, [30707]=1.1482078915950333, [53055]=0.1442259464304545, [52995]=0.027154599188886012, [52996]=0.3404449924336222, [52936]=0.23729117185614287, [4428]=0.1484803544494721, [52876]=0.1484803544494721, [4434]=0.23729117185614287, [4439]=0.027154599188886012, [4440]=0.3404449924336222, [4445]=0.1442259464304545}
[01:43:14] construccionGRASPParaUnaRuta: Rutas que entraron a la RCL:  
[[30827], [30767], [30707], [30826], [2223]]
[01:43:14] Simulación del almacén destino hasta siguiente inicio: pe.edu.pucp.inf.pddsbackend.modelos.dominio.Almacen@66577c8e=0
[01:43:15] Generando rutas candidatas (inicio)
[01:43:17] EstadoGlobalMutableProblemaPlanificacion: Rutas para pedidos pendientes, cantidad:675
[01:43:17] planificar: Iteración 0: quedan 108 pedidos pendientes
[01:43:17] rutasConDestinoCompartido: [[2210], [30705], [2216], [30765], [2222], [30825], [2211], [30706], [2217], [30766], [2223], [30826], [30707], [30767], [30827], [4439], [52995], [4445], [53055], [4428], [52876], [4434], [52936], [4440], [52996]]
[01:43:17] Pedido: PedidoParaAlgoritmo{id=14, idAlmacenDestino=10, pedidas=71, entregadas=0, programadas=0, restante o pendientes=71, registro=2025-10-28T17:29:00Z, instanteEntregaMax=2025-10-30T17:29:00Z}
[01:43:17] Ruta: [2210]
[01:43:17] Último vuelo: VueloEntidad{id=2210, inicio=2025-10-27T12:09:00Z, fin=2025-10-27T18:13:00Z, idAlmacenOrigen=5, idAlmacenDestino=10, capacidadMaximaProductos=300, capacidadOcupadaProductos=0, capacidadSinOcupar=300}
[01:43:17] Ruta: [30705]
[01:43:17] Último vuelo: VueloEntidad{id=30705, inicio=2025-10-27T12:09:00Z, fin=2025-10-27T18:13:00Z, idAlmacenOrigen=5, idAlmacenDestino=10, capacidadMaximaProductos=300, capacidadOcupadaProductos=0, capacidadSinOcupar=300}
[01:43:17] Ruta: [2216]
[01:43:17] Último vuelo: VueloEntidad{id=2216, inicio=2025-10-27T20:55:00Z, fin=2025-10-28T02:59:00Z, idAlmacenOrigen=5, idAlmacenDestino=10, capacidadMaximaProductos=340, capacidadOcupadaProductos=0, capacidadSinOcupar=340}
[01:43:17] Ruta: [30765]
[01:43:17] Último vuelo: VueloEntidad{id=30765, inicio=2025-10-27T20:55:00Z, fin=2025-10-28T02:59:00Z, idAlmacenOrigen=5, idAlmacenDestino=10, capacidadMaximaProductos=340, capacidadOcupadaProductos=0, capacidadSinOcupar=340}
[01:43:17] Ruta: [2222]
[01:43:17] Último vuelo: VueloEntidad{id=2222, inicio=2025-10-27T22:51:00Z, fin=2025-10-28T04:55:00Z, idAlmacenOrigen=5, idAlmacenDestino=10, capacidadMaximaProductos=360, capacidadOcupadaProductos=0, capacidadSinOcupar=360}
[01:43:17] Ruta: [30825]
[01:43:17] Último vuelo: VueloEntidad{id=30825, inicio=2025-10-27T22:51:00Z, fin=2025-10-28T04:55:00Z, idAlmacenOrigen=5, idAlmacenDestino=10, capacidadMaximaProductos=360, capacidadOcupadaProductos=0, capacidadSinOcupar=360}
[01:43:17] Ruta: [2211]
[01:43:17] Último vuelo: VueloEntidad{id=2211, inicio=2025-10-28T12:09:00Z, fin=2025-10-28T18:13:00Z, idAlmacenOrigen=5, idAlmacenDestino=10, capacidadMaximaProductos=300, capacidadOcupadaProductos=0, capacidadSinOcupar=300}
[01:43:17] Ruta: [30706]
[01:43:17] Último vuelo: VueloEntidad{id=30706, inicio=2025-10-28T12:09:00Z, fin=2025-10-28T18:13:00Z, idAlmacenOrigen=5, idAlmacenDestino=10, capacidadMaximaProductos=300, capacidadOcupadaProductos=0, capacidadSinOcupar=300}
[01:43:17] Ruta: [2217]
[01:43:17] Último vuelo: VueloEntidad{id=2217, inicio=2025-10-28T20:55:00Z, fin=2025-10-29T02:59:00Z, idAlmacenOrigen=5, idAlmacenDestino=10, capacidadMaximaProductos=340, capacidadOcupadaProductos=0, capacidadSinOcupar=340}
[01:43:17] Ruta: [30766]
[01:43:17] Último vuelo: VueloEntidad{id=30766, inicio=2025-10-28T20:55:00Z, fin=2025-10-29T02:59:00Z, idAlmacenOrigen=5, idAlmacenDestino=10, capacidadMaximaProductos=340, capacidadOcupadaProductos=0, capacidadSinOcupar=340}
[01:43:17] Ruta: [2223]
[01:43:17] Último vuelo: VueloEntidad{id=2223, inicio=2025-10-28T22:51:00Z, fin=2025-10-29T04:55:00Z, idAlmacenOrigen=5, idAlmacenDestino=10, capacidadMaximaProductos=360, capacidadOcupadaProductos=0, capacidadSinOcupar=360}
[01:43:17] Ruta: [30826]
[01:43:17] Último vuelo: VueloEntidad{id=30826, inicio=2025-10-28T22:51:00Z, fin=2025-10-29T04:55:00Z, idAlmacenOrigen=5, idAlmacenDestino=10, capacidadMaximaProductos=360, capacidadOcupadaProductos=0, capacidadSinOcupar=360}
[01:43:17] Ruta: [30707]
[01:43:17] Último vuelo: VueloEntidad{id=30707, inicio=2025-10-29T12:09:00Z, fin=2025-10-29T18:13:00Z, idAlmacenOrigen=5, idAlmacenDestino=10, capacidadMaximaProductos=300, capacidadOcupadaProductos=0, capacidadSinOcupar=300}
[01:43:17] Ruta: [30767]
[01:43:17] Último vuelo: VueloEntidad{id=30767, inicio=2025-10-29T20:55:00Z, fin=2025-10-30T02:59:00Z, idAlmacenOrigen=5, idAlmacenDestino=10, capacidadMaximaProductos=340, capacidadOcupadaProductos=0, capacidadSinOcupar=340}
[01:43:17] Ruta: [30827]
[01:43:17] Último vuelo: VueloEntidad{id=30827, inicio=2025-10-29T22:51:00Z, fin=2025-10-30T04:55:00Z, idAlmacenOrigen=5, idAlmacenDestino=10, capacidadMaximaProductos=360, capacidadOcupadaProductos=0, capacidadSinOcupar=360}
[01:43:17] Ruta: [4439]
[01:43:17] Último vuelo: VueloEntidad{id=4439, inicio=2025-10-27T10:13:00Z, fin=2025-10-28T01:06:00Z, idAlmacenOrigen=14, idAlmacenDestino=10, capacidadMaximaProductos=360, capacidadOcupadaProductos=0, capacidadSinOcupar=360}
[01:43:17] Ruta: [52995]
[01:43:17] Último vuelo: VueloEntidad{id=52995, inicio=2025-10-27T10:13:00Z, fin=2025-10-28T01:06:00Z, idAlmacenOrigen=14, idAlmacenDestino=10, capacidadMaximaProductos=360, capacidadOcupadaProductos=0, capacidadSinOcupar=360}
[01:43:17] Ruta: [4445]
[01:43:17] Último vuelo: VueloEntidad{id=4445, inicio=2025-10-27T21:55:00Z, fin=2025-10-28T12:48:00Z, idAlmacenOrigen=14, idAlmacenDestino=10, capacidadMaximaProductos=320, capacidadOcupadaProductos=0, capacidadSinOcupar=320}
[01:43:17] Ruta: [53055]
[01:43:17] Último vuelo: VueloEntidad{id=53055, inicio=2025-10-27T21:55:00Z, fin=2025-10-28T12:48:00Z, idAlmacenOrigen=14, idAlmacenDestino=10, capacidadMaximaProductos=320, capacidadOcupadaProductos=0, capacidadSinOcupar=320}
[01:43:17] Ruta: [4428]
[01:43:17] Último vuelo: VueloEntidad{id=4428, inicio=2025-10-27T22:02:00Z, fin=2025-10-28T13:55:00Z, idAlmacenOrigen=14, idAlmacenDestino=10, capacidadMaximaProductos=340, capacidadOcupadaProductos=0, capacidadSinOcupar=340}
[01:43:17] Ruta: [52876]
[01:43:17] Último vuelo: VueloEntidad{id=52876, inicio=2025-10-27T22:02:00Z, fin=2025-10-28T13:55:00Z, idAlmacenOrigen=14, idAlmacenDestino=10, capacidadMaximaProductos=340, capacidadOcupadaProductos=0, capacidadSinOcupar=340}
[01:43:17] Ruta: [4434]
[01:43:17] Último vuelo: VueloEntidad{id=4434, inicio=2025-10-28T04:34:00Z, fin=2025-10-28T19:27:00Z, idAlmacenOrigen=14, idAlmacenDestino=10, capacidadMaximaProductos=360, capacidadOcupadaProductos=0, capacidadSinOcupar=360}
[01:43:17] Ruta: [52936]
[01:43:17] Último vuelo: VueloEntidad{id=52936, inicio=2025-10-28T04:34:00Z, fin=2025-10-28T19:27:00Z, idAlmacenOrigen=14, idAlmacenDestino=10, capacidadMaximaProductos=360, capacidadOcupadaProductos=0, capacidadSinOcupar=360}
[01:43:17] Ruta: [4440]
[01:43:17] Último vuelo: VueloEntidad{id=4440, inicio=2025-10-28T10:13:00Z, fin=2025-10-29T01:06:00Z, idAlmacenOrigen=14, idAlmacenDestino=10, capacidadMaximaProductos=360, capacidadOcupadaProductos=0, capacidadSinOcupar=360}
[01:43:17] Ruta: [52996]
[01:43:17] Último vuelo: VueloEntidad{id=52996, inicio=2025-10-28T10:13:00Z, fin=2025-10-29T01:06:00Z, idAlmacenOrigen=14, idAlmacenDestino=10, capacidadMaximaProductos=360, capacidadOcupadaProductos=0, capacidadSinOcupar=360}
[01:43:17] rutasFiltradasSegunPlazoPedido: [[2210], [30705], [2216], [30765], [2222], [30825], [2211], [30706], [2217], [30766], [2223], [30826], [30707], [30767], [30827], [4439], [52995], [4445], [53055], [4428], [52876], [4434], [52936], [4440], [52996]]
[01:43:17] me llegó: 25 rutas, instante act: 2025-10-27T06:43:15.094120800Z pedido: PedidoParaAlgoritmo{id=14, idAlmacenDestino=10, pedidas=71, entregadas=0, programadas=0, restante o pendientes=71, registro=2025-10-28T17:29:00Z, instanteEntregaMax=2025-10-30T17:29:00Z}
[01:43:17] score obtenido en ruta: 0.038090320003118176 ruta
[01:43:17] score obtenido en ruta: 0.038090320003118176 ruta
[01:43:17] score obtenido en ruta: 0.11356645555555556 ruta
[01:43:17] score obtenido en ruta: 0.11356645555555556 ruta
[01:43:17] score obtenido en ruta: 0.13315195606310767 ruta
[01:43:17] score obtenido en ruta: 0.13315195606310767 ruta
[01:43:17] score obtenido en ruta: 0.31130966443347435 ruta
[01:43:17] score obtenido en ruta: 0.31130966443347435 ruta
[01:43:17] score obtenido en ruta: 0.49604944083694086 ruta
[01:43:17] score obtenido en ruta: 0.49604944083694086 ruta
[01:43:17] score obtenido en ruta: 0.5487120366150107 ruta
[01:43:17] score obtenido en ruta: 0.5487120366150107 ruta
[01:43:17] score obtenido en ruta: 1.1481906936485196 ruta
[01:43:17] score obtenido en ruta: 2.144682998084291 ruta
[01:43:17] score obtenido en ruta: 2.5515573054818743 ruta
[01:43:17] score obtenido en ruta: 0.027148384243679352 ruta
[01:43:17] score obtenido en ruta: 0.027148384243679352 ruta
[01:43:17] score obtenido en ruta: 0.14421835126014973 ruta
[01:43:17] score obtenido en ruta: 0.14421835126014973 ruta
[01:43:17] score obtenido en ruta: 0.14847259480715363 ruta
[01:43:17] score obtenido en ruta: 0.14847259480715363 ruta
[01:43:17] score obtenido en ruta: 0.2372824794834661 ruta
[01:43:17] score obtenido en ruta: 0.2372824794834661 ruta
[01:43:17] score obtenido en ruta: 0.340435083918008 ruta
[01:43:17] score obtenido en ruta: 0.340435083918008 ruta
[01:43:17] puntajesPorRuta: {[2210]=0.038090320003118176, [2211]=0.31130966443347435, [2216]=0.11356645555555556, [30825]=0.13315195606310767, [2217]=0.49604944083694086, [30826]=0.5487120366150107, [30827]=2.5515573054818743, [30765]=0.11356645555555556, [2222]=0.13315195606310767, [30766]=0.49604944083694086, [2223]=0.5487120366150107, [30767]=2.144682998084291, [30705]=0.038090320003118176, [30706]=0.31130966443347435, [30707]=1.1481906936485196, [53055]=0.14421835126014973, [52995]=0.027148384243679352, [52996]=0.340435083918008, [52936]=0.2372824794834661, [4428]=0.14847259480715363, [52876]=0.14847259480715363, [4434]=0.2372824794834661, [4439]=0.027148384243679352, [4440]=0.340435083918008, [4445]=0.14421835126014973}
[01:43:17] construccionGRASPParaUnaRuta: Rutas que entraron a la RCL:  
[[30827], [30767], [30707], [30826], [2223]]
[01:43:17] Simulación del almacén destino hasta siguiente inicio: pe.edu.pucp.inf.pddsbackend.modelos.dominio.Almacen@4feebda5=0
[01:43:17] Generando rutas candidatas (inicio)
[01:43:20] EstadoGlobalMutableProblemaPlanificacion: Rutas para pedidos pendientes, cantidad:675
[01:43:20] planificar: Iteración 0: quedan 108 pedidos pendientes
[01:43:20] rutasConDestinoCompartido: [[2210], [30705], [2216], [30765], [2222], [30825], [2211], [30706], [2217], [30766], [2223], [30826], [30707], [30767], [30827], [4439], [52995], [4445], [53055], [4428], [52876], [4434], [52936], [4440], [52996]]
[01:43:20] Pedido: PedidoParaAlgoritmo{id=14, idAlmacenDestino=10, pedidas=71, entregadas=0, programadas=0, restante o pendientes=71, registro=2025-10-28T17:29:00Z, instanteEntregaMax=2025-10-30T17:29:00Z}
[01:43:20] Ruta: [2210]
[01:43:20] Último vuelo: VueloEntidad{id=2210, inicio=2025-10-27T12:09:00Z, fin=2025-10-27T18:13:00Z, idAlmacenOrigen=5, idAlmacenDestino=10, capacidadMaximaProductos=300, capacidadOcupadaProductos=0, capacidadSinOcupar=300}
[01:43:20] Ruta: [30705]
[01:43:20] Último vuelo: VueloEntidad{id=30705, inicio=2025-10-27T12:09:00Z, fin=2025-10-27T18:13:00Z, idAlmacenOrigen=5, idAlmacenDestino=10, capacidadMaximaProductos=300, capacidadOcupadaProductos=0, capacidadSinOcupar=300}
[01:43:20] Ruta: [2216]
[01:43:20] Último vuelo: VueloEntidad{id=2216, inicio=2025-10-27T20:55:00Z, fin=2025-10-28T02:59:00Z, idAlmacenOrigen=5, idAlmacenDestino=10, capacidadMaximaProductos=340, capacidadOcupadaProductos=0, capacidadSinOcupar=340}
[01:43:20] Ruta: [30765]
[01:43:20] Último vuelo: VueloEntidad{id=30765, inicio=2025-10-27T20:55:00Z, fin=2025-10-28T02:59:00Z, idAlmacenOrigen=5, idAlmacenDestino=10, capacidadMaximaProductos=340, capacidadOcupadaProductos=0, capacidadSinOcupar=340}
[01:43:20] Ruta: [2222]
[01:43:20] Último vuelo: VueloEntidad{id=2222, inicio=2025-10-27T22:51:00Z, fin=2025-10-28T04:55:00Z, idAlmacenOrigen=5, idAlmacenDestino=10, capacidadMaximaProductos=360, capacidadOcupadaProductos=0, capacidadSinOcupar=360}
[01:43:20] Ruta: [30825]
[01:43:20] Último vuelo: VueloEntidad{id=30825, inicio=2025-10-27T22:51:00Z, fin=2025-10-28T04:55:00Z, idAlmacenOrigen=5, idAlmacenDestino=10, capacidadMaximaProductos=360, capacidadOcupadaProductos=0, capacidadSinOcupar=360}
[01:43:20] Ruta: [2211]
[01:43:20] Último vuelo: VueloEntidad{id=2211, inicio=2025-10-28T12:09:00Z, fin=2025-10-28T18:13:00Z, idAlmacenOrigen=5, idAlmacenDestino=10, capacidadMaximaProductos=300, capacidadOcupadaProductos=0, capacidadSinOcupar=300}
[01:43:20] Ruta: [30706]
[01:43:20] Último vuelo: VueloEntidad{id=30706, inicio=2025-10-28T12:09:00Z, fin=2025-10-28T18:13:00Z, idAlmacenOrigen=5, idAlmacenDestino=10, capacidadMaximaProductos=300, capacidadOcupadaProductos=0, capacidadSinOcupar=300}
[01:43:20] Ruta: [2217]
[01:43:20] Último vuelo: VueloEntidad{id=2217, inicio=2025-10-28T20:55:00Z, fin=2025-10-29T02:59:00Z, idAlmacenOrigen=5, idAlmacenDestino=10, capacidadMaximaProductos=340, capacidadOcupadaProductos=0, capacidadSinOcupar=340}
[01:43:20] Ruta: [30766]
[01:43:20] Último vuelo: VueloEntidad{id=30766, inicio=2025-10-28T20:55:00Z, fin=2025-10-29T02:59:00Z, idAlmacenOrigen=5, idAlmacenDestino=10, capacidadMaximaProductos=340, capacidadOcupadaProductos=0, capacidadSinOcupar=340}
[01:43:20] Ruta: [2223]
[01:43:20] Último vuelo: VueloEntidad{id=2223, inicio=2025-10-28T22:51:00Z, fin=2025-10-29T04:55:00Z, idAlmacenOrigen=5, idAlmacenDestino=10, capacidadMaximaProductos=360, capacidadOcupadaProductos=0, capacidadSinOcupar=360}
[01:43:20] Ruta: [30826]
[01:43:20] Último vuelo: VueloEntidad{id=30826, inicio=2025-10-28T22:51:00Z, fin=2025-10-29T04:55:00Z, idAlmacenOrigen=5, idAlmacenDestino=10, capacidadMaximaProductos=360, capacidadOcupadaProductos=0, capacidadSinOcupar=360}
[01:43:20] Ruta: [30707]
[01:43:20] Último vuelo: VueloEntidad{id=30707, inicio=2025-10-29T12:09:00Z, fin=2025-10-29T18:13:00Z, idAlmacenOrigen=5, idAlmacenDestino=10, capacidadMaximaProductos=300, capacidadOcupadaProductos=0, capacidadSinOcupar=300}
[01:43:20] Ruta: [30767]
[01:43:20] Último vuelo: VueloEntidad{id=30767, inicio=2025-10-29T20:55:00Z, fin=2025-10-30T02:59:00Z, idAlmacenOrigen=5, idAlmacenDestino=10, capacidadMaximaProductos=340, capacidadOcupadaProductos=0, capacidadSinOcupar=340}
[01:43:20] Ruta: [30827]
[01:43:20] Último vuelo: VueloEntidad{id=30827, inicio=2025-10-29T22:51:00Z, fin=2025-10-30T04:55:00Z, idAlmacenOrigen=5, idAlmacenDestino=10, capacidadMaximaProductos=360, capacidadOcupadaProductos=0, capacidadSinOcupar=360}
[01:43:20] Ruta: [4439]
[01:43:20] Último vuelo: VueloEntidad{id=4439, inicio=2025-10-27T10:13:00Z, fin=2025-10-28T01:06:00Z, idAlmacenOrigen=14, idAlmacenDestino=10, capacidadMaximaProductos=360, capacidadOcupadaProductos=0, capacidadSinOcupar=360}
[01:43:20] Ruta: [52995]
[01:43:20] Último vuelo: VueloEntidad{id=52995, inicio=2025-10-27T10:13:00Z, fin=2025-10-28T01:06:00Z, idAlmacenOrigen=14, idAlmacenDestino=10, capacidadMaximaProductos=360, capacidadOcupadaProductos=0, capacidadSinOcupar=360}
[01:43:20] Ruta: [4445]
[01:43:20] Último vuelo: VueloEntidad{id=4445, inicio=2025-10-27T21:55:00Z, fin=2025-10-28T12:48:00Z, idAlmacenOrigen=14, idAlmacenDestino=10, capacidadMaximaProductos=320, capacidadOcupadaProductos=0, capacidadSinOcupar=320}
[01:43:20] Ruta: [53055]
[01:43:20] Último vuelo: VueloEntidad{id=53055, inicio=2025-10-27T21:55:00Z, fin=2025-10-28T12:48:00Z, idAlmacenOrigen=14, idAlmacenDestino=10, capacidadMaximaProductos=320, capacidadOcupadaProductos=0, capacidadSinOcupar=320}
[01:43:20] Ruta: [4428]
[01:43:20] Último vuelo: VueloEntidad{id=4428, inicio=2025-10-27T22:02:00Z, fin=2025-10-28T13:55:00Z, idAlmacenOrigen=14, idAlmacenDestino=10, capacidadMaximaProductos=340, capacidadOcupadaProductos=0, capacidadSinOcupar=340}
[01:43:20] Ruta: [52876]
[01:43:20] Último vuelo: VueloEntidad{id=52876, inicio=2025-10-27T22:02:00Z, fin=2025-10-28T13:55:00Z, idAlmacenOrigen=14, idAlmacenDestino=10, capacidadMaximaProductos=340, capacidadOcupadaProductos=0, capacidadSinOcupar=340}
[01:43:20] Ruta: [4434]
[01:43:20] Último vuelo: VueloEntidad{id=4434, inicio=2025-10-28T04:34:00Z, fin=2025-10-28T19:27:00Z, idAlmacenOrigen=14, idAlmacenDestino=10, capacidadMaximaProductos=360, capacidadOcupadaProductos=0, capacidadSinOcupar=360}
[01:43:20] Ruta: [52936]
[01:43:20] Último vuelo: VueloEntidad{id=52936, inicio=2025-10-28T04:34:00Z, fin=2025-10-28T19:27:00Z, idAlmacenOrigen=14, idAlmacenDestino=10, capacidadMaximaProductos=360, capacidadOcupadaProductos=0, capacidadSinOcupar=360}
[01:43:20] Ruta: [4440]
[01:43:20] Último vuelo: VueloEntidad{id=4440, inicio=2025-10-28T10:13:00Z, fin=2025-10-29T01:06:00Z, idAlmacenOrigen=14, idAlmacenDestino=10, capacidadMaximaProductos=360, capacidadOcupadaProductos=0, capacidadSinOcupar=360}
[01:43:20] Ruta: [52996]
[01:43:20] Último vuelo: VueloEntidad{id=52996, inicio=2025-10-28T10:13:00Z, fin=2025-10-29T01:06:00Z, idAlmacenOrigen=14, idAlmacenDestino=10, capacidadMaximaProductos=360, capacidadOcupadaProductos=0, capacidadSinOcupar=360}
[01:43:20] rutasFiltradasSegunPlazoPedido: [[2210], [30705], [2216], [30765], [2222], [30825], [2211], [30706], [2217], [30766], [2223], [30826], [30707], [30767], [30827], [4439], [52995], [4445], [53055], [4428], [52876], [4434], [52936], [4440], [52996]]
[01:43:20] me llegó: 25 rutas, instante act: 2025-10-27T06:43:17.973245100Z pedido: PedidoParaAlgoritmo{id=14, idAlmacenDestino=10, pedidas=71, entregadas=0, programadas=0, restante o pendientes=71, registro=2025-10-28T17:29:00Z, instanteEntregaMax=2025-10-30T17:29:00Z}
[01:43:20] score obtenido en ruta: 0.0380847092298098 ruta
[01:43:20] score obtenido en ruta: 0.0380847092298098 ruta
[01:43:20] score obtenido en ruta: 0.11356005777777778 ruta
[01:43:20] score obtenido en ruta: 0.11356005777777778 ruta
[01:43:20] score obtenido en ruta: 0.13314535406347458 ruta
[01:43:20] score obtenido en ruta: 0.13314535406347458 ruta
[01:43:20] score obtenido en ruta: 0.311301204748472 ruta
[01:43:20] score obtenido en ruta: 0.311301204748472 ruta
[01:43:20] score obtenido en ruta: 0.49603905483405486 ruta
[01:43:20] score obtenido en ruta: 0.49603905483405486 ruta
[01:43:20] score obtenido en ruta: 0.5487011014889092 ruta
[01:43:20] score obtenido en ruta: 0.5487011014889092 ruta
[01:43:20] score obtenido en ruta: 1.1481735076408788 ruta
[01:43:20] score obtenido en ruta: 2.144655421455939 ruta
[01:43:20] score obtenido en ruta: 2.551525486295314 ruta
[01:43:20] score obtenido en ruta: 0.027142173612908792 ruta
[01:43:20] score obtenido en ruta: 0.027142173612908792 ruta
[01:43:20] score obtenido en ruta: 0.14421076136243804 ruta
[01:43:20] score obtenido en ruta: 0.14421076136243804 ruta
[01:43:20] score obtenido en ruta: 0.14846484055160525 ruta
[01:43:20] score obtenido en ruta: 0.14846484055160525 ruta
[01:43:20] score obtenido en ruta: 0.23727379314506394 ruta
[01:43:20] score obtenido en ruta: 0.23727379314506394 ruta
[01:43:20] score obtenido en ruta: 0.34042518228091895 ruta
[01:43:20] score obtenido en ruta: 0.34042518228091895 ruta
[01:43:20] puntajesPorRuta: {[2210]=0.0380847092298098, [2211]=0.311301204748472, [2216]=0.11356005777777778, [30825]=0.13314535406347458, [2217]=0.49603905483405486, [30826]=0.5487011014889092, [30827]=2.551525486295314, [30765]=0.11356005777777778, [2222]=0.13314535406347458, [30766]=0.49603905483405486, [2223]=0.5487011014889092, [30767]=2.144655421455939, [30705]=0.0380847092298098, [30706]=0.311301204748472, [30707]=1.1481735076408788, [53055]=0.14421076136243804, [52995]=0.027142173612908792, [52996]=0.34042518228091895, [52936]=0.23727379314506394, [4428]=0.14846484055160525, [52876]=0.14846484055160525, [4434]=0.23727379314506394, [4439]=0.027142173612908792, [4440]=0.34042518228091895, [4445]=0.14421076136243804}
[01:43:20] construccionGRASPParaUnaRuta: Rutas que entraron a la RCL:  
[[30827], [30767], [30707], [30826], [2223]]
[01:43:20] Simulación del almacén destino hasta siguiente inicio: pe.edu.pucp.inf.pddsbackend.modelos.dominio.Almacen@7b41d6d9=0
[01:43:20] Generando rutas candidatas (inicio)
[01:43:23] EstadoGlobalMutableProblemaPlanificacion: Rutas para pedidos pendientes, cantidad:675
[01:43:23] planificar: Iteración 0: quedan 108 pedidos pendientes
[01:43:23] rutasConDestinoCompartido: [[2210], [30705], [2216], [30765], [2222], [30825], [2211], [30706], [2217], [30766], [2223], [30826], [30707], [30767], [30827], [4439], [52995], [4445], [53055], [4428], [52876], [4434], [52936], [4440], [52996]]
[01:43:23] Pedido: PedidoParaAlgoritmo{id=14, idAlmacenDestino=10, pedidas=71, entregadas=0, programadas=0, restante o pendientes=71, registro=2025-10-28T17:29:00Z, instanteEntregaMax=2025-10-30T17:29:00Z}
[01:43:23] Ruta: [2210]
[01:43:23] Último vuelo: VueloEntidad{id=2210, inicio=2025-10-27T12:09:00Z, fin=2025-10-27T18:13:00Z, idAlmacenOrigen=5, idAlmacenDestino=10, capacidadMaximaProductos=300, capacidadOcupadaProductos=0, capacidadSinOcupar=300}
[01:43:23] Ruta: [30705]
[01:43:23] Último vuelo: VueloEntidad{id=30705, inicio=2025-10-27T12:09:00Z, fin=2025-10-27T18:13:00Z, idAlmacenOrigen=5, idAlmacenDestino=10, capacidadMaximaProductos=300, capacidadOcupadaProductos=0, capacidadSinOcupar=300}
[01:43:23] Ruta: [2216]
[01:43:23] Último vuelo: VueloEntidad{id=2216, inicio=2025-10-27T20:55:00Z, fin=2025-10-28T02:59:00Z, idAlmacenOrigen=5, idAlmacenDestino=10, capacidadMaximaProductos=340, capacidadOcupadaProductos=0, capacidadSinOcupar=340}
[01:43:23] Ruta: [30765]
[01:43:23] Último vuelo: VueloEntidad{id=30765, inicio=2025-10-27T20:55:00Z, fin=2025-10-28T02:59:00Z, idAlmacenOrigen=5, idAlmacenDestino=10, capacidadMaximaProductos=340, capacidadOcupadaProductos=0, capacidadSinOcupar=340}
[01:43:23] Ruta: [2222]
[01:43:23] Último vuelo: VueloEntidad{id=2222, inicio=2025-10-27T22:51:00Z, fin=2025-10-28T04:55:00Z, idAlmacenOrigen=5, idAlmacenDestino=10, capacidadMaximaProductos=360, capacidadOcupadaProductos=0, capacidadSinOcupar=360}
[01:43:23] Ruta: [30825]
[01:43:23] Último vuelo: VueloEntidad{id=30825, inicio=2025-10-27T22:51:00Z, fin=2025-10-28T04:55:00Z, idAlmacenOrigen=5, idAlmacenDestino=10, capacidadMaximaProductos=360, capacidadOcupadaProductos=0, capacidadSinOcupar=360}
[01:43:23] Ruta: [2211]
[01:43:23] Último vuelo: VueloEntidad{id=2211, inicio=2025-10-28T12:09:00Z, fin=2025-10-28T18:13:00Z, idAlmacenOrigen=5, idAlmacenDestino=10, capacidadMaximaProductos=300, capacidadOcupadaProductos=0, capacidadSinOcupar=300}
[01:43:23] Ruta: [30706]
[01:43:23] Último vuelo: VueloEntidad{id=30706, inicio=2025-10-28T12:09:00Z, fin=2025-10-28T18:13:00Z, idAlmacenOrigen=5, idAlmacenDestino=10, capacidadMaximaProductos=300, capacidadOcupadaProductos=0, capacidadSinOcupar=300}
[01:43:23] Ruta: [2217]
[01:43:23] Último vuelo: VueloEntidad{id=2217, inicio=2025-10-28T20:55:00Z, fin=2025-10-29T02:59:00Z, idAlmacenOrigen=5, idAlmacenDestino=10, capacidadMaximaProductos=340, capacidadOcupadaProductos=0, capacidadSinOcupar=340}
[01:43:23] Ruta: [30766]
[01:43:23] Último vuelo: VueloEntidad{id=30766, inicio=2025-10-28T20:55:00Z, fin=2025-10-29T02:59:00Z, idAlmacenOrigen=5, idAlmacenDestino=10, capacidadMaximaProductos=340, capacidadOcupadaProductos=0, capacidadSinOcupar=340}
[01:43:23] Ruta: [2223]
[01:43:23] Último vuelo: VueloEntidad{id=2223, inicio=2025-10-28T22:51:00Z, fin=2025-10-29T04:55:00Z, idAlmacenOrigen=5, idAlmacenDestino=10, capacidadMaximaProductos=360, capacidadOcupadaProductos=0, capacidadSinOcupar=360}
[01:43:23] Ruta: [30826]
[01:43:23] Último vuelo: VueloEntidad{id=30826, inicio=2025-10-28T22:51:00Z, fin=2025-10-29T04:55:00Z, idAlmacenOrigen=5, idAlmacenDestino=10, capacidadMaximaProductos=360, capacidadOcupadaProductos=0, capacidadSinOcupar=360}
[01:43:23] Ruta: [30707]
[01:43:23] Último vuelo: VueloEntidad{id=30707, inicio=2025-10-29T12:09:00Z, fin=2025-10-29T18:13:00Z, idAlmacenOrigen=5, idAlmacenDestino=10, capacidadMaximaProductos=300, capacidadOcupadaProductos=0, capacidadSinOcupar=300}
[01:43:23] Ruta: [30767]
[01:43:23] Último vuelo: VueloEntidad{id=30767, inicio=2025-10-29T20:55:00Z, fin=2025-10-30T02:59:00Z, idAlmacenOrigen=5, idAlmacenDestino=10, capacidadMaximaProductos=340, capacidadOcupadaProductos=0, capacidadSinOcupar=340}
[01:43:23] Ruta: [30827]
[01:43:23] Último vuelo: VueloEntidad{id=30827, inicio=2025-10-29T22:51:00Z, fin=2025-10-30T04:55:00Z, idAlmacenOrigen=5, idAlmacenDestino=10, capacidadMaximaProductos=360, capacidadOcupadaProductos=0, capacidadSinOcupar=360}
[01:43:23] Ruta: [4439]
[01:43:23] Último vuelo: VueloEntidad{id=4439, inicio=2025-10-27T10:13:00Z, fin=2025-10-28T01:06:00Z, idAlmacenOrigen=14, idAlmacenDestino=10, capacidadMaximaProductos=360, capacidadOcupadaProductos=0, capacidadSinOcupar=360}
[01:43:23] Ruta: [52995]
[01:43:23] Último vuelo: VueloEntidad{id=52995, inicio=2025-10-27T10:13:00Z, fin=2025-10-28T01:06:00Z, idAlmacenOrigen=14, idAlmacenDestino=10, capacidadMaximaProductos=360, capacidadOcupadaProductos=0, capacidadSinOcupar=360}
[01:43:23] Ruta: [4445]
[01:43:23] Último vuelo: VueloEntidad{id=4445, inicio=2025-10-27T21:55:00Z, fin=2025-10-28T12:48:00Z, idAlmacenOrigen=14, idAlmacenDestino=10, capacidadMaximaProductos=320, capacidadOcupadaProductos=0, capacidadSinOcupar=320}
[01:43:23] Ruta: [53055]
[01:43:23] Último vuelo: VueloEntidad{id=53055, inicio=2025-10-27T21:55:00Z, fin=2025-10-28T12:48:00Z, idAlmacenOrigen=14, idAlmacenDestino=10, capacidadMaximaProductos=320, capacidadOcupadaProductos=0, capacidadSinOcupar=320}
[01:43:23] Ruta: [4428]
[01:43:23] Último vuelo: VueloEntidad{id=4428, inicio=2025-10-27T22:02:00Z, fin=2025-10-28T13:55:00Z, idAlmacenOrigen=14, idAlmacenDestino=10, capacidadMaximaProductos=340, capacidadOcupadaProductos=0, capacidadSinOcupar=340}
[01:43:23] Ruta: [52876]
[01:43:23] Último vuelo: VueloEntidad{id=52876, inicio=2025-10-27T22:02:00Z, fin=2025-10-28T13:55:00Z, idAlmacenOrigen=14, idAlmacenDestino=10, capacidadMaximaProductos=340, capacidadOcupadaProductos=0, capacidadSinOcupar=340}
[01:43:23] Ruta: [4434]
[01:43:23] Último vuelo: VueloEntidad{id=4434, inicio=2025-10-28T04:34:00Z, fin=2025-10-28T19:27:00Z, idAlmacenOrigen=14, idAlmacenDestino=10, capacidadMaximaProductos=360, capacidadOcupadaProductos=0, capacidadSinOcupar=360}
[01:43:23] Ruta: [52936]
[01:43:23] Último vuelo: VueloEntidad{id=52936, inicio=2025-10-28T04:34:00Z, fin=2025-10-28T19:27:00Z, idAlmacenOrigen=14, idAlmacenDestino=10, capacidadMaximaProductos=360, capacidadOcupadaProductos=0, capacidadSinOcupar=360}
[01:43:23] Ruta: [4440]
[01:43:23] Último vuelo: VueloEntidad{id=4440, inicio=2025-10-28T10:13:00Z, fin=2025-10-29T01:06:00Z, idAlmacenOrigen=14, idAlmacenDestino=10, capacidadMaximaProductos=360, capacidadOcupadaProductos=0, capacidadSinOcupar=360}
[01:43:23] Ruta: [52996]
[01:43:23] Último vuelo: VueloEntidad{id=52996, inicio=2025-10-28T10:13:00Z, fin=2025-10-29T01:06:00Z, idAlmacenOrigen=14, idAlmacenDestino=10, capacidadMaximaProductos=360, capacidadOcupadaProductos=0, capacidadSinOcupar=360}
[01:43:23] rutasFiltradasSegunPlazoPedido: [[2210], [30705], [2216], [30765], [2222], [30825], [2211], [30706], [2217], [30766], [2223], [30826], [30707], [30767], [30827], [4439], [52995], [4445], [53055], [4428], [52876], [4434], [52936], [4440], [52996]]
[01:43:23] me llegó: 25 rutas, instante act: 2025-10-27T06:43:20.853892100Z pedido: PedidoParaAlgoritmo{id=14, idAlmacenDestino=10, pedidas=71, entregadas=0, programadas=0, restante o pendientes=71, registro=2025-10-28T17:29:00Z, instanteEntregaMax=2025-10-30T17:29:00Z}
[01:43:23] score obtenido en ruta: 0.03807909650763954 ruta
[01:43:23] score obtenido en ruta: 0.03807909650763954 ruta
[01:43:23] score obtenido en ruta: 0.11355365777777778 ruta
[01:43:23] score obtenido en ruta: 0.11355365777777778 ruta
[01:43:23] score obtenido en ruta: 0.13313874977068427 ruta
[01:43:23] score obtenido en ruta: 0.13313874977068427 ruta
[01:43:23] score obtenido en ruta: 0.31129274212505875 ruta
[01:43:23] score obtenido en ruta: 0.31129274212505875 ruta
[01:43:23] score obtenido en ruta: 0.49602866522366523 ruta
[01:43:23] score obtenido en ruta: 0.49602866522366523 ruta
[01:43:23] score obtenido en ruta: 0.54869016256457 ruta
[01:43:23] score obtenido en ruta: 0.54869016256457 ruta
[01:43:23] score obtenido en ruta: 1.1481563156638013 ruta
[01:43:23] score obtenido en ruta: 2.144627835249042 ruta
[01:43:23] score obtenido en ruta: 2.551493656056587 ruta
[01:43:23] score obtenido en ruta: 0.027135960824920185 ruta
[01:43:23] score obtenido en ruta: 0.027135960824920185 ruta
[01:43:23] score obtenido en ruta: 0.14420316882842982 ruta
[01:43:23] score obtenido en ruta: 0.14420316882842982 ruta
[01:43:23] score obtenido en ruta: 0.14845708360267185 ruta
[01:43:23] score obtenido en ruta: 0.14845708360267185 ruta
[01:43:23] score obtenido en ruta: 0.23726510378952448 ruta
[01:43:23] score obtenido en ruta: 0.23726510378952448 ruta
[01:43:23] score obtenido en ruta: 0.3404152772045673 ruta
[01:43:23] score obtenido en ruta: 0.3404152772045673 ruta
[01:43:23] puntajesPorRuta: {[2210]=0.03807909650763954, [2211]=0.31129274212505875, [2216]=0.11355365777777778, [30825]=0.13313874977068427, [2217]=0.49602866522366523, [30826]=0.54869016256457, [30827]=2.551493656056587, [30765]=0.11355365777777778, [2222]=0.13313874977068427, [30766]=0.49602866522366523, [2223]=0.54869016256457, [30767]=2.144627835249042, [30705]=0.03807909650763954, [30706]=0.31129274212505875, [30707]=1.1481563156638013, [53055]=0.14420316882842982, [52995]=0.027135960824920185, [52996]=0.3404152772045673, [52936]=0.23726510378952448, [4428]=0.14845708360267185, [52876]=0.14845708360267185, [4434]=0.23726510378952448, [4439]=0.027135960824920185, [4440]=0.3404152772045673, [4445]=0.14420316882842982}
[01:43:23] construccionGRASPParaUnaRuta: Rutas que entraron a la RCL:  
[[30827], [30767], [30707], [30826], [2223]]
[01:43:23] Simulación del almacén destino hasta siguiente inicio: pe.edu.pucp.inf.pddsbackend.modelos.dominio.Almacen@19a151d1=0
[01:43:23] Generando rutas candidatas (inicio)
[01:43:26] EstadoGlobalMutableProblemaPlanificacion: Rutas para pedidos pendientes, cantidad:675
[01:43:26] planificar: Iteración 0: quedan 108 pedidos pendientes
[01:43:26] rutasConDestinoCompartido: [[2210], [30705], [2216], [30765], [2222], [30825], [2211], [30706], [2217], [30766], [2223], [30826], [30707], [30767], [30827], [4439], [52995], [4445], [53055], [4428], [52876], [4434], [52936], [4440], [52996]]
[01:43:26] Pedido: PedidoParaAlgoritmo{id=14, idAlmacenDestino=10, pedidas=71, entregadas=0, programadas=0, restante o pendientes=71, registro=2025-10-28T17:29:00Z, instanteEntregaMax=2025-10-30T17:29:00Z}
[01:43:26] Ruta: [2210]
[01:43:26] Último vuelo: VueloEntidad{id=2210, inicio=2025-10-27T12:09:00Z, fin=2025-10-27T18:13:00Z, idAlmacenOrigen=5, idAlmacenDestino=10, capacidadMaximaProductos=300, capacidadOcupadaProductos=0, capacidadSinOcupar=300}
[01:43:26] Ruta: [30705]
[01:43:26] Último vuelo: VueloEntidad{id=30705, inicio=2025-10-27T12:09:00Z, fin=2025-10-27T18:13:00Z, idAlmacenOrigen=5, idAlmacenDestino=10, capacidadMaximaProductos=300, capacidadOcupadaProductos=0, capacidadSinOcupar=300}
[01:43:26] Ruta: [2216]
[01:43:26] Último vuelo: VueloEntidad{id=2216, inicio=2025-10-27T20:55:00Z, fin=2025-10-28T02:59:00Z, idAlmacenOrigen=5, idAlmacenDestino=10, capacidadMaximaProductos=340, capacidadOcupadaProductos=0, capacidadSinOcupar=340}
[01:43:26] Ruta: [30765]
[01:43:26] Último vuelo: VueloEntidad{id=30765, inicio=2025-10-27T20:55:00Z, fin=2025-10-28T02:59:00Z, idAlmacenOrigen=5, idAlmacenDestino=10, capacidadMaximaProductos=340, capacidadOcupadaProductos=0, capacidadSinOcupar=340}
[01:43:26] Ruta: [2222]
[01:43:26] Último vuelo: VueloEntidad{id=2222, inicio=2025-10-27T22:51:00Z, fin=2025-10-28T04:55:00Z, idAlmacenOrigen=5, idAlmacenDestino=10, capacidadMaximaProductos=360, capacidadOcupadaProductos=0, capacidadSinOcupar=360}
[01:43:26] Ruta: [30825]
[01:43:26] Último vuelo: VueloEntidad{id=30825, inicio=2025-10-27T22:51:00Z, fin=2025-10-28T04:55:00Z, idAlmacenOrigen=5, idAlmacenDestino=10, capacidadMaximaProductos=360, capacidadOcupadaProductos=0, capacidadSinOcupar=360}
[01:43:26] Ruta: [2211]
[01:43:26] Último vuelo: VueloEntidad{id=2211, inicio=2025-10-28T12:09:00Z, fin=2025-10-28T18:13:00Z, idAlmacenOrigen=5, idAlmacenDestino=10, capacidadMaximaProductos=300, capacidadOcupadaProductos=0, capacidadSinOcupar=300}
[01:43:26] Ruta: [30706]
[01:43:26] Último vuelo: VueloEntidad{id=30706, inicio=2025-10-28T12:09:00Z, fin=2025-10-28T18:13:00Z, idAlmacenOrigen=5, idAlmacenDestino=10, capacidadMaximaProductos=300, capacidadOcupadaProductos=0, capacidadSinOcupar=300}
[01:43:26] Ruta: [2217]
[01:43:26] Último vuelo: VueloEntidad{id=2217, inicio=2025-10-28T20:55:00Z, fin=2025-10-29T02:59:00Z, idAlmacenOrigen=5, idAlmacenDestino=10, capacidadMaximaProductos=340, capacidadOcupadaProductos=0, capacidadSinOcupar=340}
[01:43:26] Ruta: [30766]
[01:43:26] Último vuelo: VueloEntidad{id=30766, inicio=2025-10-28T20:55:00Z, fin=2025-10-29T02:59:00Z, idAlmacenOrigen=5, idAlmacenDestino=10, capacidadMaximaProductos=340, capacidadOcupadaProductos=0, capacidadSinOcupar=340}
[01:43:26] Ruta: [2223]
[01:43:26] Último vuelo: VueloEntidad{id=2223, inicio=2025-10-28T22:51:00Z, fin=2025-10-29T04:55:00Z, idAlmacenOrigen=5, idAlmacenDestino=10, capacidadMaximaProductos=360, capacidadOcupadaProductos=0, capacidadSinOcupar=360}
[01:43:26] Ruta: [30826]
[01:43:26] Último vuelo: VueloEntidad{id=30826, inicio=2025-10-28T22:51:00Z, fin=2025-10-29T04:55:00Z, idAlmacenOrigen=5, idAlmacenDestino=10, capacidadMaximaProductos=360, capacidadOcupadaProductos=0, capacidadSinOcupar=360}
[01:43:26] Ruta: [30707]
[01:43:26] Último vuelo: VueloEntidad{id=30707, inicio=2025-10-29T12:09:00Z, fin=2025-10-29T18:13:00Z, idAlmacenOrigen=5, idAlmacenDestino=10, capacidadMaximaProductos=300, capacidadOcupadaProductos=0, capacidadSinOcupar=300}
[01:43:26] Ruta: [30767]
[01:43:26] Último vuelo: VueloEntidad{id=30767, inicio=2025-10-29T20:55:00Z, fin=2025-10-30T02:59:00Z, idAlmacenOrigen=5, idAlmacenDestino=10, capacidadMaximaProductos=340, capacidadOcupadaProductos=0, capacidadSinOcupar=340}
[01:43:26] Ruta: [30827]
[01:43:26] Último vuelo: VueloEntidad{id=30827, inicio=2025-10-29T22:51:00Z, fin=2025-10-30T04:55:00Z, idAlmacenOrigen=5, idAlmacenDestino=10, capacidadMaximaProductos=360, capacidadOcupadaProductos=0, capacidadSinOcupar=360}
[01:43:26] Ruta: [4439]
[01:43:26] Último vuelo: VueloEntidad{id=4439, inicio=2025-10-27T10:13:00Z, fin=2025-10-28T01:06:00Z, idAlmacenOrigen=14, idAlmacenDestino=10, capacidadMaximaProductos=360, capacidadOcupadaProductos=0, capacidadSinOcupar=360}
[01:43:26] Ruta: [52995]
[01:43:26] Último vuelo: VueloEntidad{id=52995, inicio=2025-10-27T10:13:00Z, fin=2025-10-28T01:06:00Z, idAlmacenOrigen=14, idAlmacenDestino=10, capacidadMaximaProductos=360, capacidadOcupadaProductos=0, capacidadSinOcupar=360}
[01:43:26] Ruta: [4445]
[01:43:26] Último vuelo: VueloEntidad{id=4445, inicio=2025-10-27T21:55:00Z, fin=2025-10-28T12:48:00Z, idAlmacenOrigen=14, idAlmacenDestino=10, capacidadMaximaProductos=320, capacidadOcupadaProductos=0, capacidadSinOcupar=320}
[01:43:26] Ruta: [53055]
[01:43:26] Último vuelo: VueloEntidad{id=53055, inicio=2025-10-27T21:55:00Z, fin=2025-10-28T12:48:00Z, idAlmacenOrigen=14, idAlmacenDestino=10, capacidadMaximaProductos=320, capacidadOcupadaProductos=0, capacidadSinOcupar=320}
[01:43:26] Ruta: [4428]
[01:43:26] Último vuelo: VueloEntidad{id=4428, inicio=2025-10-27T22:02:00Z, fin=2025-10-28T13:55:00Z, idAlmacenOrigen=14, idAlmacenDestino=10, capacidadMaximaProductos=340, capacidadOcupadaProductos=0, capacidadSinOcupar=340}
[01:43:26] Ruta: [52876]
[01:43:26] Último vuelo: VueloEntidad{id=52876, inicio=2025-10-27T22:02:00Z, fin=2025-10-28T13:55:00Z, idAlmacenOrigen=14, idAlmacenDestino=10, capacidadMaximaProductos=340, capacidadOcupadaProductos=0, capacidadSinOcupar=340}
[01:43:26] Ruta: [4434]
[01:43:26] Último vuelo: VueloEntidad{id=4434, inicio=2025-10-28T04:34:00Z, fin=2025-10-28T19:27:00Z, idAlmacenOrigen=14, idAlmacenDestino=10, capacidadMaximaProductos=360, capacidadOcupadaProductos=0, capacidadSinOcupar=360}
[01:43:26] Ruta: [52936]
[01:43:26] Último vuelo: VueloEntidad{id=52936, inicio=2025-10-28T04:34:00Z, fin=2025-10-28T19:27:00Z, idAlmacenOrigen=14, idAlmacenDestino=10, capacidadMaximaProductos=360, capacidadOcupadaProductos=0, capacidadSinOcupar=360}
[01:43:26] Ruta: [4440]
[01:43:26] Último vuelo: VueloEntidad{id=4440, inicio=2025-10-28T10:13:00Z, fin=2025-10-29T01:06:00Z, idAlmacenOrigen=14, idAlmacenDestino=10, capacidadMaximaProductos=360, capacidadOcupadaProductos=0, capacidadSinOcupar=360}
[01:43:26] Ruta: [52996]
[01:43:26] Último vuelo: VueloEntidad{id=52996, inicio=2025-10-28T10:13:00Z, fin=2025-10-29T01:06:00Z, idAlmacenOrigen=14, idAlmacenDestino=10, capacidadMaximaProductos=360, capacidadOcupadaProductos=0, capacidadSinOcupar=360}
[01:43:26] rutasFiltradasSegunPlazoPedido: [[2210], [30705], [2216], [30765], [2222], [30825], [2211], [30706], [2217], [30766], [2223], [30826], [30707], [30767], [30827], [4439], [52995], [4445], [53055], [4428], [52876], [4434], [52936], [4440], [52996]]
[01:43:26] me llegó: 25 rutas, instante act: 2025-10-27T06:43:23.732601800Z pedido: PedidoParaAlgoritmo{id=14, idAlmacenDestino=10, pedidas=71, entregadas=0, programadas=0, restante o pendientes=71, registro=2025-10-28T17:29:00Z, instanteEntregaMax=2025-10-30T17:29:00Z}
[01:43:26] score obtenido en ruta: 0.03807348573433115 ruta
[01:43:26] score obtenido en ruta: 0.03807348573433115 ruta
[01:43:26] score obtenido en ruta: 0.11354726 ruta
[01:43:26] score obtenido en ruta: 0.11354726 ruta
[01:43:26] score obtenido en ruta: 0.13313214777105117 ruta
[01:43:26] score obtenido en ruta: 0.13313214777105117 ruta
[01:43:26] score obtenido en ruta: 0.31128428244005646 ruta
[01:43:26] score obtenido en ruta: 0.31128428244005646 ruta
[01:43:26] score obtenido en ruta: 0.4960182792207792 ruta
[01:43:26] score obtenido en ruta: 0.4960182792207792 ruta
[01:43:26] score obtenido en ruta: 0.5486792274384685 ruta
[01:43:26] score obtenido en ruta: 0.5486792274384685 ruta
[01:43:26] score obtenido en ruta: 1.1481391296561605 ruta
[01:43:26] score obtenido en ruta: 2.1446002586206894 ruta
[01:43:26] score obtenido en ruta: 2.5514618368700264 ruta
[01:43:26] score obtenido en ruta: 0.027129750194149625 ruta
[01:43:26] score obtenido en ruta: 0.027129750194149625 ruta
[01:43:26] score obtenido en ruta: 0.14419557893071813 ruta
[01:43:26] score obtenido en ruta: 0.14419557893071813 ruta
[01:43:26] score obtenido en ruta: 0.14844932934712346 ruta
[01:43:26] score obtenido en ruta: 0.14844932934712346 ruta
[01:43:26] score obtenido en ruta: 0.2372564174511224 ruta
[01:43:26] score obtenido en ruta: 0.2372564174511224 ruta
[01:43:26] score obtenido en ruta: 0.34040537556747835 ruta
[01:43:26] score obtenido en ruta: 0.34040537556747835 ruta
[01:43:26] puntajesPorRuta: {[2210]=0.03807348573433115, [2211]=0.31128428244005646, [2216]=0.11354726, [30825]=0.13313214777105117, [2217]=0.4960182792207792, [30826]=0.5486792274384685, [30827]=2.5514618368700264, [30765]=0.11354726, [2222]=0.13313214777105117, [30766]=0.4960182792207792, [2223]=0.5486792274384685, [30767]=2.1446002586206894, [30705]=0.03807348573433115, [30706]=0.31128428244005646, [30707]=1.1481391296561605, [53055]=0.14419557893071813, [52995]=0.027129750194149625, [52996]=0.34040537556747835, [52936]=0.2372564174511224, [4428]=0.14844932934712346, [52876]=0.14844932934712346, [4434]=0.2372564174511224, [4439]=0.027129750194149625, [4440]=0.34040537556747835, [4445]=0.14419557893071813}
[01:43:26] construccionGRASPParaUnaRuta: Rutas que entraron a la RCL:  
[[30827], [30767], [30707], [30826], [2223]]
[01:43:26] Simulación del almacén destino hasta siguiente inicio: pe.edu.pucp.inf.pddsbackend.modelos.dominio.Almacen@2792e02e=0
[01:43:26] Generando rutas candidatas (inicio)
[01:43:29] EstadoGlobalMutableProblemaPlanificacion: Rutas para pedidos pendientes, cantidad:675
[01:43:29] planificar: Iteración 0: quedan 108 pedidos pendientes
[01:43:29] rutasConDestinoCompartido: [[2210], [30705], [2216], [30765], [2222], [30825], [2211], [30706], [2217], [30766], [2223], [30826], [30707], [30767], [30827], [4439], [52995], [4445], [53055], [4428], [52876], [4434], [52936], [4440], [52996]]
[01:43:29] Pedido: PedidoParaAlgoritmo{id=14, idAlmacenDestino=10, pedidas=71, entregadas=0, programadas=0, restante o pendientes=71, registro=2025-10-28T17:29:00Z, instanteEntregaMax=2025-10-30T17:29:00Z}
[01:43:29] Ruta: [2210]
[01:43:29] Último vuelo: VueloEntidad{id=2210, inicio=2025-10-27T12:09:00Z, fin=2025-10-27T18:13:00Z, idAlmacenOrigen=5, idAlmacenDestino=10, capacidadMaximaProductos=300, capacidadOcupadaProductos=0, capacidadSinOcupar=300}
[01:43:29] Ruta: [30705]
[01:43:29] Último vuelo: VueloEntidad{id=30705, inicio=2025-10-27T12:09:00Z, fin=2025-10-27T18:13:00Z, idAlmacenOrigen=5, idAlmacenDestino=10, capacidadMaximaProductos=300, capacidadOcupadaProductos=0, capacidadSinOcupar=300}
[01:43:29] Ruta: [2216]
[01:43:29] Último vuelo: VueloEntidad{id=2216, inicio=2025-10-27T20:55:00Z, fin=2025-10-28T02:59:00Z, idAlmacenOrigen=5, idAlmacenDestino=10, capacidadMaximaProductos=340, capacidadOcupadaProductos=0, capacidadSinOcupar=340}
[01:43:29] Ruta: [30765]
[01:43:29] Último vuelo: VueloEntidad{id=30765, inicio=2025-10-27T20:55:00Z, fin=2025-10-28T02:59:00Z, idAlmacenOrigen=5, idAlmacenDestino=10, capacidadMaximaProductos=340, capacidadOcupadaProductos=0, capacidadSinOcupar=340}
[01:43:29] Ruta: [2222]
[01:43:29] Último vuelo: VueloEntidad{id=2222, inicio=2025-10-27T22:51:00Z, fin=2025-10-28T04:55:00Z, idAlmacenOrigen=5, idAlmacenDestino=10, capacidadMaximaProductos=360, capacidadOcupadaProductos=0, capacidadSinOcupar=360}
[01:43:29] Ruta: [30825]
[01:43:29] Último vuelo: VueloEntidad{id=30825, inicio=2025-10-27T22:51:00Z, fin=2025-10-28T04:55:00Z, idAlmacenOrigen=5, idAlmacenDestino=10, capacidadMaximaProductos=360, capacidadOcupadaProductos=0, capacidadSinOcupar=360}
[01:43:29] Ruta: [2211]
[01:43:29] Último vuelo: VueloEntidad{id=2211, inicio=2025-10-28T12:09:00Z, fin=2025-10-28T18:13:00Z, idAlmacenOrigen=5, idAlmacenDestino=10, capacidadMaximaProductos=300, capacidadOcupadaProductos=0, capacidadSinOcupar=300}
[01:43:29] Ruta: [30706]
[01:43:29] Último vuelo: VueloEntidad{id=30706, inicio=2025-10-28T12:09:00Z, fin=2025-10-28T18:13:00Z, idAlmacenOrigen=5, idAlmacenDestino=10, capacidadMaximaProductos=300, capacidadOcupadaProductos=0, capacidadSinOcupar=300}
[01:43:29] Ruta: [2217]
[01:43:29] Último vuelo: VueloEntidad{id=2217, inicio=2025-10-28T20:55:00Z, fin=2025-10-29T02:59:00Z, idAlmacenOrigen=5, idAlmacenDestino=10, capacidadMaximaProductos=340, capacidadOcupadaProductos=0, capacidadSinOcupar=340}
[01:43:29] Ruta: [30766]
[01:43:29] Último vuelo: VueloEntidad{id=30766, inicio=2025-10-28T20:55:00Z, fin=2025-10-29T02:59:00Z, idAlmacenOrigen=5, idAlmacenDestino=10, capacidadMaximaProductos=340, capacidadOcupadaProductos=0, capacidadSinOcupar=340}
[01:43:29] Ruta: [2223]
[01:43:29] Último vuelo: VueloEntidad{id=2223, inicio=2025-10-28T22:51:00Z, fin=2025-10-29T04:55:00Z, idAlmacenOrigen=5, idAlmacenDestino=10, capacidadMaximaProductos=360, capacidadOcupadaProductos=0, capacidadSinOcupar=360}
[01:43:29] Ruta: [30826]
[01:43:29] Último vuelo: VueloEntidad{id=30826, inicio=2025-10-28T22:51:00Z, fin=2025-10-29T04:55:00Z, idAlmacenOrigen=5, idAlmacenDestino=10, capacidadMaximaProductos=360, capacidadOcupadaProductos=0, capacidadSinOcupar=360}
[01:43:29] Ruta: [30707]
[01:43:29] Último vuelo: VueloEntidad{id=30707, inicio=2025-10-29T12:09:00Z, fin=2025-10-29T18:13:00Z, idAlmacenOrigen=5, idAlmacenDestino=10, capacidadMaximaProductos=300, capacidadOcupadaProductos=0, capacidadSinOcupar=300}
[01:43:29] Ruta: [30767]
[01:43:29] Último vuelo: VueloEntidad{id=30767, inicio=2025-10-29T20:55:00Z, fin=2025-10-30T02:59:00Z, idAlmacenOrigen=5, idAlmacenDestino=10, capacidadMaximaProductos=340, capacidadOcupadaProductos=0, capacidadSinOcupar=340}
[01:43:29] Ruta: [30827]
[01:43:29] Último vuelo: VueloEntidad{id=30827, inicio=2025-10-29T22:51:00Z, fin=2025-10-30T04:55:00Z, idAlmacenOrigen=5, idAlmacenDestino=10, capacidadMaximaProductos=360, capacidadOcupadaProductos=0, capacidadSinOcupar=360}
[01:43:29] Ruta: [4439]
[01:43:29] Último vuelo: VueloEntidad{id=4439, inicio=2025-10-27T10:13:00Z, fin=2025-10-28T01:06:00Z, idAlmacenOrigen=14, idAlmacenDestino=10, capacidadMaximaProductos=360, capacidadOcupadaProductos=0, capacidadSinOcupar=360}
[01:43:29] Ruta: [52995]
[01:43:29] Último vuelo: VueloEntidad{id=52995, inicio=2025-10-27T10:13:00Z, fin=2025-10-28T01:06:00Z, idAlmacenOrigen=14, idAlmacenDestino=10, capacidadMaximaProductos=360, capacidadOcupadaProductos=0, capacidadSinOcupar=360}
[01:43:29] Ruta: [4445]
[01:43:29] Último vuelo: VueloEntidad{id=4445, inicio=2025-10-27T21:55:00Z, fin=2025-10-28T12:48:00Z, idAlmacenOrigen=14, idAlmacenDestino=10, capacidadMaximaProductos=320, capacidadOcupadaProductos=0, capacidadSinOcupar=320}
[01:43:29] Ruta: [53055]
[01:43:29] Último vuelo: VueloEntidad{id=53055, inicio=2025-10-27T21:55:00Z, fin=2025-10-28T12:48:00Z, idAlmacenOrigen=14, idAlmacenDestino=10, capacidadMaximaProductos=320, capacidadOcupadaProductos=0, capacidadSinOcupar=320}
[01:43:29] Ruta: [4428]
[01:43:29] Último vuelo: VueloEntidad{id=4428, inicio=2025-10-27T22:02:00Z, fin=2025-10-28T13:55:00Z, idAlmacenOrigen=14, idAlmacenDestino=10, capacidadMaximaProductos=340, capacidadOcupadaProductos=0, capacidadSinOcupar=340}
[01:43:29] Ruta: [52876]
[01:43:29] Último vuelo: VueloEntidad{id=52876, inicio=2025-10-27T22:02:00Z, fin=2025-10-28T13:55:00Z, idAlmacenOrigen=14, idAlmacenDestino=10, capacidadMaximaProductos=340, capacidadOcupadaProductos=0, capacidadSinOcupar=340}
[01:43:29] Ruta: [4434]
[01:43:29] Último vuelo: VueloEntidad{id=4434, inicio=2025-10-28T04:34:00Z, fin=2025-10-28T19:27:00Z, idAlmacenOrigen=14, idAlmacenDestino=10, capacidadMaximaProductos=360, capacidadOcupadaProductos=0, capacidadSinOcupar=360}
[01:43:29] Ruta: [52936]
[01:43:29] Último vuelo: VueloEntidad{id=52936, inicio=2025-10-28T04:34:00Z, fin=2025-10-28T19:27:00Z, idAlmacenOrigen=14, idAlmacenDestino=10, capacidadMaximaProductos=360, capacidadOcupadaProductos=0, capacidadSinOcupar=360}
[01:43:29] Ruta: [4440]
[01:43:29] Último vuelo: VueloEntidad{id=4440, inicio=2025-10-28T10:13:00Z, fin=2025-10-29T01:06:00Z, idAlmacenOrigen=14, idAlmacenDestino=10, capacidadMaximaProductos=360, capacidadOcupadaProductos=0, capacidadSinOcupar=360}
[01:43:29] Ruta: [52996]
[01:43:29] Último vuelo: VueloEntidad{id=52996, inicio=2025-10-28T10:13:00Z, fin=2025-10-29T01:06:00Z, idAlmacenOrigen=14, idAlmacenDestino=10, capacidadMaximaProductos=360, capacidadOcupadaProductos=0, capacidadSinOcupar=360}
[01:43:29] rutasFiltradasSegunPlazoPedido: [[2210], [30705], [2216], [30765], [2222], [30825], [2211], [30706], [2217], [30766], [2223], [30826], [30707], [30767], [30827], [4439], [52995], [4445], [53055], [4428], [52876], [4434], [52936], [4440], [52996]]
[01:43:29] me llegó: 25 rutas, instante act: 2025-10-27T06:43:26.616742Z pedido: PedidoParaAlgoritmo{id=14, idAlmacenDestino=10, pedidas=71, entregadas=0, programadas=0, restante o pendientes=71, registro=2025-10-28T17:29:00Z, instanteEntregaMax=2025-10-30T17:29:00Z}
[01:43:29] score obtenido en ruta: 0.038067865216713445 ruta
[01:43:29] score obtenido en ruta: 0.038067865216713445 ruta
[01:43:29] score obtenido en ruta: 0.11354085111111112 ruta
[01:43:29] score obtenido en ruta: 0.11354085111111112 ruta
[01:43:29] score obtenido en ruta: 0.133125534305632 ruta
[01:43:29] score obtenido en ruta: 0.133125534305632 ruta
[01:43:29] score obtenido en ruta: 0.31127580806299954 ruta
[01:43:29] score obtenido en ruta: 0.31127580806299954 ruta
[01:43:29] score obtenido en ruta: 0.4960078751803752 ruta
[01:43:29] score obtenido en ruta: 0.4960078751803752 ruta
[01:43:29] score obtenido en ruta: 0.548668273321179 ruta
[01:43:29] score obtenido en ruta: 0.548668273321179 ruta
[01:43:29] score obtenido en ruta: 1.1481219138013372 ruta
[01:43:29] score obtenido en ruta: 2.144572634099617 ruta
[01:43:29] score obtenido en ruta: 2.5514299624226346 ruta
[01:43:29] score obtenido en ruta: 0.027123528777288807 ruta
[01:43:29] score obtenido en ruta: 0.027123528777288807 ruta
[01:43:29] score obtenido en ruta: 0.1441879758515238 ruta
[01:43:29] score obtenido en ruta: 0.1441879758515238 ruta
[01:43:29] score obtenido en ruta: 0.14844156162464986 ruta
[01:43:29] score obtenido en ruta: 0.14844156162464986 ruta
[01:43:29] score obtenido en ruta: 0.23724771602703357 ruta
[01:43:29] score obtenido en ruta: 0.23724771602703357 ruta
[01:43:29] score obtenido en ruta: 0.34039545673407623 ruta
[01:43:29] score obtenido en ruta: 0.34039545673407623 ruta
[01:43:29] puntajesPorRuta: {[2210]=0.038067865216713445, [2211]=0.31127580806299954, [2216]=0.11354085111111112, [30825]=0.133125534305632, [2217]=0.4960078751803752, [30826]=0.548668273321179, [30827]=2.5514299624226346, [30765]=0.11354085111111112, [2222]=0.133125534305632, [30766]=0.4960078751803752, [2223]=0.548668273321179, [30767]=2.144572634099617, [30705]=0.038067865216713445, [30706]=0.31127580806299954, [30707]=1.1481219138013372, [53055]=0.1441879758515238, [52995]=0.027123528777288807, [52996]=0.34039545673407623, [52936]=0.23724771602703357, [4428]=0.14844156162464986, [52876]=0.14844156162464986, [4434]=0.23724771602703357, [4439]=0.027123528777288807, [4440]=0.34039545673407623, [4445]=0.1441879758515238}
[01:43:29] construccionGRASPParaUnaRuta: Rutas que entraron a la RCL:  
[[30827], [30767], [30707], [30826], [2223]]
[01:43:29] Simulación del almacén destino hasta siguiente inicio: pe.edu.pucp.inf.pddsbackend.modelos.dominio.Almacen@780ad4ea=0
