[2025-09-30T22:43:17.075622] planificar: Inicio de planificacion con varios GRASP. pedidos=1, vuelos=277, almacenes=24
 seed: 1
[2025-09-30T22:43:17.076053] planificar: Iteración 0: quedan 1 pedidos pendientes
[2025-09-30T22:43:17.076115] Generando rutas candidatas (inicio)
[2025-09-30T22:43:17.083537] EstadoGlobalMutableProblemaPlanificacion: Rutas para pedidos pendientes, cantidad:25
[2025-09-30T22:43:17.083676] EstadoGlobalMutableProblemaPlanificacion: Ruta:
[2025-09-30T22:43:17.086418] Vuelo en ruta: VueloParaAlgoritmo{id=14, inicio=2025-10-02T04:00:00Z, fin=2025-10-02T05:00:00Z, idAlmacenOrigen=1, idAlmacenDestino=17, capacidadMaximaProductos=413, capacidadOcupadaProductos=0, capacidadSinOcupar=413, capacidadSinOcuparCalc=413}
[2025-09-30T22:43:17.08645] EstadoGlobalMutableProblemaPlanificacion: Ruta:
[2025-09-30T22:43:17.086483] Vuelo en ruta: VueloParaAlgoritmo{id=15, inicio=2025-10-02T04:12:00Z, fin=2025-10-02T04:30:00Z, idAlmacenOrigen=1, idAlmacenDestino=17, capacidadMaximaProductos=413, capacidadOcupadaProductos=0, capacidadSinOcupar=413, capacidadSinOcuparCalc=413}
[2025-09-30T22:43:17.086496] EstadoGlobalMutableProblemaPlanificacion: Ruta:
[2025-09-30T22:43:17.086516] Vuelo en ruta: VueloParaAlgoritmo{id=13, inicio=2025-10-02T05:00:00Z, fin=2025-10-02T06:00:00Z, idAlmacenOrigen=1, idAlmacenDestino=17, capacidadMaximaProductos=413, capacidadOcupadaProductos=0, capacidadSinOcupar=413, capacidadSinOcuparCalc=413}
[2025-09-30T22:43:17.086525] EstadoGlobalMutableProblemaPlanificacion: Ruta:
[2025-09-30T22:43:17.086543] Vuelo en ruta: VueloParaAlgoritmo{id=17, inicio=2025-10-02T03:28:23Z, fin=2025-10-02T16:05:56Z, idAlmacenOrigen=1, idAlmacenDestino=19, capacidadMaximaProductos=415, capacidadOcupadaProductos=0, capacidadSinOcupar=415, capacidadSinOcuparCalc=415}
[2025-09-30T22:43:17.086564] Vuelo en ruta: VueloParaAlgoritmo{id=116, inicio=2025-10-02T18:00:00Z, fin=2025-10-03T00:00:00Z, idAlmacenOrigen=19, idAlmacenDestino=17, capacidadMaximaProductos=494, capacidadOcupadaProductos=0, capacidadSinOcupar=494, capacidadSinOcuparCalc=494}
[2025-09-30T22:43:17.086574] EstadoGlobalMutableProblemaPlanificacion: Ruta:
[2025-09-30T22:43:17.086592] Vuelo en ruta: VueloParaAlgoritmo{id=17, inicio=2025-10-02T03:28:23Z, fin=2025-10-02T16:05:56Z, idAlmacenOrigen=1, idAlmacenDestino=19, capacidadMaximaProductos=415, capacidadOcupadaProductos=0, capacidadSinOcupar=415, capacidadSinOcuparCalc=415}
[2025-09-30T22:43:17.086615] Vuelo en ruta: VueloParaAlgoritmo{id=136, inicio=2025-10-03T14:00:00Z, fin=2025-10-03T20:00:00Z, idAlmacenOrigen=19, idAlmacenDestino=17, capacidadMaximaProductos=514, capacidadOcupadaProductos=0, capacidadSinOcupar=514, capacidadSinOcuparCalc=514}
[2025-09-30T22:43:17.086624] EstadoGlobalMutableProblemaPlanificacion: Ruta:
[2025-09-30T22:43:17.086644] Vuelo en ruta: VueloParaAlgoritmo{id=17, inicio=2025-10-02T03:28:23Z, fin=2025-10-02T16:05:56Z, idAlmacenOrigen=1, idAlmacenDestino=19, capacidadMaximaProductos=415, capacidadOcupadaProductos=0, capacidadSinOcupar=415, capacidadSinOcuparCalc=415}
[2025-09-30T22:43:17.08666] Vuelo en ruta: VueloParaAlgoritmo{id=96, inicio=2025-10-04T00:00:00Z, fin=2025-10-04T06:00:00Z, idAlmacenOrigen=19, idAlmacenDestino=17, capacidadMaximaProductos=474, capacidadOcupadaProductos=0, capacidadSinOcupar=474, capacidadSinOcuparCalc=474}
[2025-09-30T22:43:17.08667] EstadoGlobalMutableProblemaPlanificacion: Ruta:
[2025-09-30T22:43:17.086686] Vuelo en ruta: VueloParaAlgoritmo{id=168, inicio=2025-10-02T10:00:00Z, fin=2025-10-02T13:00:00Z, idAlmacenOrigen=1, idAlmacenDestino=11, capacidadMaximaProductos=600, capacidadOcupadaProductos=0, capacidadSinOcupar=600, capacidadSinOcuparCalc=600}
[2025-09-30T22:43:17.086707] Vuelo en ruta: VueloParaAlgoritmo{id=273, inicio=2025-10-02T20:00:00Z, fin=2025-10-03T06:00:00Z, idAlmacenOrigen=11, idAlmacenDestino=17, capacidadMaximaProductos=520, capacidadOcupadaProductos=0, capacidadSinOcupar=520, capacidadSinOcuparCalc=520}
[2025-09-30T22:43:17.086715] EstadoGlobalMutableProblemaPlanificacion: Ruta:
[2025-09-30T22:43:17.086736] Vuelo en ruta: VueloParaAlgoritmo{id=8, inicio=2025-10-02T05:10:11Z, fin=2025-10-02T12:59:32Z, idAlmacenOrigen=1, idAlmacenDestino=12, capacidadMaximaProductos=408, capacidadOcupadaProductos=0, capacidadSinOcupar=408, capacidadSinOcuparCalc=408}
[2025-09-30T22:43:17.086752] Vuelo en ruta: VueloParaAlgoritmo{id=221, inicio=2025-10-02T15:00:00Z, fin=2025-10-02T18:00:00Z, idAlmacenOrigen=12, idAlmacenDestino=11, capacidadMaximaProductos=400, capacidadOcupadaProductos=0, capacidadSinOcupar=400, capacidadSinOcuparCalc=400}
[2025-09-30T22:43:17.086767] Vuelo en ruta: VueloParaAlgoritmo{id=273, inicio=2025-10-02T20:00:00Z, fin=2025-10-03T06:00:00Z, idAlmacenOrigen=11, idAlmacenDestino=17, capacidadMaximaProductos=520, capacidadOcupadaProductos=0, capacidadSinOcupar=520, capacidadSinOcuparCalc=520}
[2025-09-30T22:43:17.086779] EstadoGlobalMutableProblemaPlanificacion: Ruta:
[2025-09-30T22:43:17.086795] Vuelo en ruta: VueloParaAlgoritmo{id=164, inicio=2025-10-02T06:00:00Z, fin=2025-10-02T08:00:00Z, idAlmacenOrigen=1, idAlmacenDestino=5, capacidadMaximaProductos=520, capacidadOcupadaProductos=0, capacidadSinOcupar=520, capacidadSinOcuparCalc=520}
[2025-09-30T22:43:17.086815] Vuelo en ruta: VueloParaAlgoritmo{id=231, inicio=2025-10-02T13:00:00Z, fin=2025-10-02T18:00:00Z, idAlmacenOrigen=5, idAlmacenDestino=11, capacidadMaximaProductos=420, capacidadOcupadaProductos=0, capacidadSinOcupar=420, capacidadSinOcuparCalc=420}
[2025-09-30T22:43:17.086831] Vuelo en ruta: VueloParaAlgoritmo{id=273, inicio=2025-10-02T20:00:00Z, fin=2025-10-03T06:00:00Z, idAlmacenOrigen=11, idAlmacenDestino=17, capacidadMaximaProductos=520, capacidadOcupadaProductos=0, capacidadSinOcupar=520, capacidadSinOcuparCalc=520}
[2025-09-30T22:43:17.086839] EstadoGlobalMutableProblemaPlanificacion: Ruta:
[2025-09-30T22:43:17.086854] Vuelo en ruta: VueloParaAlgoritmo{id=169, inicio=2025-10-02T11:00:00Z, fin=2025-10-02T14:00:00Z, idAlmacenOrigen=1, idAlmacenDestino=12, capacidadMaximaProductos=580, capacidadOcupadaProductos=0, capacidadSinOcupar=580, capacidadSinOcuparCalc=580}
[2025-09-30T22:43:17.086875] Vuelo en ruta: VueloParaAlgoritmo{id=221, inicio=2025-10-02T15:00:00Z, fin=2025-10-02T18:00:00Z, idAlmacenOrigen=12, idAlmacenDestino=11, capacidadMaximaProductos=400, capacidadOcupadaProductos=0, capacidadSinOcupar=400, capacidadSinOcuparCalc=400}
[2025-09-30T22:43:17.08689] Vuelo en ruta: VueloParaAlgoritmo{id=273, inicio=2025-10-02T20:00:00Z, fin=2025-10-03T06:00:00Z, idAlmacenOrigen=11, idAlmacenDestino=17, capacidadMaximaProductos=520, capacidadOcupadaProductos=0, capacidadSinOcupar=520, capacidadSinOcuparCalc=520}
[2025-09-30T22:43:17.0869] EstadoGlobalMutableProblemaPlanificacion: Ruta:
[2025-09-30T22:43:17.086915] Vuelo en ruta: VueloParaAlgoritmo{id=164, inicio=2025-10-02T06:00:00Z, fin=2025-10-02T08:00:00Z, idAlmacenOrigen=1, idAlmacenDestino=5, capacidadMaximaProductos=520, capacidadOcupadaProductos=0, capacidadSinOcupar=520, capacidadSinOcuparCalc=520}
[2025-09-30T22:43:17.08693] Vuelo en ruta: VueloParaAlgoritmo{id=232, inicio=2025-10-02T08:00:00Z, fin=2025-10-02T14:00:00Z, idAlmacenOrigen=5, idAlmacenDestino=12, capacidadMaximaProductos=420, capacidadOcupadaProductos=0, capacidadSinOcupar=420, capacidadSinOcuparCalc=420}
[2025-09-30T22:43:17.086945] Vuelo en ruta: VueloParaAlgoritmo{id=221, inicio=2025-10-02T15:00:00Z, fin=2025-10-02T18:00:00Z, idAlmacenOrigen=12, idAlmacenDestino=11, capacidadMaximaProductos=400, capacidadOcupadaProductos=0, capacidadSinOcupar=400, capacidadSinOcuparCalc=400}
[2025-09-30T22:43:17.086966] Vuelo en ruta: VueloParaAlgoritmo{id=273, inicio=2025-10-02T20:00:00Z, fin=2025-10-03T06:00:00Z, idAlmacenOrigen=11, idAlmacenDestino=17, capacidadMaximaProductos=520, capacidadOcupadaProductos=0, capacidadSinOcupar=520, capacidadSinOcuparCalc=520}
[2025-09-30T22:43:17.086974] EstadoGlobalMutableProblemaPlanificacion: Ruta:
[2025-09-30T22:43:17.086989] Vuelo en ruta: VueloParaAlgoritmo{id=165, inicio=2025-10-02T07:00:00Z, fin=2025-10-02T09:00:00Z, idAlmacenOrigen=1, idAlmacenDestino=6, capacidadMaximaProductos=500, capacidadOcupadaProductos=0, capacidadSinOcupar=500, capacidadSinOcuparCalc=500}
[2025-09-30T22:43:17.087004] Vuelo en ruta: VueloParaAlgoritmo{id=211, inicio=2025-10-02T09:00:00Z, fin=2025-10-02T11:00:00Z, idAlmacenOrigen=6, idAlmacenDestino=5, capacidadMaximaProductos=380, capacidadOcupadaProductos=0, capacidadSinOcupar=380, capacidadSinOcuparCalc=380}
[2025-09-30T22:43:17.087025] Vuelo en ruta: VueloParaAlgoritmo{id=231, inicio=2025-10-02T13:00:00Z, fin=2025-10-02T18:00:00Z, idAlmacenOrigen=5, idAlmacenDestino=11, capacidadMaximaProductos=420, capacidadOcupadaProductos=0, capacidadSinOcupar=420, capacidadSinOcuparCalc=420}
[2025-09-30T22:43:17.08704] Vuelo en ruta: VueloParaAlgoritmo{id=273, inicio=2025-10-02T20:00:00Z, fin=2025-10-03T06:00:00Z, idAlmacenOrigen=11, idAlmacenDestino=17, capacidadMaximaProductos=520, capacidadOcupadaProductos=0, capacidadSinOcupar=520, capacidadSinOcuparCalc=520}
[2025-09-30T22:43:17.087051] EstadoGlobalMutableProblemaPlanificacion: Ruta:
[2025-09-30T22:43:17.087067] Vuelo en ruta: VueloParaAlgoritmo{id=182, inicio=2025-10-02T14:00:00Z, fin=2025-10-03T17:00:00Z, idAlmacenOrigen=2, idAlmacenDestino=17, capacidadMaximaProductos=560, capacidadOcupadaProductos=0, capacidadSinOcupar=560, capacidadSinOcuparCalc=560}
[2025-09-30T22:43:17.087075] EstadoGlobalMutableProblemaPlanificacion: Ruta:
[2025-09-30T22:43:17.087119] Vuelo en ruta: VueloParaAlgoritmo{id=35, inicio=2025-10-04T07:32:05Z, fin=2025-10-06T01:58:01Z, idAlmacenOrigen=2, idAlmacenDestino=17, capacidadMaximaProductos=433, capacidadOcupadaProductos=0, capacidadSinOcupar=433, capacidadSinOcuparCalc=433}
[2025-09-30T22:43:17.087256] EstadoGlobalMutableProblemaPlanificacion: Ruta:
[2025-09-30T22:43:17.087433] Vuelo en ruta: VueloParaAlgoritmo{id=178, inicio=2025-10-02T10:00:00Z, fin=2025-10-02T14:00:00Z, idAlmacenOrigen=2, idAlmacenDestino=11, capacidadMaximaProductos=600, capacidadOcupadaProductos=0, capacidadSinOcupar=600, capacidadSinOcuparCalc=600}
[2025-09-30T22:43:17.087526] Vuelo en ruta: VueloParaAlgoritmo{id=273, inicio=2025-10-02T20:00:00Z, fin=2025-10-03T06:00:00Z, idAlmacenOrigen=11, idAlmacenDestino=17, capacidadMaximaProductos=520, capacidadOcupadaProductos=0, capacidadSinOcupar=520, capacidadSinOcuparCalc=520}
[2025-09-30T22:43:17.087577] EstadoGlobalMutableProblemaPlanificacion: Ruta:
[2025-09-30T22:43:17.087674] Vuelo en ruta: VueloParaAlgoritmo{id=37, inicio=2025-10-03T07:29:51Z, fin=2025-10-03T20:01:59Z, idAlmacenOrigen=2, idAlmacenDestino=19, capacidadMaximaProductos=435, capacidadOcupadaProductos=0, capacidadSinOcupar=435, capacidadSinOcuparCalc=435}
[2025-09-30T22:43:17.087812] Vuelo en ruta: VueloParaAlgoritmo{id=96, inicio=2025-10-04T00:00:00Z, fin=2025-10-04T06:00:00Z, idAlmacenOrigen=19, idAlmacenDestino=17, capacidadMaximaProductos=474, capacidadOcupadaProductos=0, capacidadSinOcupar=474, capacidadSinOcuparCalc=474}
[2025-09-30T22:43:17.087835] EstadoGlobalMutableProblemaPlanificacion: Ruta:
[2025-09-30T22:43:17.087885] Vuelo en ruta: VueloParaAlgoritmo{id=174, inicio=2025-10-02T06:00:00Z, fin=2025-10-02T10:00:00Z, idAlmacenOrigen=2, idAlmacenDestino=5, capacidadMaximaProductos=520, capacidadOcupadaProductos=0, capacidadSinOcupar=520, capacidadSinOcuparCalc=520}
[2025-09-30T22:43:17.087957] Vuelo en ruta: VueloParaAlgoritmo{id=231, inicio=2025-10-02T13:00:00Z, fin=2025-10-02T18:00:00Z, idAlmacenOrigen=5, idAlmacenDestino=11, capacidadMaximaProductos=420, capacidadOcupadaProductos=0, capacidadSinOcupar=420, capacidadSinOcuparCalc=420}
[2025-09-30T22:43:17.087994] Vuelo en ruta: VueloParaAlgoritmo{id=273, inicio=2025-10-02T20:00:00Z, fin=2025-10-03T06:00:00Z, idAlmacenOrigen=11, idAlmacenDestino=17, capacidadMaximaProductos=520, capacidadOcupadaProductos=0, capacidadSinOcupar=520, capacidadSinOcuparCalc=520}
[2025-09-30T22:43:17.088008] EstadoGlobalMutableProblemaPlanificacion: Ruta:
[2025-09-30T22:43:17.088031] Vuelo en ruta: VueloParaAlgoritmo{id=179, inicio=2025-10-02T11:00:00Z, fin=2025-10-02T15:00:00Z, idAlmacenOrigen=2, idAlmacenDestino=12, capacidadMaximaProductos=580, capacidadOcupadaProductos=0, capacidadSinOcupar=580, capacidadSinOcuparCalc=580}
[2025-09-30T22:43:17.088129] Vuelo en ruta: VueloParaAlgoritmo{id=221, inicio=2025-10-02T15:00:00Z, fin=2025-10-02T18:00:00Z, idAlmacenOrigen=12, idAlmacenDestino=11, capacidadMaximaProductos=400, capacidadOcupadaProductos=0, capacidadSinOcupar=400, capacidadSinOcuparCalc=400}
[2025-09-30T22:43:17.088202] Vuelo en ruta: VueloParaAlgoritmo{id=273, inicio=2025-10-02T20:00:00Z, fin=2025-10-03T06:00:00Z, idAlmacenOrigen=11, idAlmacenDestino=17, capacidadMaximaProductos=520, capacidadOcupadaProductos=0, capacidadSinOcupar=520, capacidadSinOcuparCalc=520}
[2025-09-30T22:43:17.088212] EstadoGlobalMutableProblemaPlanificacion: Ruta:
[2025-09-30T22:43:17.088233] Vuelo en ruta: VueloParaAlgoritmo{id=185, inicio=2025-10-02T07:00:00Z, fin=2025-10-03T03:00:00Z, idAlmacenOrigen=3, idAlmacenDestino=17, capacidadMaximaProductos=440, capacidadOcupadaProductos=0, capacidadSinOcupar=440, capacidadSinOcuparCalc=440}
[2025-09-30T22:43:17.088241] EstadoGlobalMutableProblemaPlanificacion: Ruta:
[2025-09-30T22:43:17.088253] Vuelo en ruta: VueloParaAlgoritmo{id=55, inicio=2025-10-04T10:00:00Z, fin=2025-10-04T17:00:00Z, idAlmacenOrigen=3, idAlmacenDestino=17, capacidadMaximaProductos=453, capacidadOcupadaProductos=0, capacidadSinOcupar=453, capacidadSinOcuparCalc=453}
[2025-09-30T22:43:17.088258] EstadoGlobalMutableProblemaPlanificacion: Ruta:
[2025-09-30T22:43:17.088271] Vuelo en ruta: VueloParaAlgoritmo{id=184, inicio=2025-10-02T06:00:00Z, fin=2025-10-02T08:00:00Z, idAlmacenOrigen=3, idAlmacenDestino=16, capacidadMaximaProductos=460, capacidadOcupadaProductos=0, capacidadSinOcupar=460, capacidadSinOcuparCalc=460}
[2025-09-30T22:43:17.088288] Vuelo en ruta: VueloParaAlgoritmo{id=255, inicio=2025-10-02T14:00:00Z, fin=2025-10-02T21:00:00Z, idAlmacenOrigen=16, idAlmacenDestino=17, capacidadMaximaProductos=320, capacidadOcupadaProductos=0, capacidadSinOcupar=320, capacidadSinOcuparCalc=320}
[2025-09-30T22:43:17.088293] EstadoGlobalMutableProblemaPlanificacion: Ruta:
[2025-09-30T22:43:17.088339] Vuelo en ruta: VueloParaAlgoritmo{id=187, inicio=2025-10-02T09:00:00Z, fin=2025-10-02T11:00:00Z, idAlmacenOrigen=3, idAlmacenDestino=19, capacidadMaximaProductos=460, capacidadOcupadaProductos=0, capacidadSinOcupar=460, capacidadSinOcuparCalc=460}
[2025-09-30T22:43:17.088393] Vuelo en ruta: VueloParaAlgoritmo{id=116, inicio=2025-10-02T18:00:00Z, fin=2025-10-03T00:00:00Z, idAlmacenOrigen=19, idAlmacenDestino=17, capacidadMaximaProductos=494, capacidadOcupadaProductos=0, capacidadSinOcupar=494, capacidadSinOcuparCalc=494}
[2025-09-30T22:43:17.088408] EstadoGlobalMutableProblemaPlanificacion: Ruta:
[2025-09-30T22:43:17.088432] Vuelo en ruta: VueloParaAlgoritmo{id=187, inicio=2025-10-02T09:00:00Z, fin=2025-10-02T11:00:00Z, idAlmacenOrigen=3, idAlmacenDestino=19, capacidadMaximaProductos=460, capacidadOcupadaProductos=0, capacidadSinOcupar=460, capacidadSinOcuparCalc=460}
[2025-09-30T22:43:17.08847] Vuelo en ruta: VueloParaAlgoritmo{id=136, inicio=2025-10-03T14:00:00Z, fin=2025-10-03T20:00:00Z, idAlmacenOrigen=19, idAlmacenDestino=17, capacidadMaximaProductos=514, capacidadOcupadaProductos=0, capacidadSinOcupar=514, capacidadSinOcuparCalc=514}
[2025-09-30T22:43:17.088478] EstadoGlobalMutableProblemaPlanificacion: Ruta:
[2025-09-30T22:43:17.088492] Vuelo en ruta: VueloParaAlgoritmo{id=187, inicio=2025-10-02T09:00:00Z, fin=2025-10-02T11:00:00Z, idAlmacenOrigen=3, idAlmacenDestino=19, capacidadMaximaProductos=460, capacidadOcupadaProductos=0, capacidadSinOcupar=460, capacidadSinOcuparCalc=460}
[2025-09-30T22:43:17.088511] Vuelo en ruta: VueloParaAlgoritmo{id=96, inicio=2025-10-04T00:00:00Z, fin=2025-10-04T06:00:00Z, idAlmacenOrigen=19, idAlmacenDestino=17, capacidadMaximaProductos=474, capacidadOcupadaProductos=0, capacidadSinOcupar=474, capacidadSinOcuparCalc=474}
[2025-09-30T22:43:17.088516] EstadoGlobalMutableProblemaPlanificacion: Ruta:
[2025-09-30T22:43:17.088529] Vuelo en ruta: VueloParaAlgoritmo{id=183, inicio=2025-10-02T05:00:00Z, fin=2025-10-02T07:00:00Z, idAlmacenOrigen=3, idAlmacenDestino=15, capacidadMaximaProductos=420, capacidadOcupadaProductos=0, capacidadSinOcupar=420, capacidadSinOcuparCalc=420}
[2025-09-30T22:43:17.088541] Vuelo en ruta: VueloParaAlgoritmo{id=253, inicio=2025-10-02T12:00:00Z, fin=2025-10-02T14:00:00Z, idAlmacenOrigen=15, idAlmacenDestino=19, capacidadMaximaProductos=320, capacidadOcupadaProductos=0, capacidadSinOcupar=320, capacidadSinOcuparCalc=320}
[2025-09-30T22:43:17.088564] Vuelo en ruta: VueloParaAlgoritmo{id=116, inicio=2025-10-02T18:00:00Z, fin=2025-10-03T00:00:00Z, idAlmacenOrigen=19, idAlmacenDestino=17, capacidadMaximaProductos=494, capacidadOcupadaProductos=0, capacidadSinOcupar=494, capacidadSinOcuparCalc=494}
[2025-09-30T22:43:17.091621] construccionGRASPParaUnaRuta: Rutas que entraron a la RCL:  
[RutaProgramadaParaAlgoritmo(idsVuelosEnOrden=[182], idPedidoAsociado=-1, cantidadTotalOParcial=0, activo=true), RutaProgramadaParaAlgoritmo(idsVuelosEnOrden=[15], idPedidoAsociado=-1, cantidadTotalOParcial=0, activo=true), RutaProgramadaParaAlgoritmo(idsVuelosEnOrden=[14], idPedidoAsociado=-1, cantidadTotalOParcial=0, activo=true), RutaProgramadaParaAlgoritmo(idsVuelosEnOrden=[13], idPedidoAsociado=-1, cantidadTotalOParcial=0, activo=true), RutaProgramadaParaAlgoritmo(idsVuelosEnOrden=[185], idPedidoAsociado=-1, cantidadTotalOParcial=0, activo=true), RutaProgramadaParaAlgoritmo(idsVuelosEnOrden=[168, 273], idPedidoAsociado=-1, cantidadTotalOParcial=0, activo=true), RutaProgramadaParaAlgoritmo(idsVuelosEnOrden=[178, 273], idPedidoAsociado=-1, cantidadTotalOParcial=0, activo=true), RutaProgramadaParaAlgoritmo(idsVuelosEnOrden=[187, 116], idPedidoAsociado=-1, cantidadTotalOParcial=0, activo=true), RutaProgramadaParaAlgoritmo(idsVuelosEnOrden=[17, 116], idPedidoAsociado=-1, cantidadTotalOParcial=0, activo=true), RutaProgramadaParaAlgoritmo(idsVuelosEnOrden=[187, 136], idPedidoAsociado=-1, cantidadTotalOParcial=0, activo=true), RutaProgramadaParaAlgoritmo(idsVuelosEnOrden=[55], idPedidoAsociado=-1, cantidadTotalOParcial=0, activo=true), RutaProgramadaParaAlgoritmo(idsVuelosEnOrden=[187, 96], idPedidoAsociado=-1, cantidadTotalOParcial=0, activo=true), RutaProgramadaParaAlgoritmo(idsVuelosEnOrden=[17, 136], idPedidoAsociado=-1, cantidadTotalOParcial=0, activo=true), RutaProgramadaParaAlgoritmo(idsVuelosEnOrden=[184, 255], idPedidoAsociado=-1, cantidadTotalOParcial=0, activo=true), RutaProgramadaParaAlgoritmo(idsVuelosEnOrden=[37, 96], idPedidoAsociado=-1, cantidadTotalOParcial=0, activo=true), RutaProgramadaParaAlgoritmo(idsVuelosEnOrden=[174, 231, 273], idPedidoAsociado=-1, cantidadTotalOParcial=0, activo=true), RutaProgramadaParaAlgoritmo(idsVuelosEnOrden=[164, 231, 273], idPedidoAsociado=-1, cantidadTotalOParcial=0, activo=true), RutaProgramadaParaAlgoritmo(idsVuelosEnOrden=[17, 96], idPedidoAsociado=-1, cantidadTotalOParcial=0, activo=true), RutaProgramadaParaAlgoritmo(idsVuelosEnOrden=[8, 221, 273], idPedidoAsociado=-1, cantidadTotalOParcial=0, activo=true), RutaProgramadaParaAlgoritmo(idsVuelosEnOrden=[179, 221, 273], idPedidoAsociado=-1, cantidadTotalOParcial=0, activo=true), RutaProgramadaParaAlgoritmo(idsVuelosEnOrden=[169, 221, 273], idPedidoAsociado=-1, cantidadTotalOParcial=0, activo=true)]
[2025-09-30T22:43:17.091858] construccionGRASPParaUnaRuta: Máximo de intentos de rutas: 42
[2025-09-30T22:43:17.091924] construccionGRASPParaUnaRuta: Ruta seleccionada desde RCl, sus vuelos:
 14

[2025-09-30T22:43:17.09391] construccionGRASPParaUnaRuta: Pedidos que entraron a la RCL: 
PedidoParaAlgoritmo{id=1, idAlmacenDestino=17, pedidas=800, entregadas=0, programadas=0, restante=800}

[2025-09-30T22:43:17.093945] construccionGRASPParaUnaRuta: Máximo de intentos de pedidos: 2
[2025-09-30T22:43:17.093966] construccionGRASPParaUnaRuta: Pedido pretendiente para la ruta:  
PedidoParaAlgoritmo{id=1, idAlmacenDestino=17, pedidas=800, entregadas=0, programadas=0, restante=800}
[2025-09-30T22:43:17.096674] capacidadMaxAsignableEnRuta: Este es el primer almacén y es infinito, no lo simularé: AlmacenParaAlgoritmo{id=1, capacidadMaxima=1000000, capacidadOcupada=0, capacidadSinOcupar=1000000, nombrePais=Global, nombreCiudad=Global Hub City, esInfinito=true}
[2025-09-30T22:43:17.098004] 
capacidadMaxAsignableEnRuta: Simulación del almDestino en el instante 2025-10-02 05:00:00: AlmacenParaAlgoritmo{id=17, capacidadMaxima=440, capacidadOcupada=0, capacidadSinOcupar=440, nombrePais=Bélgica, nombreCiudad=Bruselas, esInfinito=false}
[2025-09-30T22:43:17.098053] capacidadMaxAsignableEnRuta: Encontré al último vuelo de ruta: VueloParaAlgoritmo{id=14, inicio=2025-10-02T04:00:00Z, fin=2025-10-02T05:00:00Z, idAlmacenOrigen=1, idAlmacenDestino=17, capacidadMaximaProductos=413, capacidadOcupadaProductos=0, capacidadSinOcupar=413, capacidadSinOcuparCalc=413}
[2025-09-30T22:43:17.098089] minimaCapacidadVuelos 413
[2025-09-30T22:43:17.098933] minDispAlmacenes 440
[2025-09-30T22:43:17.099002] Simulación del almacén destino hasta siguiente inicio: AlmacenParaAlgoritmo{id=17, capacidadMaxima=440, capacidadOcupada=413, capacidadSinOcupar=27, nombrePais=Bélgica, nombreCiudad=Bruselas, esInfinito=false}=0
[2025-09-30T22:43:17.099028] Asignable final: 413
[2025-09-30T22:43:17.099064] construccionGRASPParaUnaRuta: cantidad de prods a llevar DECIDIDA: 413
[2025-09-30T22:43:17.099106] construccionGRASPParaUnaRuta: La solución va luciendo así:
Lista de vuelos:[14] con capacidad máxima en vuelos y almacenes de: 413
[2025-09-30T22:43:17.099127] construccionGRASPParaUnaRuta: Ruta seleccionada lleva 413 productos. Retornando envío.
[2025-09-30T22:43:17.099143] construccionGRASPParaUnaRuta: esta fue la iteración en rcl de rutas N°0
[2025-09-30T22:43:17.099956] anadirRutaSolucion: Ocupar cantidad 413 en vuelo: VueloParaAlgoritmo{id=14, inicio=2025-10-02T04:00:00Z, fin=2025-10-02T05:00:00Z, idAlmacenOrigen=1, idAlmacenDestino=17, capacidadMaximaProductos=413, capacidadOcupadaProductos=413, capacidadSinOcupar=0, capacidadSinOcuparCalc=0} Pudo? true
[2025-09-30T22:43:17.099986] Ruta construida añadido a la solución: RutaProgramadaParaAlgoritmo(idsVuelosEnOrden=[14], idPedidoAsociado=1, cantidadTotalOParcial=413, activo=true)
[2025-09-30T22:43:17.100061] planificar: Iteración 1: quedan 1 pedidos pendientes
[2025-09-30T22:43:17.100069] Generando rutas candidatas (inicio)
[2025-09-30T22:43:17.102316] EstadoGlobalMutableProblemaPlanificacion: Rutas para pedidos pendientes, cantidad:25
[2025-09-30T22:43:17.102328] EstadoGlobalMutableProblemaPlanificacion: Ruta:
[2025-09-30T22:43:17.102349] Vuelo en ruta: VueloParaAlgoritmo{id=15, inicio=2025-10-02T04:12:00Z, fin=2025-10-02T04:30:00Z, idAlmacenOrigen=1, idAlmacenDestino=17, capacidadMaximaProductos=413, capacidadOcupadaProductos=0, capacidadSinOcupar=413, capacidadSinOcuparCalc=413}
[2025-09-30T22:43:17.102355] EstadoGlobalMutableProblemaPlanificacion: Ruta:
[2025-09-30T22:43:17.102371] Vuelo en ruta: VueloParaAlgoritmo{id=13, inicio=2025-10-02T05:00:00Z, fin=2025-10-02T06:00:00Z, idAlmacenOrigen=1, idAlmacenDestino=17, capacidadMaximaProductos=413, capacidadOcupadaProductos=0, capacidadSinOcupar=413, capacidadSinOcuparCalc=413}
[2025-09-30T22:43:17.102376] EstadoGlobalMutableProblemaPlanificacion: Ruta:
[2025-09-30T22:43:17.102387] Vuelo en ruta: VueloParaAlgoritmo{id=17, inicio=2025-10-02T03:28:23Z, fin=2025-10-02T16:05:56Z, idAlmacenOrigen=1, idAlmacenDestino=19, capacidadMaximaProductos=415, capacidadOcupadaProductos=0, capacidadSinOcupar=415, capacidadSinOcuparCalc=415}
[2025-09-30T22:43:17.102398] Vuelo en ruta: VueloParaAlgoritmo{id=116, inicio=2025-10-02T18:00:00Z, fin=2025-10-03T00:00:00Z, idAlmacenOrigen=19, idAlmacenDestino=17, capacidadMaximaProductos=494, capacidadOcupadaProductos=0, capacidadSinOcupar=494, capacidadSinOcuparCalc=494}
[2025-09-30T22:43:17.102402] EstadoGlobalMutableProblemaPlanificacion: Ruta:
[2025-09-30T22:43:17.102413] Vuelo en ruta: VueloParaAlgoritmo{id=17, inicio=2025-10-02T03:28:23Z, fin=2025-10-02T16:05:56Z, idAlmacenOrigen=1, idAlmacenDestino=19, capacidadMaximaProductos=415, capacidadOcupadaProductos=0, capacidadSinOcupar=415, capacidadSinOcuparCalc=415}
[2025-09-30T22:43:17.102427] Vuelo en ruta: VueloParaAlgoritmo{id=136, inicio=2025-10-03T14:00:00Z, fin=2025-10-03T20:00:00Z, idAlmacenOrigen=19, idAlmacenDestino=17, capacidadMaximaProductos=514, capacidadOcupadaProductos=0, capacidadSinOcupar=514, capacidadSinOcuparCalc=514}
[2025-09-30T22:43:17.102432] EstadoGlobalMutableProblemaPlanificacion: Ruta:
[2025-09-30T22:43:17.102442] Vuelo en ruta: VueloParaAlgoritmo{id=17, inicio=2025-10-02T03:28:23Z, fin=2025-10-02T16:05:56Z, idAlmacenOrigen=1, idAlmacenDestino=19, capacidadMaximaProductos=415, capacidadOcupadaProductos=0, capacidadSinOcupar=415, capacidadSinOcuparCalc=415}
[2025-09-30T22:43:17.102462] Vuelo en ruta: VueloParaAlgoritmo{id=96, inicio=2025-10-04T00:00:00Z, fin=2025-10-04T06:00:00Z, idAlmacenOrigen=19, idAlmacenDestino=17, capacidadMaximaProductos=474, capacidadOcupadaProductos=0, capacidadSinOcupar=474, capacidadSinOcuparCalc=474}
[2025-09-30T22:43:17.102467] EstadoGlobalMutableProblemaPlanificacion: Ruta:
[2025-09-30T22:43:17.102478] Vuelo en ruta: VueloParaAlgoritmo{id=168, inicio=2025-10-02T10:00:00Z, fin=2025-10-02T13:00:00Z, idAlmacenOrigen=1, idAlmacenDestino=11, capacidadMaximaProductos=600, capacidadOcupadaProductos=0, capacidadSinOcupar=600, capacidadSinOcuparCalc=600}
[2025-09-30T22:43:17.102496] Vuelo en ruta: VueloParaAlgoritmo{id=273, inicio=2025-10-02T20:00:00Z, fin=2025-10-03T06:00:00Z, idAlmacenOrigen=11, idAlmacenDestino=17, capacidadMaximaProductos=520, capacidadOcupadaProductos=0, capacidadSinOcupar=520, capacidadSinOcuparCalc=520}
[2025-09-30T22:43:17.1025] EstadoGlobalMutableProblemaPlanificacion: Ruta:
[2025-09-30T22:43:17.102511] Vuelo en ruta: VueloParaAlgoritmo{id=8, inicio=2025-10-02T05:10:11Z, fin=2025-10-02T12:59:32Z, idAlmacenOrigen=1, idAlmacenDestino=12, capacidadMaximaProductos=408, capacidadOcupadaProductos=0, capacidadSinOcupar=408, capacidadSinOcuparCalc=408}
[2025-09-30T22:43:17.102522] Vuelo en ruta: VueloParaAlgoritmo{id=221, inicio=2025-10-02T15:00:00Z, fin=2025-10-02T18:00:00Z, idAlmacenOrigen=12, idAlmacenDestino=11, capacidadMaximaProductos=400, capacidadOcupadaProductos=0, capacidadSinOcupar=400, capacidadSinOcuparCalc=400}
[2025-09-30T22:43:17.102531] Vuelo en ruta: VueloParaAlgoritmo{id=273, inicio=2025-10-02T20:00:00Z, fin=2025-10-03T06:00:00Z, idAlmacenOrigen=11, idAlmacenDestino=17, capacidadMaximaProductos=520, capacidadOcupadaProductos=0, capacidadSinOcupar=520, capacidadSinOcuparCalc=520}
[2025-09-30T22:43:17.102536] EstadoGlobalMutableProblemaPlanificacion: Ruta:
[2025-09-30T22:43:17.102546] Vuelo en ruta: VueloParaAlgoritmo{id=164, inicio=2025-10-02T06:00:00Z, fin=2025-10-02T08:00:00Z, idAlmacenOrigen=1, idAlmacenDestino=5, capacidadMaximaProductos=520, capacidadOcupadaProductos=0, capacidadSinOcupar=520, capacidadSinOcuparCalc=520}
[2025-09-30T22:43:17.102561] Vuelo en ruta: VueloParaAlgoritmo{id=231, inicio=2025-10-02T13:00:00Z, fin=2025-10-02T18:00:00Z, idAlmacenOrigen=5, idAlmacenDestino=11, capacidadMaximaProductos=420, capacidadOcupadaProductos=0, capacidadSinOcupar=420, capacidadSinOcuparCalc=420}
[2025-09-30T22:43:17.102571] Vuelo en ruta: VueloParaAlgoritmo{id=273, inicio=2025-10-02T20:00:00Z, fin=2025-10-03T06:00:00Z, idAlmacenOrigen=11, idAlmacenDestino=17, capacidadMaximaProductos=520, capacidadOcupadaProductos=0, capacidadSinOcupar=520, capacidadSinOcuparCalc=520}
[2025-09-30T22:43:17.102582] EstadoGlobalMutableProblemaPlanificacion: Ruta:
[2025-09-30T22:43:17.102592] Vuelo en ruta: VueloParaAlgoritmo{id=169, inicio=2025-10-02T11:00:00Z, fin=2025-10-02T14:00:00Z, idAlmacenOrigen=1, idAlmacenDestino=12, capacidadMaximaProductos=580, capacidadOcupadaProductos=0, capacidadSinOcupar=580, capacidadSinOcuparCalc=580}
[2025-09-30T22:43:17.102601] Vuelo en ruta: VueloParaAlgoritmo{id=221, inicio=2025-10-02T15:00:00Z, fin=2025-10-02T18:00:00Z, idAlmacenOrigen=12, idAlmacenDestino=11, capacidadMaximaProductos=400, capacidadOcupadaProductos=0, capacidadSinOcupar=400, capacidadSinOcuparCalc=400}
[2025-09-30T22:43:17.102615] Vuelo en ruta: VueloParaAlgoritmo{id=273, inicio=2025-10-02T20:00:00Z, fin=2025-10-03T06:00:00Z, idAlmacenOrigen=11, idAlmacenDestino=17, capacidadMaximaProductos=520, capacidadOcupadaProductos=0, capacidadSinOcupar=520, capacidadSinOcuparCalc=520}
[2025-09-30T22:43:17.10262] EstadoGlobalMutableProblemaPlanificacion: Ruta:
[2025-09-30T22:43:17.102631] Vuelo en ruta: VueloParaAlgoritmo{id=164, inicio=2025-10-02T06:00:00Z, fin=2025-10-02T08:00:00Z, idAlmacenOrigen=1, idAlmacenDestino=5, capacidadMaximaProductos=520, capacidadOcupadaProductos=0, capacidadSinOcupar=520, capacidadSinOcuparCalc=520}
[2025-09-30T22:43:17.10264] Vuelo en ruta: VueloParaAlgoritmo{id=232, inicio=2025-10-02T08:00:00Z, fin=2025-10-02T14:00:00Z, idAlmacenOrigen=5, idAlmacenDestino=12, capacidadMaximaProductos=420, capacidadOcupadaProductos=0, capacidadSinOcupar=420, capacidadSinOcuparCalc=420}
[2025-09-30T22:43:17.102651] Vuelo en ruta: VueloParaAlgoritmo{id=221, inicio=2025-10-02T15:00:00Z, fin=2025-10-02T18:00:00Z, idAlmacenOrigen=12, idAlmacenDestino=11, capacidadMaximaProductos=400, capacidadOcupadaProductos=0, capacidadSinOcupar=400, capacidadSinOcuparCalc=400}
[2025-09-30T22:43:17.10266] Vuelo en ruta: VueloParaAlgoritmo{id=273, inicio=2025-10-02T20:00:00Z, fin=2025-10-03T06:00:00Z, idAlmacenOrigen=11, idAlmacenDestino=17, capacidadMaximaProductos=520, capacidadOcupadaProductos=0, capacidadSinOcupar=520, capacidadSinOcuparCalc=520}
[2025-09-30T22:43:17.102665] EstadoGlobalMutableProblemaPlanificacion: Ruta:
[2025-09-30T22:43:17.102683] Vuelo en ruta: VueloParaAlgoritmo{id=165, inicio=2025-10-02T07:00:00Z, fin=2025-10-02T09:00:00Z, idAlmacenOrigen=1, idAlmacenDestino=6, capacidadMaximaProductos=500, capacidadOcupadaProductos=0, capacidadSinOcupar=500, capacidadSinOcuparCalc=500}
[2025-09-30T22:43:17.102693] Vuelo en ruta: VueloParaAlgoritmo{id=211, inicio=2025-10-02T09:00:00Z, fin=2025-10-02T11:00:00Z, idAlmacenOrigen=6, idAlmacenDestino=5, capacidadMaximaProductos=380, capacidadOcupadaProductos=0, capacidadSinOcupar=380, capacidadSinOcuparCalc=380}
[2025-09-30T22:43:17.102704] Vuelo en ruta: VueloParaAlgoritmo{id=231, inicio=2025-10-02T13:00:00Z, fin=2025-10-02T18:00:00Z, idAlmacenOrigen=5, idAlmacenDestino=11, capacidadMaximaProductos=420, capacidadOcupadaProductos=0, capacidadSinOcupar=420, capacidadSinOcuparCalc=420}
[2025-09-30T22:43:17.102713] Vuelo en ruta: VueloParaAlgoritmo{id=273, inicio=2025-10-02T20:00:00Z, fin=2025-10-03T06:00:00Z, idAlmacenOrigen=11, idAlmacenDestino=17, capacidadMaximaProductos=520, capacidadOcupadaProductos=0, capacidadSinOcupar=520, capacidadSinOcuparCalc=520}
[2025-09-30T22:43:17.102718] EstadoGlobalMutableProblemaPlanificacion: Ruta:
[2025-09-30T22:43:17.102728] Vuelo en ruta: VueloParaAlgoritmo{id=182, inicio=2025-10-02T14:00:00Z, fin=2025-10-03T17:00:00Z, idAlmacenOrigen=2, idAlmacenDestino=17, capacidadMaximaProductos=560, capacidadOcupadaProductos=0, capacidadSinOcupar=560, capacidadSinOcuparCalc=560}
[2025-09-30T22:43:17.102737] EstadoGlobalMutableProblemaPlanificacion: Ruta:
[2025-09-30T22:43:17.102748] Vuelo en ruta: VueloParaAlgoritmo{id=35, inicio=2025-10-04T07:32:05Z, fin=2025-10-06T01:58:01Z, idAlmacenOrigen=2, idAlmacenDestino=17, capacidadMaximaProductos=433, capacidadOcupadaProductos=0, capacidadSinOcupar=433, capacidadSinOcuparCalc=433}
[2025-09-30T22:43:17.102753] EstadoGlobalMutableProblemaPlanificacion: Ruta:
[2025-09-30T22:43:17.102763] Vuelo en ruta: VueloParaAlgoritmo{id=178, inicio=2025-10-02T10:00:00Z, fin=2025-10-02T14:00:00Z, idAlmacenOrigen=2, idAlmacenDestino=11, capacidadMaximaProductos=600, capacidadOcupadaProductos=0, capacidadSinOcupar=600, capacidadSinOcuparCalc=600}
[2025-09-30T22:43:17.102772] Vuelo en ruta: VueloParaAlgoritmo{id=273, inicio=2025-10-02T20:00:00Z, fin=2025-10-03T06:00:00Z, idAlmacenOrigen=11, idAlmacenDestino=17, capacidadMaximaProductos=520, capacidadOcupadaProductos=0, capacidadSinOcupar=520, capacidadSinOcuparCalc=520}
[2025-09-30T22:43:17.102777] EstadoGlobalMutableProblemaPlanificacion: Ruta:
[2025-09-30T22:43:17.102791] Vuelo en ruta: VueloParaAlgoritmo{id=37, inicio=2025-10-03T07:29:51Z, fin=2025-10-03T20:01:59Z, idAlmacenOrigen=2, idAlmacenDestino=19, capacidadMaximaProductos=435, capacidadOcupadaProductos=0, capacidadSinOcupar=435, capacidadSinOcuparCalc=435}
[2025-09-30T22:43:17.102801] Vuelo en ruta: VueloParaAlgoritmo{id=96, inicio=2025-10-04T00:00:00Z, fin=2025-10-04T06:00:00Z, idAlmacenOrigen=19, idAlmacenDestino=17, capacidadMaximaProductos=474, capacidadOcupadaProductos=0, capacidadSinOcupar=474, capacidadSinOcuparCalc=474}
[2025-09-30T22:43:17.102805] EstadoGlobalMutableProblemaPlanificacion: Ruta:
[2025-09-30T22:43:17.102843] Vuelo en ruta: VueloParaAlgoritmo{id=174, inicio=2025-10-02T06:00:00Z, fin=2025-10-02T10:00:00Z, idAlmacenOrigen=2, idAlmacenDestino=5, capacidadMaximaProductos=520, capacidadOcupadaProductos=0, capacidadSinOcupar=520, capacidadSinOcuparCalc=520}
[2025-09-30T22:43:17.102859] Vuelo en ruta: VueloParaAlgoritmo{id=231, inicio=2025-10-02T13:00:00Z, fin=2025-10-02T18:00:00Z, idAlmacenOrigen=5, idAlmacenDestino=11, capacidadMaximaProductos=420, capacidadOcupadaProductos=0, capacidadSinOcupar=420, capacidadSinOcuparCalc=420}
[2025-09-30T22:43:17.102869] Vuelo en ruta: VueloParaAlgoritmo{id=273, inicio=2025-10-02T20:00:00Z, fin=2025-10-03T06:00:00Z, idAlmacenOrigen=11, idAlmacenDestino=17, capacidadMaximaProductos=520, capacidadOcupadaProductos=0, capacidadSinOcupar=520, capacidadSinOcuparCalc=520}
[2025-09-30T22:43:17.102877] EstadoGlobalMutableProblemaPlanificacion: Ruta:
[2025-09-30T22:43:17.102893] Vuelo en ruta: VueloParaAlgoritmo{id=179, inicio=2025-10-02T11:00:00Z, fin=2025-10-02T15:00:00Z, idAlmacenOrigen=2, idAlmacenDestino=12, capacidadMaximaProductos=580, capacidadOcupadaProductos=0, capacidadSinOcupar=580, capacidadSinOcuparCalc=580}
[2025-09-30T22:43:17.102903] Vuelo en ruta: VueloParaAlgoritmo{id=221, inicio=2025-10-02T15:00:00Z, fin=2025-10-02T18:00:00Z, idAlmacenOrigen=12, idAlmacenDestino=11, capacidadMaximaProductos=400, capacidadOcupadaProductos=0, capacidadSinOcupar=400, capacidadSinOcuparCalc=400}
[2025-09-30T22:43:17.102912] Vuelo en ruta: VueloParaAlgoritmo{id=273, inicio=2025-10-02T20:00:00Z, fin=2025-10-03T06:00:00Z, idAlmacenOrigen=11, idAlmacenDestino=17, capacidadMaximaProductos=520, capacidadOcupadaProductos=0, capacidadSinOcupar=520, capacidadSinOcuparCalc=520}
[2025-09-30T22:43:17.102916] EstadoGlobalMutableProblemaPlanificacion: Ruta:
[2025-09-30T22:43:17.102926] Vuelo en ruta: VueloParaAlgoritmo{id=185, inicio=2025-10-02T07:00:00Z, fin=2025-10-03T03:00:00Z, idAlmacenOrigen=3, idAlmacenDestino=17, capacidadMaximaProductos=440, capacidadOcupadaProductos=0, capacidadSinOcupar=440, capacidadSinOcuparCalc=440}
[2025-09-30T22:43:17.10293] EstadoGlobalMutableProblemaPlanificacion: Ruta:
[2025-09-30T22:43:17.102943] Vuelo en ruta: VueloParaAlgoritmo{id=55, inicio=2025-10-04T10:00:00Z, fin=2025-10-04T17:00:00Z, idAlmacenOrigen=3, idAlmacenDestino=17, capacidadMaximaProductos=453, capacidadOcupadaProductos=0, capacidadSinOcupar=453, capacidadSinOcuparCalc=453}
[2025-09-30T22:43:17.102947] EstadoGlobalMutableProblemaPlanificacion: Ruta:
[2025-09-30T22:43:17.102957] Vuelo en ruta: VueloParaAlgoritmo{id=184, inicio=2025-10-02T06:00:00Z, fin=2025-10-02T08:00:00Z, idAlmacenOrigen=3, idAlmacenDestino=16, capacidadMaximaProductos=460, capacidadOcupadaProductos=0, capacidadSinOcupar=460, capacidadSinOcuparCalc=460}
[2025-09-30T22:43:17.102966] Vuelo en ruta: VueloParaAlgoritmo{id=255, inicio=2025-10-02T14:00:00Z, fin=2025-10-02T21:00:00Z, idAlmacenOrigen=16, idAlmacenDestino=17, capacidadMaximaProductos=320, capacidadOcupadaProductos=0, capacidadSinOcupar=320, capacidadSinOcuparCalc=320}
[2025-09-30T22:43:17.10297] EstadoGlobalMutableProblemaPlanificacion: Ruta:
[2025-09-30T22:43:17.102979] Vuelo en ruta: VueloParaAlgoritmo{id=187, inicio=2025-10-02T09:00:00Z, fin=2025-10-02T11:00:00Z, idAlmacenOrigen=3, idAlmacenDestino=19, capacidadMaximaProductos=460, capacidadOcupadaProductos=0, capacidadSinOcupar=460, capacidadSinOcuparCalc=460}
[2025-09-30T22:43:17.102989] Vuelo en ruta: VueloParaAlgoritmo{id=116, inicio=2025-10-02T18:00:00Z, fin=2025-10-03T00:00:00Z, idAlmacenOrigen=19, idAlmacenDestino=17, capacidadMaximaProductos=494, capacidadOcupadaProductos=0, capacidadSinOcupar=494, capacidadSinOcuparCalc=494}
[2025-09-30T22:43:17.102993] EstadoGlobalMutableProblemaPlanificacion: Ruta:
[2025-09-30T22:43:17.103002] Vuelo en ruta: VueloParaAlgoritmo{id=187, inicio=2025-10-02T09:00:00Z, fin=2025-10-02T11:00:00Z, idAlmacenOrigen=3, idAlmacenDestino=19, capacidadMaximaProductos=460, capacidadOcupadaProductos=0, capacidadSinOcupar=460, capacidadSinOcuparCalc=460}
[2025-09-30T22:43:17.103011] Vuelo en ruta: VueloParaAlgoritmo{id=136, inicio=2025-10-03T14:00:00Z, fin=2025-10-03T20:00:00Z, idAlmacenOrigen=19, idAlmacenDestino=17, capacidadMaximaProductos=514, capacidadOcupadaProductos=0, capacidadSinOcupar=514, capacidadSinOcuparCalc=514}
[2025-09-30T22:43:17.103016] EstadoGlobalMutableProblemaPlanificacion: Ruta:
[2025-09-30T22:43:17.103025] Vuelo en ruta: VueloParaAlgoritmo{id=187, inicio=2025-10-02T09:00:00Z, fin=2025-10-02T11:00:00Z, idAlmacenOrigen=3, idAlmacenDestino=19, capacidadMaximaProductos=460, capacidadOcupadaProductos=0, capacidadSinOcupar=460, capacidadSinOcuparCalc=460}
[2025-09-30T22:43:17.103034] Vuelo en ruta: VueloParaAlgoritmo{id=96, inicio=2025-10-04T00:00:00Z, fin=2025-10-04T06:00:00Z, idAlmacenOrigen=19, idAlmacenDestino=17, capacidadMaximaProductos=474, capacidadOcupadaProductos=0, capacidadSinOcupar=474, capacidadSinOcuparCalc=474}
[2025-09-30T22:43:17.103038] EstadoGlobalMutableProblemaPlanificacion: Ruta:
[2025-09-30T22:43:17.103047] Vuelo en ruta: VueloParaAlgoritmo{id=183, inicio=2025-10-02T05:00:00Z, fin=2025-10-02T07:00:00Z, idAlmacenOrigen=3, idAlmacenDestino=15, capacidadMaximaProductos=420, capacidadOcupadaProductos=0, capacidadSinOcupar=420, capacidadSinOcuparCalc=420}
[2025-09-30T22:43:17.103055] Vuelo en ruta: VueloParaAlgoritmo{id=253, inicio=2025-10-02T12:00:00Z, fin=2025-10-02T14:00:00Z, idAlmacenOrigen=15, idAlmacenDestino=19, capacidadMaximaProductos=320, capacidadOcupadaProductos=0, capacidadSinOcupar=320, capacidadSinOcuparCalc=320}
[2025-09-30T22:43:17.103064] Vuelo en ruta: VueloParaAlgoritmo{id=116, inicio=2025-10-02T18:00:00Z, fin=2025-10-03T00:00:00Z, idAlmacenOrigen=19, idAlmacenDestino=17, capacidadMaximaProductos=494, capacidadOcupadaProductos=0, capacidadSinOcupar=494, capacidadSinOcuparCalc=494}
[2025-09-30T22:43:17.103068] EstadoGlobalMutableProblemaPlanificacion: Ruta:
[2025-09-30T22:43:17.103076] Vuelo en ruta: VueloParaAlgoritmo{id=183, inicio=2025-10-02T05:00:00Z, fin=2025-10-02T07:00:00Z, idAlmacenOrigen=3, idAlmacenDestino=15, capacidadMaximaProductos=420, capacidadOcupadaProductos=0, capacidadSinOcupar=420, capacidadSinOcuparCalc=420}
[2025-09-30T22:43:17.103091] Vuelo en ruta: VueloParaAlgoritmo{id=253, inicio=2025-10-02T12:00:00Z, fin=2025-10-02T14:00:00Z, idAlmacenOrigen=15, idAlmacenDestino=19, capacidadMaximaProductos=320, capacidadOcupadaProductos=0, capacidadSinOcupar=320, capacidadSinOcuparCalc=320}
[2025-09-30T22:43:17.103099] Vuelo en ruta: VueloParaAlgoritmo{id=136, inicio=2025-10-03T14:00:00Z, fin=2025-10-03T20:00:00Z, idAlmacenOrigen=19, idAlmacenDestino=17, capacidadMaximaProductos=514, capacidadOcupadaProductos=0, capacidadSinOcupar=514, capacidadSinOcuparCalc=514}
[2025-09-30T22:43:17.103388] construccionGRASPParaUnaRuta: Rutas que entraron a la RCL:  
[RutaProgramadaParaAlgoritmo(idsVuelosEnOrden=[182], idPedidoAsociado=-1, cantidadTotalOParcial=0, activo=true), RutaProgramadaParaAlgoritmo(idsVuelosEnOrden=[15], idPedidoAsociado=-1, cantidadTotalOParcial=0, activo=true), RutaProgramadaParaAlgoritmo(idsVuelosEnOrden=[13], idPedidoAsociado=-1, cantidadTotalOParcial=0, activo=true), RutaProgramadaParaAlgoritmo(idsVuelosEnOrden=[185], idPedidoAsociado=-1, cantidadTotalOParcial=0, activo=true), RutaProgramadaParaAlgoritmo(idsVuelosEnOrden=[168, 273], idPedidoAsociado=-1, cantidadTotalOParcial=0, activo=true), RutaProgramadaParaAlgoritmo(idsVuelosEnOrden=[178, 273], idPedidoAsociado=-1, cantidadTotalOParcial=0, activo=true), RutaProgramadaParaAlgoritmo(idsVuelosEnOrden=[187, 116], idPedidoAsociado=-1, cantidadTotalOParcial=0, activo=true), RutaProgramadaParaAlgoritmo(idsVuelosEnOrden=[17, 116], idPedidoAsociado=-1, cantidadTotalOParcial=0, activo=true), RutaProgramadaParaAlgoritmo(idsVuelosEnOrden=[187, 136], idPedidoAsociado=-1, cantidadTotalOParcial=0, activo=true), RutaProgramadaParaAlgoritmo(idsVuelosEnOrden=[55], idPedidoAsociado=-1, cantidadTotalOParcial=0, activo=true), RutaProgramadaParaAlgoritmo(idsVuelosEnOrden=[187, 96], idPedidoAsociado=-1, cantidadTotalOParcial=0, activo=true), RutaProgramadaParaAlgoritmo(idsVuelosEnOrden=[17, 136], idPedidoAsociado=-1, cantidadTotalOParcial=0, activo=true), RutaProgramadaParaAlgoritmo(idsVuelosEnOrden=[184, 255], idPedidoAsociado=-1, cantidadTotalOParcial=0, activo=true), RutaProgramadaParaAlgoritmo(idsVuelosEnOrden=[37, 96], idPedidoAsociado=-1, cantidadTotalOParcial=0, activo=true), RutaProgramadaParaAlgoritmo(idsVuelosEnOrden=[174, 231, 273], idPedidoAsociado=-1, cantidadTotalOParcial=0, activo=true), RutaProgramadaParaAlgoritmo(idsVuelosEnOrden=[164, 231, 273], idPedidoAsociado=-1, cantidadTotalOParcial=0, activo=true), RutaProgramadaParaAlgoritmo(idsVuelosEnOrden=[17, 96], idPedidoAsociado=-1, cantidadTotalOParcial=0, activo=true), RutaProgramadaParaAlgoritmo(idsVuelosEnOrden=[8, 221, 273], idPedidoAsociado=-1, cantidadTotalOParcial=0, activo=true), RutaProgramadaParaAlgoritmo(idsVuelosEnOrden=[179, 221, 273], idPedidoAsociado=-1, cantidadTotalOParcial=0, activo=true), RutaProgramadaParaAlgoritmo(idsVuelosEnOrden=[169, 221, 273], idPedidoAsociado=-1, cantidadTotalOParcial=0, activo=true)]
[2025-09-30T22:43:17.103417] construccionGRASPParaUnaRuta: Máximo de intentos de rutas: 40
[2025-09-30T22:43:17.103427] construccionGRASPParaUnaRuta: Ruta seleccionada desde RCl, sus vuelos:
 182

[2025-09-30T22:43:17.103474] construccionGRASPParaUnaRuta: Pedidos que entraron a la RCL: 
PedidoParaAlgoritmo{id=1, idAlmacenDestino=17, pedidas=800, entregadas=0, programadas=413, restante=387}

[2025-09-30T22:43:17.103483] construccionGRASPParaUnaRuta: Máximo de intentos de pedidos: 2
[2025-09-30T22:43:17.10349] construccionGRASPParaUnaRuta: Pedido pretendiente para la ruta:  
PedidoParaAlgoritmo{id=1, idAlmacenDestino=17, pedidas=800, entregadas=0, programadas=413, restante=387}
[2025-09-30T22:43:17.103519] capacidadMaxAsignableEnRuta: Este es el primer almacén y es infinito, no lo simularé: AlmacenParaAlgoritmo{id=2, capacidadMaxima=1000000, capacidadOcupada=0, capacidadSinOcupar=1000000, nombrePais=Universal, nombreCiudad=Mega Global Hub, esInfinito=true}
[2025-09-30T22:43:17.103552] 
capacidadMaxAsignableEnRuta: Simulación del almDestino en el instante 2025-10-03 17:00:00: AlmacenParaAlgoritmo{id=17, capacidadMaxima=440, capacidadOcupada=0, capacidadSinOcupar=440, nombrePais=Bélgica, nombreCiudad=Bruselas, esInfinito=false}
[2025-09-30T22:43:17.103564] capacidadMaxAsignableEnRuta: Encontré al último vuelo de ruta: VueloParaAlgoritmo{id=182, inicio=2025-10-02T14:00:00Z, fin=2025-10-03T17:00:00Z, idAlmacenOrigen=2, idAlmacenDestino=17, capacidadMaximaProductos=560, capacidadOcupadaProductos=0, capacidadSinOcupar=560, capacidadSinOcuparCalc=560}
[2025-09-30T22:43:17.103568] minimaCapacidadVuelos 560
[2025-09-30T22:43:17.103583] minDispAlmacenes 440
[2025-09-30T22:43:17.103602] Simulación del almacén destino hasta siguiente inicio: AlmacenParaAlgoritmo{id=17, capacidadMaxima=440, capacidadOcupada=413, capacidadSinOcupar=27, nombrePais=Bélgica, nombreCiudad=Bruselas, esInfinito=false}=386
[2025-09-30T22:43:17.103626] El almacén colapsaría con una diferencia de: 386
[2025-09-30T22:43:17.103642] maxDiferenciaColapso 386
[2025-09-30T22:43:17.103646] Asignable final: 1
[2025-09-30T22:43:17.10365] construccionGRASPParaUnaRuta: cantidad de prods a llevar DECIDIDA: 1
[2025-09-30T22:43:17.103659] construccionGRASPParaUnaRuta: La solución va luciendo así:
Lista de vuelos:[182] con capacidad máxima en vuelos y almacenes de: 1
[2025-09-30T22:43:17.103664] construccionGRASPParaUnaRuta: Ruta seleccionada lleva 1 productos. Retornando envío.
[2025-09-30T22:43:17.103667] construccionGRASPParaUnaRuta: esta fue la iteración en rcl de rutas N°0
[2025-09-30T22:43:17.103686] anadirRutaSolucion: Ocupar cantidad 1 en vuelo: VueloParaAlgoritmo{id=182, inicio=2025-10-02T14:00:00Z, fin=2025-10-03T17:00:00Z, idAlmacenOrigen=2, idAlmacenDestino=17, capacidadMaximaProductos=560, capacidadOcupadaProductos=1, capacidadSinOcupar=559, capacidadSinOcuparCalc=559} Pudo? true
[2025-09-30T22:43:17.103693] Ruta construida añadido a la solución: RutaProgramadaParaAlgoritmo(idsVuelosEnOrden=[182], idPedidoAsociado=1, cantidadTotalOParcial=1, activo=true)
[2025-09-30T22:43:17.10373] planificar: Iteración 2: quedan 1 pedidos pendientes
[2025-09-30T22:43:17.103734] Generando rutas candidatas (inicio)
[2025-09-30T22:43:17.105924] EstadoGlobalMutableProblemaPlanificacion: Rutas para pedidos pendientes, cantidad:25
[2025-09-30T22:43:17.105944] EstadoGlobalMutableProblemaPlanificacion: Ruta:
[2025-09-30T22:43:17.105964] Vuelo en ruta: VueloParaAlgoritmo{id=15, inicio=2025-10-02T04:12:00Z, fin=2025-10-02T04:30:00Z, idAlmacenOrigen=1, idAlmacenDestino=17, capacidadMaximaProductos=413, capacidadOcupadaProductos=0, capacidadSinOcupar=413, capacidadSinOcuparCalc=413}
[2025-09-30T22:43:17.105969] EstadoGlobalMutableProblemaPlanificacion: Ruta:
[2025-09-30T22:43:17.10598] Vuelo en ruta: VueloParaAlgoritmo{id=13, inicio=2025-10-02T05:00:00Z, fin=2025-10-02T06:00:00Z, idAlmacenOrigen=1, idAlmacenDestino=17, capacidadMaximaProductos=413, capacidadOcupadaProductos=0, capacidadSinOcupar=413, capacidadSinOcuparCalc=413}
[2025-09-30T22:43:17.105985] EstadoGlobalMutableProblemaPlanificacion: Ruta:
[2025-09-30T22:43:17.105995] Vuelo en ruta: VueloParaAlgoritmo{id=17, inicio=2025-10-02T03:28:23Z, fin=2025-10-02T16:05:56Z, idAlmacenOrigen=1, idAlmacenDestino=19, capacidadMaximaProductos=415, capacidadOcupadaProductos=0, capacidadSinOcupar=415, capacidadSinOcuparCalc=415}
[2025-09-30T22:43:17.106003] Vuelo en ruta: VueloParaAlgoritmo{id=116, inicio=2025-10-02T18:00:00Z, fin=2025-10-03T00:00:00Z, idAlmacenOrigen=19, idAlmacenDestino=17, capacidadMaximaProductos=494, capacidadOcupadaProductos=0, capacidadSinOcupar=494, capacidadSinOcuparCalc=494}
[2025-09-30T22:43:17.106012] EstadoGlobalMutableProblemaPlanificacion: Ruta:
[2025-09-30T22:43:17.10602] Vuelo en ruta: VueloParaAlgoritmo{id=17, inicio=2025-10-02T03:28:23Z, fin=2025-10-02T16:05:56Z, idAlmacenOrigen=1, idAlmacenDestino=19, capacidadMaximaProductos=415, capacidadOcupadaProductos=0, capacidadSinOcupar=415, capacidadSinOcuparCalc=415}
[2025-09-30T22:43:17.106028] Vuelo en ruta: VueloParaAlgoritmo{id=136, inicio=2025-10-03T14:00:00Z, fin=2025-10-03T20:00:00Z, idAlmacenOrigen=19, idAlmacenDestino=17, capacidadMaximaProductos=514, capacidadOcupadaProductos=0, capacidadSinOcupar=514, capacidadSinOcuparCalc=514}
[2025-09-30T22:43:17.106032] EstadoGlobalMutableProblemaPlanificacion: Ruta:
[2025-09-30T22:43:17.10604] Vuelo en ruta: VueloParaAlgoritmo{id=17, inicio=2025-10-02T03:28:23Z, fin=2025-10-02T16:05:56Z, idAlmacenOrigen=1, idAlmacenDestino=19, capacidadMaximaProductos=415, capacidadOcupadaProductos=0, capacidadSinOcupar=415, capacidadSinOcuparCalc=415}
[2025-09-30T22:43:17.106047] Vuelo en ruta: VueloParaAlgoritmo{id=96, inicio=2025-10-04T00:00:00Z, fin=2025-10-04T06:00:00Z, idAlmacenOrigen=19, idAlmacenDestino=17, capacidadMaximaProductos=474, capacidadOcupadaProductos=0, capacidadSinOcupar=474, capacidadSinOcuparCalc=474}
[2025-09-30T22:43:17.106051] EstadoGlobalMutableProblemaPlanificacion: Ruta:
[2025-09-30T22:43:17.106064] Vuelo en ruta: VueloParaAlgoritmo{id=168, inicio=2025-10-02T10:00:00Z, fin=2025-10-02T13:00:00Z, idAlmacenOrigen=1, idAlmacenDestino=11, capacidadMaximaProductos=600, capacidadOcupadaProductos=0, capacidadSinOcupar=600, capacidadSinOcuparCalc=600}
[2025-09-30T22:43:17.106072] Vuelo en ruta: VueloParaAlgoritmo{id=273, inicio=2025-10-02T20:00:00Z, fin=2025-10-03T06:00:00Z, idAlmacenOrigen=11, idAlmacenDestino=17, capacidadMaximaProductos=520, capacidadOcupadaProductos=0, capacidadSinOcupar=520, capacidadSinOcuparCalc=520}
[2025-09-30T22:43:17.106076] EstadoGlobalMutableProblemaPlanificacion: Ruta:
[2025-09-30T22:43:17.106084] Vuelo en ruta: VueloParaAlgoritmo{id=8, inicio=2025-10-02T05:10:11Z, fin=2025-10-02T12:59:32Z, idAlmacenOrigen=1, idAlmacenDestino=12, capacidadMaximaProductos=408, capacidadOcupadaProductos=0, capacidadSinOcupar=408, capacidadSinOcuparCalc=408}
[2025-09-30T22:43:17.106091] Vuelo en ruta: VueloParaAlgoritmo{id=221, inicio=2025-10-02T15:00:00Z, fin=2025-10-02T18:00:00Z, idAlmacenOrigen=12, idAlmacenDestino=11, capacidadMaximaProductos=400, capacidadOcupadaProductos=0, capacidadSinOcupar=400, capacidadSinOcuparCalc=400}
[2025-09-30T22:43:17.106103] Vuelo en ruta: VueloParaAlgoritmo{id=273, inicio=2025-10-02T20:00:00Z, fin=2025-10-03T06:00:00Z, idAlmacenOrigen=11, idAlmacenDestino=17, capacidadMaximaProductos=520, capacidadOcupadaProductos=0, capacidadSinOcupar=520, capacidadSinOcuparCalc=520}
[2025-09-30T22:43:17.106107] EstadoGlobalMutableProblemaPlanificacion: Ruta:
[2025-09-30T22:43:17.106126] Vuelo en ruta: VueloParaAlgoritmo{id=164, inicio=2025-10-02T06:00:00Z, fin=2025-10-02T08:00:00Z, idAlmacenOrigen=1, idAlmacenDestino=5, capacidadMaximaProductos=520, capacidadOcupadaProductos=0, capacidadSinOcupar=520, capacidadSinOcuparCalc=520}
[2025-09-30T22:43:17.106134] Vuelo en ruta: VueloParaAlgoritmo{id=231, inicio=2025-10-02T13:00:00Z, fin=2025-10-02T18:00:00Z, idAlmacenOrigen=5, idAlmacenDestino=11, capacidadMaximaProductos=420, capacidadOcupadaProductos=0, capacidadSinOcupar=420, capacidadSinOcuparCalc=420}
[2025-09-30T22:43:17.106143] Vuelo en ruta: VueloParaAlgoritmo{id=273, inicio=2025-10-02T20:00:00Z, fin=2025-10-03T06:00:00Z, idAlmacenOrigen=11, idAlmacenDestino=17, capacidadMaximaProductos=520, capacidadOcupadaProductos=0, capacidadSinOcupar=520, capacidadSinOcuparCalc=520}
[2025-09-30T22:43:17.106146] EstadoGlobalMutableProblemaPlanificacion: Ruta:
[2025-09-30T22:43:17.106154] Vuelo en ruta: VueloParaAlgoritmo{id=169, inicio=2025-10-02T11:00:00Z, fin=2025-10-02T14:00:00Z, idAlmacenOrigen=1, idAlmacenDestino=12, capacidadMaximaProductos=580, capacidadOcupadaProductos=0, capacidadSinOcupar=580, capacidadSinOcuparCalc=580}
[2025-09-30T22:43:17.106171] Vuelo en ruta: VueloParaAlgoritmo{id=221, inicio=2025-10-02T15:00:00Z, fin=2025-10-02T18:00:00Z, idAlmacenOrigen=12, idAlmacenDestino=11, capacidadMaximaProductos=400, capacidadOcupadaProductos=0, capacidadSinOcupar=400, capacidadSinOcuparCalc=400}
[2025-09-30T22:43:17.106179] Vuelo en ruta: VueloParaAlgoritmo{id=273, inicio=2025-10-02T20:00:00Z, fin=2025-10-03T06:00:00Z, idAlmacenOrigen=11, idAlmacenDestino=17, capacidadMaximaProductos=520, capacidadOcupadaProductos=0, capacidadSinOcupar=520, capacidadSinOcuparCalc=520}
[2025-09-30T22:43:17.106183] EstadoGlobalMutableProblemaPlanificacion: Ruta:
[2025-09-30T22:43:17.106191] Vuelo en ruta: VueloParaAlgoritmo{id=164, inicio=2025-10-02T06:00:00Z, fin=2025-10-02T08:00:00Z, idAlmacenOrigen=1, idAlmacenDestino=5, capacidadMaximaProductos=520, capacidadOcupadaProductos=0, capacidadSinOcupar=520, capacidadSinOcuparCalc=520}
[2025-09-30T22:43:17.106199] Vuelo en ruta: VueloParaAlgoritmo{id=232, inicio=2025-10-02T08:00:00Z, fin=2025-10-02T14:00:00Z, idAlmacenOrigen=5, idAlmacenDestino=12, capacidadMaximaProductos=420, capacidadOcupadaProductos=0, capacidadSinOcupar=420, capacidadSinOcuparCalc=420}
[2025-09-30T22:43:17.106211] Vuelo en ruta: VueloParaAlgoritmo{id=221, inicio=2025-10-02T15:00:00Z, fin=2025-10-02T18:00:00Z, idAlmacenOrigen=12, idAlmacenDestino=11, capacidadMaximaProductos=400, capacidadOcupadaProductos=0, capacidadSinOcupar=400, capacidadSinOcuparCalc=400}
[2025-09-30T22:43:17.10623] Vuelo en ruta: VueloParaAlgoritmo{id=273, inicio=2025-10-02T20:00:00Z, fin=2025-10-03T06:00:00Z, idAlmacenOrigen=11, idAlmacenDestino=17, capacidadMaximaProductos=520, capacidadOcupadaProductos=0, capacidadSinOcupar=520, capacidadSinOcuparCalc=520}
[2025-09-30T22:43:17.106234] EstadoGlobalMutableProblemaPlanificacion: Ruta:
[2025-09-30T22:43:17.106242] Vuelo en ruta: VueloParaAlgoritmo{id=165, inicio=2025-10-02T07:00:00Z, fin=2025-10-02T09:00:00Z, idAlmacenOrigen=1, idAlmacenDestino=6, capacidadMaximaProductos=500, capacidadOcupadaProductos=0, capacidadSinOcupar=500, capacidadSinOcuparCalc=500}
[2025-09-30T22:43:17.10625] Vuelo en ruta: VueloParaAlgoritmo{id=211, inicio=2025-10-02T09:00:00Z, fin=2025-10-02T11:00:00Z, idAlmacenOrigen=6, idAlmacenDestino=5, capacidadMaximaProductos=380, capacidadOcupadaProductos=0, capacidadSinOcupar=380, capacidadSinOcuparCalc=380}
[2025-09-30T22:43:17.106257] Vuelo en ruta: VueloParaAlgoritmo{id=231, inicio=2025-10-02T13:00:00Z, fin=2025-10-02T18:00:00Z, idAlmacenOrigen=5, idAlmacenDestino=11, capacidadMaximaProductos=420, capacidadOcupadaProductos=0, capacidadSinOcupar=420, capacidadSinOcuparCalc=420}
[2025-09-30T22:43:17.106271] Vuelo en ruta: VueloParaAlgoritmo{id=273, inicio=2025-10-02T20:00:00Z, fin=2025-10-03T06:00:00Z, idAlmacenOrigen=11, idAlmacenDestino=17, capacidadMaximaProductos=520, capacidadOcupadaProductos=0, capacidadSinOcupar=520, capacidadSinOcuparCalc=520}
[2025-09-30T22:43:17.106275] EstadoGlobalMutableProblemaPlanificacion: Ruta:
[2025-09-30T22:43:17.106283] Vuelo en ruta: VueloParaAlgoritmo{id=182, inicio=2025-10-02T14:00:00Z, fin=2025-10-03T17:00:00Z, idAlmacenOrigen=2, idAlmacenDestino=17, capacidadMaximaProductos=560, capacidadOcupadaProductos=1, capacidadSinOcupar=559, capacidadSinOcuparCalc=559}
[2025-09-30T22:43:17.106286] EstadoGlobalMutableProblemaPlanificacion: Ruta:
[2025-09-30T22:43:17.106294] Vuelo en ruta: VueloParaAlgoritmo{id=35, inicio=2025-10-04T07:32:05Z, fin=2025-10-06T01:58:01Z, idAlmacenOrigen=2, idAlmacenDestino=17, capacidadMaximaProductos=433, capacidadOcupadaProductos=0, capacidadSinOcupar=433, capacidadSinOcuparCalc=433}
[2025-09-30T22:43:17.106298] EstadoGlobalMutableProblemaPlanificacion: Ruta:
[2025-09-30T22:43:17.106305] Vuelo en ruta: VueloParaAlgoritmo{id=178, inicio=2025-10-02T10:00:00Z, fin=2025-10-02T14:00:00Z, idAlmacenOrigen=2, idAlmacenDestino=11, capacidadMaximaProductos=600, capacidadOcupadaProductos=0, capacidadSinOcupar=600, capacidadSinOcuparCalc=600}
[2025-09-30T22:43:17.106317] Vuelo en ruta: VueloParaAlgoritmo{id=273, inicio=2025-10-02T20:00:00Z, fin=2025-10-03T06:00:00Z, idAlmacenOrigen=11, idAlmacenDestino=17, capacidadMaximaProductos=520, capacidadOcupadaProductos=0, capacidadSinOcupar=520, capacidadSinOcuparCalc=520}
[2025-09-30T22:43:17.10632] EstadoGlobalMutableProblemaPlanificacion: Ruta:
[2025-09-30T22:43:17.106329] Vuelo en ruta: VueloParaAlgoritmo{id=37, inicio=2025-10-03T07:29:51Z, fin=2025-10-03T20:01:59Z, idAlmacenOrigen=2, idAlmacenDestino=19, capacidadMaximaProductos=435, capacidadOcupadaProductos=0, capacidadSinOcupar=435, capacidadSinOcuparCalc=435}
[2025-09-30T22:43:17.106337] Vuelo en ruta: VueloParaAlgoritmo{id=96, inicio=2025-10-04T00:00:00Z, fin=2025-10-04T06:00:00Z, idAlmacenOrigen=19, idAlmacenDestino=17, capacidadMaximaProductos=474, capacidadOcupadaProductos=0, capacidadSinOcupar=474, capacidadSinOcuparCalc=474}
[2025-09-30T22:43:17.106341] EstadoGlobalMutableProblemaPlanificacion: Ruta:
[2025-09-30T22:43:17.106349] Vuelo en ruta: VueloParaAlgoritmo{id=174, inicio=2025-10-02T06:00:00Z, fin=2025-10-02T10:00:00Z, idAlmacenOrigen=2, idAlmacenDestino=5, capacidadMaximaProductos=520, capacidadOcupadaProductos=0, capacidadSinOcupar=520, capacidadSinOcuparCalc=520}
[2025-09-30T22:43:17.106361] Vuelo en ruta: VueloParaAlgoritmo{id=231, inicio=2025-10-02T13:00:00Z, fin=2025-10-02T18:00:00Z, idAlmacenOrigen=5, idAlmacenDestino=11, capacidadMaximaProductos=420, capacidadOcupadaProductos=0, capacidadSinOcupar=420, capacidadSinOcuparCalc=420}
[2025-09-30T22:43:17.106369] Vuelo en ruta: VueloParaAlgoritmo{id=273, inicio=2025-10-02T20:00:00Z, fin=2025-10-03T06:00:00Z, idAlmacenOrigen=11, idAlmacenDestino=17, capacidadMaximaProductos=520, capacidadOcupadaProductos=0, capacidadSinOcupar=520, capacidadSinOcuparCalc=520}
[2025-09-30T22:43:17.106372] EstadoGlobalMutableProblemaPlanificacion: Ruta:
[2025-09-30T22:43:17.10638] Vuelo en ruta: VueloParaAlgoritmo{id=179, inicio=2025-10-02T11:00:00Z, fin=2025-10-02T15:00:00Z, idAlmacenOrigen=2, idAlmacenDestino=12, capacidadMaximaProductos=580, capacidadOcupadaProductos=0, capacidadSinOcupar=580, capacidadSinOcuparCalc=580}
[2025-09-30T22:43:17.106388] Vuelo en ruta: VueloParaAlgoritmo{id=221, inicio=2025-10-02T15:00:00Z, fin=2025-10-02T18:00:00Z, idAlmacenOrigen=12, idAlmacenDestino=11, capacidadMaximaProductos=400, capacidadOcupadaProductos=0, capacidadSinOcupar=400, capacidadSinOcuparCalc=400}
[2025-09-30T22:43:17.106395] Vuelo en ruta: VueloParaAlgoritmo{id=273, inicio=2025-10-02T20:00:00Z, fin=2025-10-03T06:00:00Z, idAlmacenOrigen=11, idAlmacenDestino=17, capacidadMaximaProductos=520, capacidadOcupadaProductos=0, capacidadSinOcupar=520, capacidadSinOcuparCalc=520}
[2025-09-30T22:43:17.106398] EstadoGlobalMutableProblemaPlanificacion: Ruta:
[2025-09-30T22:43:17.106409] Vuelo en ruta: VueloParaAlgoritmo{id=185, inicio=2025-10-02T07:00:00Z, fin=2025-10-03T03:00:00Z, idAlmacenOrigen=3, idAlmacenDestino=17, capacidadMaximaProductos=440, capacidadOcupadaProductos=0, capacidadSinOcupar=440, capacidadSinOcuparCalc=440}
[2025-09-30T22:43:17.106413] EstadoGlobalMutableProblemaPlanificacion: Ruta:
[2025-09-30T22:43:17.10642] Vuelo en ruta: VueloParaAlgoritmo{id=55, inicio=2025-10-04T10:00:00Z, fin=2025-10-04T17:00:00Z, idAlmacenOrigen=3, idAlmacenDestino=17, capacidadMaximaProductos=453, capacidadOcupadaProductos=0, capacidadSinOcupar=453, capacidadSinOcuparCalc=453}
[2025-09-30T22:43:17.106424] EstadoGlobalMutableProblemaPlanificacion: Ruta:
[2025-09-30T22:43:17.106431] Vuelo en ruta: VueloParaAlgoritmo{id=184, inicio=2025-10-02T06:00:00Z, fin=2025-10-02T08:00:00Z, idAlmacenOrigen=3, idAlmacenDestino=16, capacidadMaximaProductos=460, capacidadOcupadaProductos=0, capacidadSinOcupar=460, capacidadSinOcuparCalc=460}
[2025-09-30T22:43:17.106439] Vuelo en ruta: VueloParaAlgoritmo{id=255, inicio=2025-10-02T14:00:00Z, fin=2025-10-02T21:00:00Z, idAlmacenOrigen=16, idAlmacenDestino=17, capacidadMaximaProductos=320, capacidadOcupadaProductos=0, capacidadSinOcupar=320, capacidadSinOcuparCalc=320}
[2025-09-30T22:43:17.106448] EstadoGlobalMutableProblemaPlanificacion: Ruta:
[2025-09-30T22:43:17.106456] Vuelo en ruta: VueloParaAlgoritmo{id=187, inicio=2025-10-02T09:00:00Z, fin=2025-10-02T11:00:00Z, idAlmacenOrigen=3, idAlmacenDestino=19, capacidadMaximaProductos=460, capacidadOcupadaProductos=0, capacidadSinOcupar=460, capacidadSinOcuparCalc=460}
[2025-09-30T22:43:17.106463] Vuelo en ruta: VueloParaAlgoritmo{id=116, inicio=2025-10-02T18:00:00Z, fin=2025-10-03T00:00:00Z, idAlmacenOrigen=19, idAlmacenDestino=17, capacidadMaximaProductos=494, capacidadOcupadaProductos=0, capacidadSinOcupar=494, capacidadSinOcuparCalc=494}
[2025-09-30T22:43:17.106467] EstadoGlobalMutableProblemaPlanificacion: Ruta:
[2025-09-30T22:43:17.106475] Vuelo en ruta: VueloParaAlgoritmo{id=187, inicio=2025-10-02T09:00:00Z, fin=2025-10-02T11:00:00Z, idAlmacenOrigen=3, idAlmacenDestino=19, capacidadMaximaProductos=460, capacidadOcupadaProductos=0, capacidadSinOcupar=460, capacidadSinOcuparCalc=460}
[2025-09-30T22:43:17.106482] Vuelo en ruta: VueloParaAlgoritmo{id=136, inicio=2025-10-03T14:00:00Z, fin=2025-10-03T20:00:00Z, idAlmacenOrigen=19, idAlmacenDestino=17, capacidadMaximaProductos=514, capacidadOcupadaProductos=0, capacidadSinOcupar=514, capacidadSinOcuparCalc=514}
[2025-09-30T22:43:17.106486] EstadoGlobalMutableProblemaPlanificacion: Ruta:
[2025-09-30T22:43:17.106499] Vuelo en ruta: VueloParaAlgoritmo{id=187, inicio=2025-10-02T09:00:00Z, fin=2025-10-02T11:00:00Z, idAlmacenOrigen=3, idAlmacenDestino=19, capacidadMaximaProductos=460, capacidadOcupadaProductos=0, capacidadSinOcupar=460, capacidadSinOcuparCalc=460}
[2025-09-30T22:43:17.106506] Vuelo en ruta: VueloParaAlgoritmo{id=96, inicio=2025-10-04T00:00:00Z, fin=2025-10-04T06:00:00Z, idAlmacenOrigen=19, idAlmacenDestino=17, capacidadMaximaProductos=474, capacidadOcupadaProductos=0, capacidadSinOcupar=474, capacidadSinOcuparCalc=474}
[2025-09-30T22:43:17.106509] EstadoGlobalMutableProblemaPlanificacion: Ruta:
[2025-09-30T22:43:17.106537] Vuelo en ruta: VueloParaAlgoritmo{id=183, inicio=2025-10-02T05:00:00Z, fin=2025-10-02T07:00:00Z, idAlmacenOrigen=3, idAlmacenDestino=15, capacidadMaximaProductos=420, capacidadOcupadaProductos=0, capacidadSinOcupar=420, capacidadSinOcuparCalc=420}
[2025-09-30T22:43:17.106545] Vuelo en ruta: VueloParaAlgoritmo{id=253, inicio=2025-10-02T12:00:00Z, fin=2025-10-02T14:00:00Z, idAlmacenOrigen=15, idAlmacenDestino=19, capacidadMaximaProductos=320, capacidadOcupadaProductos=0, capacidadSinOcupar=320, capacidadSinOcuparCalc=320}
[2025-09-30T22:43:17.106554] Vuelo en ruta: VueloParaAlgoritmo{id=116, inicio=2025-10-02T18:00:00Z, fin=2025-10-03T00:00:00Z, idAlmacenOrigen=19, idAlmacenDestino=17, capacidadMaximaProductos=494, capacidadOcupadaProductos=0, capacidadSinOcupar=494, capacidadSinOcuparCalc=494}
[2025-09-30T22:43:17.106568] EstadoGlobalMutableProblemaPlanificacion: Ruta:
[2025-09-30T22:43:17.106577] Vuelo en ruta: VueloParaAlgoritmo{id=183, inicio=2025-10-02T05:00:00Z, fin=2025-10-02T07:00:00Z, idAlmacenOrigen=3, idAlmacenDestino=15, capacidadMaximaProductos=420, capacidadOcupadaProductos=0, capacidadSinOcupar=420, capacidadSinOcuparCalc=420}
[2025-09-30T22:43:17.106585] Vuelo en ruta: VueloParaAlgoritmo{id=253, inicio=2025-10-02T12:00:00Z, fin=2025-10-02T14:00:00Z, idAlmacenOrigen=15, idAlmacenDestino=19, capacidadMaximaProductos=320, capacidadOcupadaProductos=0, capacidadSinOcupar=320, capacidadSinOcuparCalc=320}
[2025-09-30T22:43:17.106592] Vuelo en ruta: VueloParaAlgoritmo{id=136, inicio=2025-10-03T14:00:00Z, fin=2025-10-03T20:00:00Z, idAlmacenOrigen=19, idAlmacenDestino=17, capacidadMaximaProductos=514, capacidadOcupadaProductos=0, capacidadSinOcupar=514, capacidadSinOcuparCalc=514}
[2025-09-30T22:43:17.106835] construccionGRASPParaUnaRuta: Rutas que entraron a la RCL:  
[RutaProgramadaParaAlgoritmo(idsVuelosEnOrden=[182], idPedidoAsociado=-1, cantidadTotalOParcial=0, activo=true), RutaProgramadaParaAlgoritmo(idsVuelosEnOrden=[15], idPedidoAsociado=-1, cantidadTotalOParcial=0, activo=true), RutaProgramadaParaAlgoritmo(idsVuelosEnOrden=[13], idPedidoAsociado=-1, cantidadTotalOParcial=0, activo=true), RutaProgramadaParaAlgoritmo(idsVuelosEnOrden=[185], idPedidoAsociado=-1, cantidadTotalOParcial=0, activo=true), RutaProgramadaParaAlgoritmo(idsVuelosEnOrden=[168, 273], idPedidoAsociado=-1, cantidadTotalOParcial=0, activo=true), RutaProgramadaParaAlgoritmo(idsVuelosEnOrden=[178, 273], idPedidoAsociado=-1, cantidadTotalOParcial=0, activo=true), RutaProgramadaParaAlgoritmo(idsVuelosEnOrden=[187, 116], idPedidoAsociado=-1, cantidadTotalOParcial=0, activo=true), RutaProgramadaParaAlgoritmo(idsVuelosEnOrden=[17, 116], idPedidoAsociado=-1, cantidadTotalOParcial=0, activo=true), RutaProgramadaParaAlgoritmo(idsVuelosEnOrden=[187, 136], idPedidoAsociado=-1, cantidadTotalOParcial=0, activo=true), RutaProgramadaParaAlgoritmo(idsVuelosEnOrden=[55], idPedidoAsociado=-1, cantidadTotalOParcial=0, activo=true), RutaProgramadaParaAlgoritmo(idsVuelosEnOrden=[187, 96], idPedidoAsociado=-1, cantidadTotalOParcial=0, activo=true), RutaProgramadaParaAlgoritmo(idsVuelosEnOrden=[17, 136], idPedidoAsociado=-1, cantidadTotalOParcial=0, activo=true), RutaProgramadaParaAlgoritmo(idsVuelosEnOrden=[184, 255], idPedidoAsociado=-1, cantidadTotalOParcial=0, activo=true), RutaProgramadaParaAlgoritmo(idsVuelosEnOrden=[37, 96], idPedidoAsociado=-1, cantidadTotalOParcial=0, activo=true), RutaProgramadaParaAlgoritmo(idsVuelosEnOrden=[174, 231, 273], idPedidoAsociado=-1, cantidadTotalOParcial=0, activo=true), RutaProgramadaParaAlgoritmo(idsVuelosEnOrden=[164, 231, 273], idPedidoAsociado=-1, cantidadTotalOParcial=0, activo=true), RutaProgramadaParaAlgoritmo(idsVuelosEnOrden=[17, 96], idPedidoAsociado=-1, cantidadTotalOParcial=0, activo=true), RutaProgramadaParaAlgoritmo(idsVuelosEnOrden=[8, 221, 273], idPedidoAsociado=-1, cantidadTotalOParcial=0, activo=true), RutaProgramadaParaAlgoritmo(idsVuelosEnOrden=[179, 221, 273], idPedidoAsociado=-1, cantidadTotalOParcial=0, activo=true), RutaProgramadaParaAlgoritmo(idsVuelosEnOrden=[169, 221, 273], idPedidoAsociado=-1, cantidadTotalOParcial=0, activo=true)]
[2025-09-30T22:43:17.106861] construccionGRASPParaUnaRuta: Máximo de intentos de rutas: 40
[2025-09-30T22:43:17.106877] construccionGRASPParaUnaRuta: Ruta seleccionada desde RCl, sus vuelos:
 187
116

[2025-09-30T22:43:17.106906] construccionGRASPParaUnaRuta: Pedidos que entraron a la RCL: 
PedidoParaAlgoritmo{id=1, idAlmacenDestino=17, pedidas=800, entregadas=0, programadas=414, restante=386}

[2025-09-30T22:43:17.106912] construccionGRASPParaUnaRuta: Máximo de intentos de pedidos: 2
[2025-09-30T22:43:17.106917] construccionGRASPParaUnaRuta: Pedido pretendiente para la ruta:  
PedidoParaAlgoritmo{id=1, idAlmacenDestino=17, pedidas=800, entregadas=0, programadas=414, restante=386}
[2025-09-30T22:43:17.106945] capacidadMaxAsignableEnRuta: Este es el primer almacén y es infinito, no lo simularé: AlmacenParaAlgoritmo{id=3, capacidadMaxima=1000000, capacidadOcupada=0, capacidadSinOcupar=1000000, nombrePais=Europa, nombreCiudad=Euro Hub, esInfinito=true}
[2025-09-30T22:43:17.107015] 
capacidadMaxAsignableEnRuta: Simulación del almDestino en el instante 2025-10-02 11:00:00: AlmacenParaAlgoritmo{id=19, capacidadMaxima=480, capacidadOcupada=0, capacidadSinOcupar=480, nombrePais=Países Bajos, nombreCiudad=Ámsterdam, esInfinito=false}
[2025-09-30T22:43:17.107041] capacidadMaxAsignableEnRuta: Este es un vuelo intermedio o inicial en ruta:VueloParaAlgoritmo{id=187, inicio=2025-10-02T09:00:00Z, fin=2025-10-02T11:00:00Z, idAlmacenOrigen=3, idAlmacenDestino=19, capacidadMaximaProductos=460, capacidadOcupadaProductos=0, capacidadSinOcupar=460, capacidadSinOcuparCalc=460}
[2025-09-30T22:43:17.107227] capacidadMaxAsignableEnRuta: Simulación del almOrigen en el instante 2025-10-02 18:00:00: AlmacenParaAlgoritmo{id=19, capacidadMaxima=480, capacidadOcupada=0, capacidadSinOcupar=480, nombrePais=Países Bajos, nombreCiudad=Ámsterdam, esInfinito=false}
[2025-09-30T22:43:17.107296] 
capacidadMaxAsignableEnRuta: Simulación del almDestino en el instante 2025-10-03 00:00:00: AlmacenParaAlgoritmo{id=17, capacidadMaxima=440, capacidadOcupada=0, capacidadSinOcupar=440, nombrePais=Bélgica, nombreCiudad=Bruselas, esInfinito=false}
[2025-09-30T22:43:17.107307] capacidadMaxAsignableEnRuta: Encontré al último vuelo de ruta: VueloParaAlgoritmo{id=116, inicio=2025-10-02T18:00:00Z, fin=2025-10-03T00:00:00Z, idAlmacenOrigen=19, idAlmacenDestino=17, capacidadMaximaProductos=494, capacidadOcupadaProductos=0, capacidadSinOcupar=494, capacidadSinOcuparCalc=494}
[2025-09-30T22:43:17.107316] minimaCapacidadVuelos 460
[2025-09-30T22:43:17.10733] minDispAlmacenes 440
[2025-09-30T22:43:17.107422] Simulación del almacén destino hasta siguiente inicio: AlmacenParaAlgoritmo{id=19, capacidadMaxima=480, capacidadOcupada=386, capacidadSinOcupar=94, nombrePais=Países Bajos, nombreCiudad=Ámsterdam, esInfinito=false}=0
[2025-09-30T22:43:17.107436] Simulación del almacén destino hasta siguiente inicio: AlmacenParaAlgoritmo{id=17, capacidadMaxima=440, capacidadOcupada=413, capacidadSinOcupar=27, nombrePais=Bélgica, nombreCiudad=Bruselas, esInfinito=false}=386
[2025-09-30T22:43:17.107441] El almacén colapsaría con una diferencia de: 386
[2025-09-30T22:43:17.107445] maxDiferenciaColapso 386
[2025-09-30T22:43:17.107448] Asignable final: 0
[2025-09-30T22:43:17.107994] construccionGRASPParaUnaRuta: Pedido id=1 no factible, cantidad factible: 0
[2025-09-30T22:43:17.108063] construccionGRASPParaUnaRuta: rclPedidos: esta fue la iteración en rcl de pedidos N°0 en iter. ruta: 0
[2025-09-30T22:43:17.108072] construccionGRASPParaUnaRuta: Pedido pretendiente para la ruta:  
PedidoParaAlgoritmo{id=1, idAlmacenDestino=17, pedidas=800, entregadas=0, programadas=414, restante=386}
[2025-09-30T22:43:17.108116] capacidadMaxAsignableEnRuta: Este es el primer almacén y es infinito, no lo simularé: AlmacenParaAlgoritmo{id=3, capacidadMaxima=1000000, capacidadOcupada=0, capacidadSinOcupar=1000000, nombrePais=Europa, nombreCiudad=Euro Hub, esInfinito=true}
[2025-09-30T22:43:17.108165] 
capacidadMaxAsignableEnRuta: Simulación del almDestino en el instante 2025-10-02 11:00:00: AlmacenParaAlgoritmo{id=19, capacidadMaxima=480, capacidadOcupada=386, capacidadSinOcupar=94, nombrePais=Países Bajos, nombreCiudad=Ámsterdam, esInfinito=false}
[2025-09-30T22:43:17.108174] capacidadMaxAsignableEnRuta: Este es un vuelo intermedio o inicial en ruta:VueloParaAlgoritmo{id=187, inicio=2025-10-02T09:00:00Z, fin=2025-10-02T11:00:00Z, idAlmacenOrigen=3, idAlmacenDestino=19, capacidadMaximaProductos=460, capacidadOcupadaProductos=0, capacidadSinOcupar=460, capacidadSinOcuparCalc=460}
[2025-09-30T22:43:17.108189] capacidadMaxAsignableEnRuta: Simulación del almOrigen en el instante 2025-10-02 18:00:00: AlmacenParaAlgoritmo{id=19, capacidadMaxima=480, capacidadOcupada=386, capacidadSinOcupar=94, nombrePais=Países Bajos, nombreCiudad=Ámsterdam, esInfinito=false}
[2025-09-30T22:43:17.108214] 
capacidadMaxAsignableEnRuta: Simulación del almDestino en el instante 2025-10-03 00:00:00: AlmacenParaAlgoritmo{id=17, capacidadMaxima=440, capacidadOcupada=0, capacidadSinOcupar=440, nombrePais=Bélgica, nombreCiudad=Bruselas, esInfinito=false}
[2025-09-30T22:43:17.108222] capacidadMaxAsignableEnRuta: Encontré al último vuelo de ruta: VueloParaAlgoritmo{id=116, inicio=2025-10-02T18:00:00Z, fin=2025-10-03T00:00:00Z, idAlmacenOrigen=19, idAlmacenDestino=17, capacidadMaximaProductos=494, capacidadOcupadaProductos=0, capacidadSinOcupar=494, capacidadSinOcuparCalc=494}
[2025-09-30T22:43:17.108226] minimaCapacidadVuelos 460
[2025-09-30T22:43:17.108235] minDispAlmacenes 94
[2025-09-30T22:43:17.108252] Simulación del almacén destino hasta siguiente inicio: AlmacenParaAlgoritmo{id=19, capacidadMaxima=480, capacidadOcupada=480, capacidadSinOcupar=0, nombrePais=Países Bajos, nombreCiudad=Ámsterdam, esInfinito=false}=0
[2025-09-30T22:43:17.108265] Simulación del almacén destino hasta siguiente inicio: AlmacenParaAlgoritmo{id=17, capacidadMaxima=440, capacidadOcupada=413, capacidadSinOcupar=27, nombrePais=Bélgica, nombreCiudad=Bruselas, esInfinito=false}=386
[2025-09-30T22:43:17.108275] El almacén colapsaría con una diferencia de: 386
[2025-09-30T22:43:17.108278] maxDiferenciaColapso 386
[2025-09-30T22:43:17.108281] Asignable final: -292
[2025-09-30T22:43:17.108286] construccionGRASPParaUnaRuta: Pedido id=1 no factible, cantidad factible: 0
[2025-09-30T22:43:17.10829] construccionGRASPParaUnaRuta: rclPedidos: esta fue la iteración en rcl de pedidos N°1 en iter. ruta: 0
[2025-09-30T22:43:17.108296] construccionGRASPParaUnaRuta: La lista de vuelos no produjo asignaciones útiles para el pedido de RCL 
-> probando siguiente ruta (lista de vuelos) de la RCL.
[2025-09-30T22:43:17.108316] construccionGRASPParaUnaRuta: esta fue la iteración en rcl de rutas N°0
[2025-09-30T22:43:17.108322] construccionGRASPParaUnaRuta: Ruta seleccionada desde RCl, sus vuelos:
 17
96

[2025-09-30T22:43:17.108371] construccionGRASPParaUnaRuta: Pedidos que entraron a la RCL: 
PedidoParaAlgoritmo{id=1, idAlmacenDestino=17, pedidas=800, entregadas=0, programadas=414, restante=386}

[2025-09-30T22:43:17.108375] construccionGRASPParaUnaRuta: Máximo de intentos de pedidos: 2
[2025-09-30T22:43:17.10838] construccionGRASPParaUnaRuta: Pedido pretendiente para la ruta:  
PedidoParaAlgoritmo{id=1, idAlmacenDestino=17, pedidas=800, entregadas=0, programadas=414, restante=386}
[2025-09-30T22:43:17.108397] capacidadMaxAsignableEnRuta: Este es el primer almacén y es infinito, no lo simularé: AlmacenParaAlgoritmo{id=1, capacidadMaxima=1000000, capacidadOcupada=0, capacidadSinOcupar=1000000, nombrePais=Global, nombreCiudad=Global Hub City, esInfinito=true}
[2025-09-30T22:43:17.108408] construccionGRASPParaUnaRuta: Pedido id=1 no factible, cantidad factible: 0
[2025-09-30T22:43:17.108412] construccionGRASPParaUnaRuta: rclPedidos: esta fue la iteración en rcl de pedidos N°0 en iter. ruta: 1
[2025-09-30T22:43:17.108416] construccionGRASPParaUnaRuta: Pedido pretendiente para la ruta:  
PedidoParaAlgoritmo{id=1, idAlmacenDestino=17, pedidas=800, entregadas=0, programadas=414, restante=386}
[2025-09-30T22:43:17.108436] capacidadMaxAsignableEnRuta: Este es el primer almacén y es infinito, no lo simularé: AlmacenParaAlgoritmo{id=1, capacidadMaxima=1000000, capacidadOcupada=0, capacidadSinOcupar=1000000, nombrePais=Global, nombreCiudad=Global Hub City, esInfinito=true}
[2025-09-30T22:43:17.108446] construccionGRASPParaUnaRuta: Pedido id=1 no factible, cantidad factible: 0
[2025-09-30T22:43:17.10845] construccionGRASPParaUnaRuta: rclPedidos: esta fue la iteración en rcl de pedidos N°1 en iter. ruta: 1
[2025-09-30T22:43:17.108453] construccionGRASPParaUnaRuta: La lista de vuelos no produjo asignaciones útiles para el pedido de RCL 
-> probando siguiente ruta (lista de vuelos) de la RCL.
[2025-09-30T22:43:17.108456] construccionGRASPParaUnaRuta: esta fue la iteración en rcl de rutas N°1
[2025-09-30T22:43:17.108461] construccionGRASPParaUnaRuta: Ruta seleccionada desde RCl, sus vuelos:
 178
273

[2025-09-30T22:43:17.108483] construccionGRASPParaUnaRuta: Pedidos que entraron a la RCL: 
PedidoParaAlgoritmo{id=1, idAlmacenDestino=17, pedidas=800, entregadas=0, programadas=414, restante=386}

[2025-09-30T22:43:17.108499] construccionGRASPParaUnaRuta: Máximo de intentos de pedidos: 2
[2025-09-30T22:43:17.108503] construccionGRASPParaUnaRuta: Pedido pretendiente para la ruta:  
PedidoParaAlgoritmo{id=1, idAlmacenDestino=17, pedidas=800, entregadas=0, programadas=414, restante=386}
[2025-09-30T22:43:17.108517] capacidadMaxAsignableEnRuta: Este es el primer almacén y es infinito, no lo simularé: AlmacenParaAlgoritmo{id=2, capacidadMaxima=1000000, capacidadOcupada=0, capacidadSinOcupar=1000000, nombrePais=Universal, nombreCiudad=Mega Global Hub, esInfinito=true}
[2025-09-30T22:43:17.108533] 
capacidadMaxAsignableEnRuta: Simulación del almDestino en el instante 2025-10-02 14:00:00: AlmacenParaAlgoritmo{id=11, capacidadMaxima=460, capacidadOcupada=0, capacidadSinOcupar=460, nombrePais=Chile, nombreCiudad=Santiago, esInfinito=false}
[2025-09-30T22:43:17.108541] capacidadMaxAsignableEnRuta: Este es un vuelo intermedio o inicial en ruta:VueloParaAlgoritmo{id=178, inicio=2025-10-02T10:00:00Z, fin=2025-10-02T14:00:00Z, idAlmacenOrigen=2, idAlmacenDestino=11, capacidadMaximaProductos=600, capacidadOcupadaProductos=0, capacidadSinOcupar=600, capacidadSinOcuparCalc=600}
[2025-09-30T22:43:17.108558] capacidadMaxAsignableEnRuta: Simulación del almOrigen en el instante 2025-10-02 20:00:00: AlmacenParaAlgoritmo{id=11, capacidadMaxima=460, capacidadOcupada=0, capacidadSinOcupar=460, nombrePais=Chile, nombreCiudad=Santiago, esInfinito=false}
[2025-09-30T22:43:17.108571] 
capacidadMaxAsignableEnRuta: Simulación del almDestino en el instante 2025-10-03 06:00:00: AlmacenParaAlgoritmo{id=17, capacidadMaxima=440, capacidadOcupada=0, capacidadSinOcupar=440, nombrePais=Bélgica, nombreCiudad=Bruselas, esInfinito=false}
[2025-09-30T22:43:17.108577] capacidadMaxAsignableEnRuta: Encontré al último vuelo de ruta: VueloParaAlgoritmo{id=273, inicio=2025-10-02T20:00:00Z, fin=2025-10-03T06:00:00Z, idAlmacenOrigen=11, idAlmacenDestino=17, capacidadMaximaProductos=520, capacidadOcupadaProductos=0, capacidadSinOcupar=520, capacidadSinOcuparCalc=520}
[2025-09-30T22:43:17.108581] minimaCapacidadVuelos 520
[2025-09-30T22:43:17.10859] minDispAlmacenes 440
[2025-09-30T22:43:17.108613] Simulación del almacén destino hasta siguiente inicio: AlmacenParaAlgoritmo{id=11, capacidadMaxima=460, capacidadOcupada=386, capacidadSinOcupar=74, nombrePais=Chile, nombreCiudad=Santiago, esInfinito=false}=0
[2025-09-30T22:43:17.108625] Simulación del almacén destino hasta siguiente inicio: AlmacenParaAlgoritmo{id=17, capacidadMaxima=440, capacidadOcupada=413, capacidadSinOcupar=27, nombrePais=Bélgica, nombreCiudad=Bruselas, esInfinito=false}=386
[2025-09-30T22:43:17.108628] El almacén colapsaría con una diferencia de: 386
[2025-09-30T22:43:17.108632] maxDiferenciaColapso 386
[2025-09-30T22:43:17.108634] Asignable final: 0
[2025-09-30T22:43:17.108638] construccionGRASPParaUnaRuta: Pedido id=1 no factible, cantidad factible: 0
[2025-09-30T22:43:17.108642] construccionGRASPParaUnaRuta: rclPedidos: esta fue la iteración en rcl de pedidos N°0 en iter. ruta: 2
[2025-09-30T22:43:17.108647] construccionGRASPParaUnaRuta: Pedido pretendiente para la ruta:  
PedidoParaAlgoritmo{id=1, idAlmacenDestino=17, pedidas=800, entregadas=0, programadas=414, restante=386}
[2025-09-30T22:43:17.108693] capacidadMaxAsignableEnRuta: Este es el primer almacén y es infinito, no lo simularé: AlmacenParaAlgoritmo{id=2, capacidadMaxima=1000000, capacidadOcupada=0, capacidadSinOcupar=1000000, nombrePais=Universal, nombreCiudad=Mega Global Hub, esInfinito=true}
[2025-09-30T22:43:17.108724] 
capacidadMaxAsignableEnRuta: Simulación del almDestino en el instante 2025-10-02 14:00:00: AlmacenParaAlgoritmo{id=11, capacidadMaxima=460, capacidadOcupada=386, capacidadSinOcupar=74, nombrePais=Chile, nombreCiudad=Santiago, esInfinito=false}
[2025-09-30T22:43:17.108735] capacidadMaxAsignableEnRuta: Este es un vuelo intermedio o inicial en ruta:VueloParaAlgoritmo{id=178, inicio=2025-10-02T10:00:00Z, fin=2025-10-02T14:00:00Z, idAlmacenOrigen=2, idAlmacenDestino=11, capacidadMaximaProductos=600, capacidadOcupadaProductos=0, capacidadSinOcupar=600, capacidadSinOcuparCalc=600}
[2025-09-30T22:43:17.108751] capacidadMaxAsignableEnRuta: Simulación del almOrigen en el instante 2025-10-02 20:00:00: AlmacenParaAlgoritmo{id=11, capacidadMaxima=460, capacidadOcupada=386, capacidadSinOcupar=74, nombrePais=Chile, nombreCiudad=Santiago, esInfinito=false}
[2025-09-30T22:43:17.108772] 
capacidadMaxAsignableEnRuta: Simulación del almDestino en el instante 2025-10-03 06:00:00: AlmacenParaAlgoritmo{id=17, capacidadMaxima=440, capacidadOcupada=0, capacidadSinOcupar=440, nombrePais=Bélgica, nombreCiudad=Bruselas, esInfinito=false}
[2025-09-30T22:43:17.10878] capacidadMaxAsignableEnRuta: Encontré al último vuelo de ruta: VueloParaAlgoritmo{id=273, inicio=2025-10-02T20:00:00Z, fin=2025-10-03T06:00:00Z, idAlmacenOrigen=11, idAlmacenDestino=17, capacidadMaximaProductos=520, capacidadOcupadaProductos=0, capacidadSinOcupar=520, capacidadSinOcuparCalc=520}
[2025-09-30T22:43:17.108784] minimaCapacidadVuelos 520
[2025-09-30T22:43:17.108795] minDispAlmacenes 74
[2025-09-30T22:43:17.108813] Simulación del almacén destino hasta siguiente inicio: AlmacenParaAlgoritmo{id=11, capacidadMaxima=460, capacidadOcupada=460, capacidadSinOcupar=0, nombrePais=Chile, nombreCiudad=Santiago, esInfinito=false}=0
[2025-09-30T22:43:17.108834] Simulación del almacén destino hasta siguiente inicio: AlmacenParaAlgoritmo{id=17, capacidadMaxima=440, capacidadOcupada=413, capacidadSinOcupar=27, nombrePais=Bélgica, nombreCiudad=Bruselas, esInfinito=false}=386
[2025-09-30T22:43:17.108837] El almacén colapsaría con una diferencia de: 386
[2025-09-30T22:43:17.108841] maxDiferenciaColapso 386
[2025-09-30T22:43:17.108844] Asignable final: -312
[2025-09-30T22:43:17.108848] construccionGRASPParaUnaRuta: Pedido id=1 no factible, cantidad factible: 0
[2025-09-30T22:43:17.108852] construccionGRASPParaUnaRuta: rclPedidos: esta fue la iteración en rcl de pedidos N°1 en iter. ruta: 2
[2025-09-30T22:43:17.108856] construccionGRASPParaUnaRuta: La lista de vuelos no produjo asignaciones útiles para el pedido de RCL 
-> probando siguiente ruta (lista de vuelos) de la RCL.
[2025-09-30T22:43:17.108859] construccionGRASPParaUnaRuta: esta fue la iteración en rcl de rutas N°2
[2025-09-30T22:43:17.108865] construccionGRASPParaUnaRuta: Ruta seleccionada desde RCl, sus vuelos:
 17
96

[2025-09-30T22:43:17.108904] construccionGRASPParaUnaRuta: Pedidos que entraron a la RCL: 
PedidoParaAlgoritmo{id=1, idAlmacenDestino=17, pedidas=800, entregadas=0, programadas=414, restante=386}

[2025-09-30T22:43:17.108909] construccionGRASPParaUnaRuta: Máximo de intentos de pedidos: 2
[2025-09-30T22:43:17.108914] construccionGRASPParaUnaRuta: Pedido pretendiente para la ruta:  
PedidoParaAlgoritmo{id=1, idAlmacenDestino=17, pedidas=800, entregadas=0, programadas=414, restante=386}
[2025-09-30T22:43:17.108933] capacidadMaxAsignableEnRuta: Este es el primer almacén y es infinito, no lo simularé: AlmacenParaAlgoritmo{id=1, capacidadMaxima=1000000, capacidadOcupada=0, capacidadSinOcupar=1000000, nombrePais=Global, nombreCiudad=Global Hub City, esInfinito=true}
[2025-09-30T22:43:17.108946] construccionGRASPParaUnaRuta: Pedido id=1 no factible, cantidad factible: 0
[2025-09-30T22:43:17.108977] construccionGRASPParaUnaRuta: rclPedidos: esta fue la iteración en rcl de pedidos N°0 en iter. ruta: 3
[2025-09-30T22:43:17.108984] construccionGRASPParaUnaRuta: Pedido pretendiente para la ruta:  
PedidoParaAlgoritmo{id=1, idAlmacenDestino=17, pedidas=800, entregadas=0, programadas=414, restante=386}
[2025-09-30T22:43:17.109004] capacidadMaxAsignableEnRuta: Este es el primer almacén y es infinito, no lo simularé: AlmacenParaAlgoritmo{id=1, capacidadMaxima=1000000, capacidadOcupada=0, capacidadSinOcupar=1000000, nombrePais=Global, nombreCiudad=Global Hub City, esInfinito=true}
[2025-09-30T22:43:17.109014] construccionGRASPParaUnaRuta: Pedido id=1 no factible, cantidad factible: 0
[2025-09-30T22:43:17.109017] construccionGRASPParaUnaRuta: rclPedidos: esta fue la iteración en rcl de pedidos N°1 en iter. ruta: 3
[2025-09-30T22:43:17.10902] construccionGRASPParaUnaRuta: La lista de vuelos no produjo asignaciones útiles para el pedido de RCL 
-> probando siguiente ruta (lista de vuelos) de la RCL.
[2025-09-30T22:43:17.109023] construccionGRASPParaUnaRuta: esta fue la iteración en rcl de rutas N°3
[2025-09-30T22:43:17.109027] construccionGRASPParaUnaRuta: Ruta seleccionada desde RCl, sus vuelos:
 13

[2025-09-30T22:43:17.109057] construccionGRASPParaUnaRuta: Pedidos que entraron a la RCL: 
PedidoParaAlgoritmo{id=1, idAlmacenDestino=17, pedidas=800, entregadas=0, programadas=414, restante=386}

[2025-09-30T22:43:17.109061] construccionGRASPParaUnaRuta: Máximo de intentos de pedidos: 2
[2025-09-30T22:43:17.109065] construccionGRASPParaUnaRuta: Pedido pretendiente para la ruta:  
PedidoParaAlgoritmo{id=1, idAlmacenDestino=17, pedidas=800, entregadas=0, programadas=414, restante=386}
[2025-09-30T22:43:17.109077] capacidadMaxAsignableEnRuta: Este es el primer almacén y es infinito, no lo simularé: AlmacenParaAlgoritmo{id=1, capacidadMaxima=1000000, capacidadOcupada=0, capacidadSinOcupar=1000000, nombrePais=Global, nombreCiudad=Global Hub City, esInfinito=true}
[2025-09-30T22:43:17.109092] 
capacidadMaxAsignableEnRuta: Simulación del almDestino en el instante 2025-10-02 06:00:00: AlmacenParaAlgoritmo{id=17, capacidadMaxima=440, capacidadOcupada=413, capacidadSinOcupar=27, nombrePais=Bélgica, nombreCiudad=Bruselas, esInfinito=false}
[2025-09-30T22:43:17.109099] capacidadMaxAsignableEnRuta: Encontré al último vuelo de ruta: VueloParaAlgoritmo{id=13, inicio=2025-10-02T05:00:00Z, fin=2025-10-02T06:00:00Z, idAlmacenOrigen=1, idAlmacenDestino=17, capacidadMaximaProductos=413, capacidadOcupadaProductos=0, capacidadSinOcupar=413, capacidadSinOcuparCalc=413}
[2025-09-30T22:43:17.109115] minimaCapacidadVuelos 413
[2025-09-30T22:43:17.109123] minDispAlmacenes 27
[2025-09-30T22:43:17.10914] Simulación del almacén destino hasta siguiente inicio: AlmacenParaAlgoritmo{id=17, capacidadMaxima=440, capacidadOcupada=440, capacidadSinOcupar=0, nombrePais=Bélgica, nombreCiudad=Bruselas, esInfinito=false}=413
[2025-09-30T22:43:17.109143] El almacén colapsaría con una diferencia de: 413
[2025-09-30T22:43:17.109146] maxDiferenciaColapso 413
[2025-09-30T22:43:17.109149] Asignable final: -386
[2025-09-30T22:43:17.109152] construccionGRASPParaUnaRuta: Pedido id=1 no factible, cantidad factible: 0
[2025-09-30T22:43:17.109155] construccionGRASPParaUnaRuta: rclPedidos: esta fue la iteración en rcl de pedidos N°0 en iter. ruta: 4
[2025-09-30T22:43:17.10916] construccionGRASPParaUnaRuta: Pedido pretendiente para la ruta:  
PedidoParaAlgoritmo{id=1, idAlmacenDestino=17, pedidas=800, entregadas=0, programadas=414, restante=386}
[2025-09-30T22:43:17.109177] capacidadMaxAsignableEnRuta: Este es el primer almacén y es infinito, no lo simularé: AlmacenParaAlgoritmo{id=1, capacidadMaxima=1000000, capacidadOcupada=0, capacidadSinOcupar=1000000, nombrePais=Global, nombreCiudad=Global Hub City, esInfinito=true}
[2025-09-30T22:43:17.10919] construccionGRASPParaUnaRuta: Pedido id=1 no factible, cantidad factible: 0
[2025-09-30T22:43:17.109223] construccionGRASPParaUnaRuta: rclPedidos: esta fue la iteración en rcl de pedidos N°1 en iter. ruta: 4
[2025-09-30T22:43:17.109226] construccionGRASPParaUnaRuta: La lista de vuelos no produjo asignaciones útiles para el pedido de RCL 
-> probando siguiente ruta (lista de vuelos) de la RCL.
[2025-09-30T22:43:17.109229] construccionGRASPParaUnaRuta: esta fue la iteración en rcl de rutas N°4
[2025-09-30T22:43:17.109234] construccionGRASPParaUnaRuta: Ruta seleccionada desde RCl, sus vuelos:
 17
136

[2025-09-30T22:43:17.109269] construccionGRASPParaUnaRuta: Pedidos que entraron a la RCL: 
PedidoParaAlgoritmo{id=1, idAlmacenDestino=17, pedidas=800, entregadas=0, programadas=414, restante=386}

[2025-09-30T22:43:17.109274] construccionGRASPParaUnaRuta: Máximo de intentos de pedidos: 2
[2025-09-30T22:43:17.10928] construccionGRASPParaUnaRuta: Pedido pretendiente para la ruta:  
PedidoParaAlgoritmo{id=1, idAlmacenDestino=17, pedidas=800, entregadas=0, programadas=414, restante=386}
[2025-09-30T22:43:17.109293] capacidadMaxAsignableEnRuta: Este es el primer almacén y es infinito, no lo simularé: AlmacenParaAlgoritmo{id=1, capacidadMaxima=1000000, capacidadOcupada=0, capacidadSinOcupar=1000000, nombrePais=Global, nombreCiudad=Global Hub City, esInfinito=true}
[2025-09-30T22:43:17.109303] construccionGRASPParaUnaRuta: Pedido id=1 no factible, cantidad factible: 0
[2025-09-30T22:43:17.109306] construccionGRASPParaUnaRuta: rclPedidos: esta fue la iteración en rcl de pedidos N°0 en iter. ruta: 5
[2025-09-30T22:43:17.10931] construccionGRASPParaUnaRuta: Pedido pretendiente para la ruta:  
PedidoParaAlgoritmo{id=1, idAlmacenDestino=17, pedidas=800, entregadas=0, programadas=414, restante=386}
[2025-09-30T22:43:17.109324] capacidadMaxAsignableEnRuta: Este es el primer almacén y es infinito, no lo simularé: AlmacenParaAlgoritmo{id=1, capacidadMaxima=1000000, capacidadOcupada=0, capacidadSinOcupar=1000000, nombrePais=Global, nombreCiudad=Global Hub City, esInfinito=true}
[2025-09-30T22:43:17.109332] construccionGRASPParaUnaRuta: Pedido id=1 no factible, cantidad factible: 0
[2025-09-30T22:43:17.109335] construccionGRASPParaUnaRuta: rclPedidos: esta fue la iteración en rcl de pedidos N°1 en iter. ruta: 5
[2025-09-30T22:43:17.109337] construccionGRASPParaUnaRuta: La lista de vuelos no produjo asignaciones útiles para el pedido de RCL 
-> probando siguiente ruta (lista de vuelos) de la RCL.
[2025-09-30T22:43:17.109339] construccionGRASPParaUnaRuta: esta fue la iteración en rcl de rutas N°5
[2025-09-30T22:43:17.109343] construccionGRASPParaUnaRuta: Ruta seleccionada desde RCl, sus vuelos:
 187
136

[2025-09-30T22:43:17.109364] construccionGRASPParaUnaRuta: Pedidos que entraron a la RCL: 
PedidoParaAlgoritmo{id=1, idAlmacenDestino=17, pedidas=800, entregadas=0, programadas=414, restante=386}

[2025-09-30T22:43:17.109371] construccionGRASPParaUnaRuta: Máximo de intentos de pedidos: 2
[2025-09-30T22:43:17.109375] construccionGRASPParaUnaRuta: Pedido pretendiente para la ruta:  
PedidoParaAlgoritmo{id=1, idAlmacenDestino=17, pedidas=800, entregadas=0, programadas=414, restante=386}
[2025-09-30T22:43:17.109388] capacidadMaxAsignableEnRuta: Este es el primer almacén y es infinito, no lo simularé: AlmacenParaAlgoritmo{id=3, capacidadMaxima=1000000, capacidadOcupada=0, capacidadSinOcupar=1000000, nombrePais=Europa, nombreCiudad=Euro Hub, esInfinito=true}
[2025-09-30T22:43:17.1094] construccionGRASPParaUnaRuta: Pedido id=1 no factible, cantidad factible: 0
[2025-09-30T22:43:17.109404] construccionGRASPParaUnaRuta: rclPedidos: esta fue la iteración en rcl de pedidos N°0 en iter. ruta: 6
[2025-09-30T22:43:17.109407] construccionGRASPParaUnaRuta: Pedido pretendiente para la ruta:  
PedidoParaAlgoritmo{id=1, idAlmacenDestino=17, pedidas=800, entregadas=0, programadas=414, restante=386}
[2025-09-30T22:43:17.109417] capacidadMaxAsignableEnRuta: Este es el primer almacén y es infinito, no lo simularé: AlmacenParaAlgoritmo{id=3, capacidadMaxima=1000000, capacidadOcupada=0, capacidadSinOcupar=1000000, nombrePais=Europa, nombreCiudad=Euro Hub, esInfinito=true}
[2025-09-30T22:43:17.109431] construccionGRASPParaUnaRuta: Pedido id=1 no factible, cantidad factible: 0
[2025-09-30T22:43:17.109434] construccionGRASPParaUnaRuta: rclPedidos: esta fue la iteración en rcl de pedidos N°1 en iter. ruta: 6
[2025-09-30T22:43:17.109437] construccionGRASPParaUnaRuta: La lista de vuelos no produjo asignaciones útiles para el pedido de RCL 
-> probando siguiente ruta (lista de vuelos) de la RCL.
[2025-09-30T22:43:17.109439] construccionGRASPParaUnaRuta: esta fue la iteración en rcl de rutas N°6
[2025-09-30T22:43:17.109443] construccionGRASPParaUnaRuta: Ruta seleccionada desde RCl, sus vuelos:
 187
136

[2025-09-30T22:43:17.10946] construccionGRASPParaUnaRuta: Pedidos que entraron a la RCL: 
PedidoParaAlgoritmo{id=1, idAlmacenDestino=17, pedidas=800, entregadas=0, programadas=414, restante=386}

[2025-09-30T22:43:17.109463] construccionGRASPParaUnaRuta: Máximo de intentos de pedidos: 2
[2025-09-30T22:43:17.109471] construccionGRASPParaUnaRuta: Pedido pretendiente para la ruta:  
PedidoParaAlgoritmo{id=1, idAlmacenDestino=17, pedidas=800, entregadas=0, programadas=414, restante=386}
[2025-09-30T22:43:17.109481] capacidadMaxAsignableEnRuta: Este es el primer almacén y es infinito, no lo simularé: AlmacenParaAlgoritmo{id=3, capacidadMaxima=1000000, capacidadOcupada=0, capacidadSinOcupar=1000000, nombrePais=Europa, nombreCiudad=Euro Hub, esInfinito=true}
[2025-09-30T22:43:17.109489] construccionGRASPParaUnaRuta: Pedido id=1 no factible, cantidad factible: 0
[2025-09-30T22:43:17.109491] construccionGRASPParaUnaRuta: rclPedidos: esta fue la iteración en rcl de pedidos N°0 en iter. ruta: 7
[2025-09-30T22:43:17.109495] construccionGRASPParaUnaRuta: Pedido pretendiente para la ruta:  
PedidoParaAlgoritmo{id=1, idAlmacenDestino=17, pedidas=800, entregadas=0, programadas=414, restante=386}
[2025-09-30T22:43:17.109504] capacidadMaxAsignableEnRuta: Este es el primer almacén y es infinito, no lo simularé: AlmacenParaAlgoritmo{id=3, capacidadMaxima=1000000, capacidadOcupada=0, capacidadSinOcupar=1000000, nombrePais=Europa, nombreCiudad=Euro Hub, esInfinito=true}
[2025-09-30T22:43:17.109516] construccionGRASPParaUnaRuta: Pedido id=1 no factible, cantidad factible: 0
[2025-09-30T22:43:17.109519] construccionGRASPParaUnaRuta: rclPedidos: esta fue la iteración en rcl de pedidos N°1 en iter. ruta: 7
[2025-09-30T22:43:17.109521] construccionGRASPParaUnaRuta: La lista de vuelos no produjo asignaciones útiles para el pedido de RCL 
-> probando siguiente ruta (lista de vuelos) de la RCL.
[2025-09-30T22:43:17.109523] construccionGRASPParaUnaRuta: esta fue la iteración en rcl de rutas N°7
[2025-09-30T22:43:17.109527] construccionGRASPParaUnaRuta: Ruta seleccionada desde RCl, sus vuelos:
 169
221
273

[2025-09-30T22:43:17.109543] construccionGRASPParaUnaRuta: Pedidos que entraron a la RCL: 
PedidoParaAlgoritmo{id=1, idAlmacenDestino=17, pedidas=800, entregadas=0, programadas=414, restante=386}

[2025-09-30T22:43:17.109546] construccionGRASPParaUnaRuta: Máximo de intentos de pedidos: 2
[2025-09-30T22:43:17.109549] construccionGRASPParaUnaRuta: Pedido pretendiente para la ruta:  
PedidoParaAlgoritmo{id=1, idAlmacenDestino=17, pedidas=800, entregadas=0, programadas=414, restante=386}
[2025-09-30T22:43:17.109566] capacidadMaxAsignableEnRuta: Este es el primer almacén y es infinito, no lo simularé: AlmacenParaAlgoritmo{id=1, capacidadMaxima=1000000, capacidadOcupada=0, capacidadSinOcupar=1000000, nombrePais=Global, nombreCiudad=Global Hub City, esInfinito=true}
[2025-09-30T22:43:17.109583] 
capacidadMaxAsignableEnRuta: Simulación del almDestino en el instante 2025-10-02 14:00:00: AlmacenParaAlgoritmo{id=12, capacidadMaxima=460, capacidadOcupada=0, capacidadSinOcupar=460, nombrePais=Argentina, nombreCiudad=Buenos Aires, esInfinito=false}
[2025-09-30T22:43:17.10959] capacidadMaxAsignableEnRuta: Este es un vuelo intermedio o inicial en ruta:VueloParaAlgoritmo{id=169, inicio=2025-10-02T11:00:00Z, fin=2025-10-02T14:00:00Z, idAlmacenOrigen=1, idAlmacenDestino=12, capacidadMaximaProductos=580, capacidadOcupadaProductos=0, capacidadSinOcupar=580, capacidadSinOcuparCalc=580}
[2025-09-30T22:43:17.109603] capacidadMaxAsignableEnRuta: Simulación del almOrigen en el instante 2025-10-02 15:00:00: AlmacenParaAlgoritmo{id=12, capacidadMaxima=460, capacidadOcupada=0, capacidadSinOcupar=460, nombrePais=Argentina, nombreCiudad=Buenos Aires, esInfinito=false}
[2025-09-30T22:43:17.109616] construccionGRASPParaUnaRuta: Pedido id=1 no factible, cantidad factible: 0
[2025-09-30T22:43:17.109619] construccionGRASPParaUnaRuta: rclPedidos: esta fue la iteración en rcl de pedidos N°0 en iter. ruta: 8
[2025-09-30T22:43:17.109623] construccionGRASPParaUnaRuta: Pedido pretendiente para la ruta:  
PedidoParaAlgoritmo{id=1, idAlmacenDestino=17, pedidas=800, entregadas=0, programadas=414, restante=386}
[2025-09-30T22:43:17.109634] capacidadMaxAsignableEnRuta: Este es el primer almacén y es infinito, no lo simularé: AlmacenParaAlgoritmo{id=1, capacidadMaxima=1000000, capacidadOcupada=0, capacidadSinOcupar=1000000, nombrePais=Global, nombreCiudad=Global Hub City, esInfinito=true}
[2025-09-30T22:43:17.109645] 
capacidadMaxAsignableEnRuta: Simulación del almDestino en el instante 2025-10-02 14:00:00: AlmacenParaAlgoritmo{id=12, capacidadMaxima=460, capacidadOcupada=0, capacidadSinOcupar=460, nombrePais=Argentina, nombreCiudad=Buenos Aires, esInfinito=false}
[2025-09-30T22:43:17.109664] capacidadMaxAsignableEnRuta: Este es un vuelo intermedio o inicial en ruta:VueloParaAlgoritmo{id=169, inicio=2025-10-02T11:00:00Z, fin=2025-10-02T14:00:00Z, idAlmacenOrigen=1, idAlmacenDestino=12, capacidadMaximaProductos=580, capacidadOcupadaProductos=0, capacidadSinOcupar=580, capacidadSinOcuparCalc=580}
[2025-09-30T22:43:17.109675] capacidadMaxAsignableEnRuta: Simulación del almOrigen en el instante 2025-10-02 15:00:00: AlmacenParaAlgoritmo{id=12, capacidadMaxima=460, capacidadOcupada=0, capacidadSinOcupar=460, nombrePais=Argentina, nombreCiudad=Buenos Aires, esInfinito=false}
[2025-09-30T22:43:17.109683] construccionGRASPParaUnaRuta: Pedido id=1 no factible, cantidad factible: 0
[2025-09-30T22:43:17.109697] construccionGRASPParaUnaRuta: rclPedidos: esta fue la iteración en rcl de pedidos N°1 en iter. ruta: 8
[2025-09-30T22:43:17.109699] construccionGRASPParaUnaRuta: La lista de vuelos no produjo asignaciones útiles para el pedido de RCL 
-> probando siguiente ruta (lista de vuelos) de la RCL.
[2025-09-30T22:43:17.109701] construccionGRASPParaUnaRuta: esta fue la iteración en rcl de rutas N°8
[2025-09-30T22:43:17.109705] construccionGRASPParaUnaRuta: Ruta seleccionada desde RCl, sus vuelos:
 187
96

[2025-09-30T22:43:17.109731] construccionGRASPParaUnaRuta: Pedidos que entraron a la RCL: 
PedidoParaAlgoritmo{id=1, idAlmacenDestino=17, pedidas=800, entregadas=0, programadas=414, restante=386}

[2025-09-30T22:43:17.109735] construccionGRASPParaUnaRuta: Máximo de intentos de pedidos: 2
[2025-09-30T22:43:17.109739] construccionGRASPParaUnaRuta: Pedido pretendiente para la ruta:  
PedidoParaAlgoritmo{id=1, idAlmacenDestino=17, pedidas=800, entregadas=0, programadas=414, restante=386}
[2025-09-30T22:43:17.109753] capacidadMaxAsignableEnRuta: Este es el primer almacén y es infinito, no lo simularé: AlmacenParaAlgoritmo{id=3, capacidadMaxima=1000000, capacidadOcupada=0, capacidadSinOcupar=1000000, nombrePais=Europa, nombreCiudad=Euro Hub, esInfinito=true}
[2025-09-30T22:43:17.109763] construccionGRASPParaUnaRuta: Pedido id=1 no factible, cantidad factible: 0
[2025-09-30T22:43:17.109766] construccionGRASPParaUnaRuta: rclPedidos: esta fue la iteración en rcl de pedidos N°0 en iter. ruta: 9
[2025-09-30T22:43:17.109775] construccionGRASPParaUnaRuta: Pedido pretendiente para la ruta:  
PedidoParaAlgoritmo{id=1, idAlmacenDestino=17, pedidas=800, entregadas=0, programadas=414, restante=386}
[2025-09-30T22:43:17.109785] capacidadMaxAsignableEnRuta: Este es el primer almacén y es infinito, no lo simularé: AlmacenParaAlgoritmo{id=3, capacidadMaxima=1000000, capacidadOcupada=0, capacidadSinOcupar=1000000, nombrePais=Europa, nombreCiudad=Euro Hub, esInfinito=true}
[2025-09-30T22:43:17.109792] construccionGRASPParaUnaRuta: Pedido id=1 no factible, cantidad factible: 0
[2025-09-30T22:43:17.109795] construccionGRASPParaUnaRuta: rclPedidos: esta fue la iteración en rcl de pedidos N°1 en iter. ruta: 9
[2025-09-30T22:43:17.109797] construccionGRASPParaUnaRuta: La lista de vuelos no produjo asignaciones útiles para el pedido de RCL 
-> probando siguiente ruta (lista de vuelos) de la RCL.
[2025-09-30T22:43:17.109799] construccionGRASPParaUnaRuta: esta fue la iteración en rcl de rutas N°9
[2025-09-30T22:43:17.109803] construccionGRASPParaUnaRuta: Ruta seleccionada desde RCl, sus vuelos:
 174
231
273

[2025-09-30T22:43:17.10983] construccionGRASPParaUnaRuta: Pedidos que entraron a la RCL: 
PedidoParaAlgoritmo{id=1, idAlmacenDestino=17, pedidas=800, entregadas=0, programadas=414, restante=386}

[2025-09-30T22:43:17.109838] construccionGRASPParaUnaRuta: Máximo de intentos de pedidos: 2
[2025-09-30T22:43:17.109842] construccionGRASPParaUnaRuta: Pedido pretendiente para la ruta:  
PedidoParaAlgoritmo{id=1, idAlmacenDestino=17, pedidas=800, entregadas=0, programadas=414, restante=386}
[2025-09-30T22:43:17.109853] capacidadMaxAsignableEnRuta: Este es el primer almacén y es infinito, no lo simularé: AlmacenParaAlgoritmo{id=2, capacidadMaxima=1000000, capacidadOcupada=0, capacidadSinOcupar=1000000, nombrePais=Universal, nombreCiudad=Mega Global Hub, esInfinito=true}
[2025-09-30T22:43:17.109867] 
capacidadMaxAsignableEnRuta: Simulación del almDestino en el instante 2025-10-02 10:00:00: AlmacenParaAlgoritmo{id=5, capacidadMaxima=430, capacidadOcupada=0, capacidadSinOcupar=430, nombrePais=Colombia, nombreCiudad=Bogotá, esInfinito=false}
[2025-09-30T22:43:17.109873] capacidadMaxAsignableEnRuta: Este es un vuelo intermedio o inicial en ruta:VueloParaAlgoritmo{id=174, inicio=2025-10-02T06:00:00Z, fin=2025-10-02T10:00:00Z, idAlmacenOrigen=2, idAlmacenDestino=5, capacidadMaximaProductos=520, capacidadOcupadaProductos=0, capacidadSinOcupar=520, capacidadSinOcuparCalc=520}
[2025-09-30T22:43:17.10989] capacidadMaxAsignableEnRuta: Simulación del almOrigen en el instante 2025-10-02 13:00:00: AlmacenParaAlgoritmo{id=5, capacidadMaxima=430, capacidadOcupada=0, capacidadSinOcupar=430, nombrePais=Colombia, nombreCiudad=Bogotá, esInfinito=false}
[2025-09-30T22:43:17.109898] construccionGRASPParaUnaRuta: Pedido id=1 no factible, cantidad factible: 0
[2025-09-30T22:43:17.109901] construccionGRASPParaUnaRuta: rclPedidos: esta fue la iteración en rcl de pedidos N°0 en iter. ruta: 10
[2025-09-30T22:43:17.109905] construccionGRASPParaUnaRuta: Pedido pretendiente para la ruta:  
PedidoParaAlgoritmo{id=1, idAlmacenDestino=17, pedidas=800, entregadas=0, programadas=414, restante=386}
[2025-09-30T22:43:17.109914] capacidadMaxAsignableEnRuta: Este es el primer almacén y es infinito, no lo simularé: AlmacenParaAlgoritmo{id=2, capacidadMaxima=1000000, capacidadOcupada=0, capacidadSinOcupar=1000000, nombrePais=Universal, nombreCiudad=Mega Global Hub, esInfinito=true}
[2025-09-30T22:43:17.109932] 
capacidadMaxAsignableEnRuta: Simulación del almDestino en el instante 2025-10-02 10:00:00: AlmacenParaAlgoritmo{id=5, capacidadMaxima=430, capacidadOcupada=0, capacidadSinOcupar=430, nombrePais=Colombia, nombreCiudad=Bogotá, esInfinito=false}
[2025-09-30T22:43:17.109937] capacidadMaxAsignableEnRuta: Este es un vuelo intermedio o inicial en ruta:VueloParaAlgoritmo{id=174, inicio=2025-10-02T06:00:00Z, fin=2025-10-02T10:00:00Z, idAlmacenOrigen=2, idAlmacenDestino=5, capacidadMaximaProductos=520, capacidadOcupadaProductos=0, capacidadSinOcupar=520, capacidadSinOcuparCalc=520}
[2025-09-30T22:43:17.109948] capacidadMaxAsignableEnRuta: Simulación del almOrigen en el instante 2025-10-02 13:00:00: AlmacenParaAlgoritmo{id=5, capacidadMaxima=430, capacidadOcupada=0, capacidadSinOcupar=430, nombrePais=Colombia, nombreCiudad=Bogotá, esInfinito=false}
[2025-09-30T22:43:17.109956] construccionGRASPParaUnaRuta: Pedido id=1 no factible, cantidad factible: 0
[2025-09-30T22:43:17.109964] construccionGRASPParaUnaRuta: rclPedidos: esta fue la iteración en rcl de pedidos N°1 en iter. ruta: 10
[2025-09-30T22:43:17.109966] construccionGRASPParaUnaRuta: La lista de vuelos no produjo asignaciones útiles para el pedido de RCL 
-> probando siguiente ruta (lista de vuelos) de la RCL.
[2025-09-30T22:43:17.109968] construccionGRASPParaUnaRuta: esta fue la iteración en rcl de rutas N°10
[2025-09-30T22:43:17.109972] construccionGRASPParaUnaRuta: Ruta seleccionada desde RCl, sus vuelos:
 178
273

[2025-09-30T22:43:17.109993] construccionGRASPParaUnaRuta: Pedidos que entraron a la RCL: 
PedidoParaAlgoritmo{id=1, idAlmacenDestino=17, pedidas=800, entregadas=0, programadas=414, restante=386}

[2025-09-30T22:43:17.109996] construccionGRASPParaUnaRuta: Máximo de intentos de pedidos: 2
[2025-09-30T22:43:17.109999] construccionGRASPParaUnaRuta: Pedido pretendiente para la ruta:  
PedidoParaAlgoritmo{id=1, idAlmacenDestino=17, pedidas=800, entregadas=0, programadas=414, restante=386}
[2025-09-30T22:43:17.110016] capacidadMaxAsignableEnRuta: Este es el primer almacén y es infinito, no lo simularé: AlmacenParaAlgoritmo{id=2, capacidadMaxima=1000000, capacidadOcupada=0, capacidadSinOcupar=1000000, nombrePais=Universal, nombreCiudad=Mega Global Hub, esInfinito=true}
[2025-09-30T22:43:17.110025] construccionGRASPParaUnaRuta: Pedido id=1 no factible, cantidad factible: 0
[2025-09-30T22:43:17.110027] construccionGRASPParaUnaRuta: rclPedidos: esta fue la iteración en rcl de pedidos N°0 en iter. ruta: 11
[2025-09-30T22:43:17.110031] construccionGRASPParaUnaRuta: Pedido pretendiente para la ruta:  
PedidoParaAlgoritmo{id=1, idAlmacenDestino=17, pedidas=800, entregadas=0, programadas=414, restante=386}
[2025-09-30T22:43:17.110039] capacidadMaxAsignableEnRuta: Este es el primer almacén y es infinito, no lo simularé: AlmacenParaAlgoritmo{id=2, capacidadMaxima=1000000, capacidadOcupada=0, capacidadSinOcupar=1000000, nombrePais=Universal, nombreCiudad=Mega Global Hub, esInfinito=true}
[2025-09-30T22:43:17.110047] construccionGRASPParaUnaRuta: Pedido id=1 no factible, cantidad factible: 0
[2025-09-30T22:43:17.11005] construccionGRASPParaUnaRuta: rclPedidos: esta fue la iteración en rcl de pedidos N°1 en iter. ruta: 11
[2025-09-30T22:43:17.11006] construccionGRASPParaUnaRuta: La lista de vuelos no produjo asignaciones útiles para el pedido de RCL 
-> probando siguiente ruta (lista de vuelos) de la RCL.
[2025-09-30T22:43:17.110071] construccionGRASPParaUnaRuta: esta fue la iteración en rcl de rutas N°11
[2025-09-30T22:43:17.110074] construccionGRASPParaUnaRuta: Ruta seleccionada desde RCl, sus vuelos:
 17
96

[2025-09-30T22:43:17.110092] construccionGRASPParaUnaRuta: Pedidos que entraron a la RCL: 
PedidoParaAlgoritmo{id=1, idAlmacenDestino=17, pedidas=800, entregadas=0, programadas=414, restante=386}

[2025-09-30T22:43:17.110095] construccionGRASPParaUnaRuta: Máximo de intentos de pedidos: 2
[2025-09-30T22:43:17.110098] construccionGRASPParaUnaRuta: Pedido pretendiente para la ruta:  
PedidoParaAlgoritmo{id=1, idAlmacenDestino=17, pedidas=800, entregadas=0, programadas=414, restante=386}
[2025-09-30T22:43:17.110108] capacidadMaxAsignableEnRuta: Este es el primer almacén y es infinito, no lo simularé: AlmacenParaAlgoritmo{id=1, capacidadMaxima=1000000, capacidadOcupada=0, capacidadSinOcupar=1000000, nombrePais=Global, nombreCiudad=Global Hub City, esInfinito=true}
[2025-09-30T22:43:17.110123] construccionGRASPParaUnaRuta: Pedido id=1 no factible, cantidad factible: 0
[2025-09-30T22:43:17.110126] construccionGRASPParaUnaRuta: rclPedidos: esta fue la iteración en rcl de pedidos N°0 en iter. ruta: 12
[2025-09-30T22:43:17.110129] construccionGRASPParaUnaRuta: Pedido pretendiente para la ruta:  
PedidoParaAlgoritmo{id=1, idAlmacenDestino=17, pedidas=800, entregadas=0, programadas=414, restante=386}
[2025-09-30T22:43:17.110137] capacidadMaxAsignableEnRuta: Este es el primer almacén y es infinito, no lo simularé: AlmacenParaAlgoritmo{id=1, capacidadMaxima=1000000, capacidadOcupada=0, capacidadSinOcupar=1000000, nombrePais=Global, nombreCiudad=Global Hub City, esInfinito=true}
[2025-09-30T22:43:17.110145] construccionGRASPParaUnaRuta: Pedido id=1 no factible, cantidad factible: 0
[2025-09-30T22:43:17.110147] construccionGRASPParaUnaRuta: rclPedidos: esta fue la iteración en rcl de pedidos N°1 en iter. ruta: 12
[2025-09-30T22:43:17.110149] construccionGRASPParaUnaRuta: La lista de vuelos no produjo asignaciones útiles para el pedido de RCL 
-> probando siguiente ruta (lista de vuelos) de la RCL.
[2025-09-30T22:43:17.110156] construccionGRASPParaUnaRuta: esta fue la iteración en rcl de rutas N°12
[2025-09-30T22:43:17.110159] construccionGRASPParaUnaRuta: Ruta seleccionada desde RCl, sus vuelos:
 184
255

[2025-09-30T22:43:17.110176] construccionGRASPParaUnaRuta: Pedidos que entraron a la RCL: 
PedidoParaAlgoritmo{id=1, idAlmacenDestino=17, pedidas=800, entregadas=0, programadas=414, restante=386}

[2025-09-30T22:43:17.110178] construccionGRASPParaUnaRuta: Máximo de intentos de pedidos: 2
[2025-09-30T22:43:17.110181] construccionGRASPParaUnaRuta: Pedido pretendiente para la ruta:  
PedidoParaAlgoritmo{id=1, idAlmacenDestino=17, pedidas=800, entregadas=0, programadas=414, restante=386}
[2025-09-30T22:43:17.110191] capacidadMaxAsignableEnRuta: Este es el primer almacén y es infinito, no lo simularé: AlmacenParaAlgoritmo{id=3, capacidadMaxima=1000000, capacidadOcupada=0, capacidadSinOcupar=1000000, nombrePais=Europa, nombreCiudad=Euro Hub, esInfinito=true}
[2025-09-30T22:43:17.110212] 
capacidadMaxAsignableEnRuta: Simulación del almDestino en el instante 2025-10-02 08:00:00: AlmacenParaAlgoritmo{id=16, capacidadMaxima=430, capacidadOcupada=0, capacidadSinOcupar=430, nombrePais=Austria, nombreCiudad=Viena, esInfinito=false}
[2025-09-30T22:43:17.110221] capacidadMaxAsignableEnRuta: Este es un vuelo intermedio o inicial en ruta:VueloParaAlgoritmo{id=184, inicio=2025-10-02T06:00:00Z, fin=2025-10-02T08:00:00Z, idAlmacenOrigen=3, idAlmacenDestino=16, capacidadMaximaProductos=460, capacidadOcupadaProductos=0, capacidadSinOcupar=460, capacidadSinOcuparCalc=460}
[2025-09-30T22:43:17.110236] capacidadMaxAsignableEnRuta: Simulación del almOrigen en el instante 2025-10-02 14:00:00: AlmacenParaAlgoritmo{id=16, capacidadMaxima=430, capacidadOcupada=0, capacidadSinOcupar=430, nombrePais=Austria, nombreCiudad=Viena, esInfinito=false}
[2025-09-30T22:43:17.110248] 
capacidadMaxAsignableEnRuta: Simulación del almDestino en el instante 2025-10-02 21:00:00: AlmacenParaAlgoritmo{id=17, capacidadMaxima=440, capacidadOcupada=27, capacidadSinOcupar=413, nombrePais=Bélgica, nombreCiudad=Bruselas, esInfinito=false}
[2025-09-30T22:43:17.110257] capacidadMaxAsignableEnRuta: Encontré al último vuelo de ruta: VueloParaAlgoritmo{id=255, inicio=2025-10-02T14:00:00Z, fin=2025-10-02T21:00:00Z, idAlmacenOrigen=16, idAlmacenDestino=17, capacidadMaximaProductos=320, capacidadOcupadaProductos=0, capacidadSinOcupar=320, capacidadSinOcuparCalc=320}
[2025-09-30T22:43:17.11026] minimaCapacidadVuelos 320
[2025-09-30T22:43:17.110268] minDispAlmacenes 413
[2025-09-30T22:43:17.110282] Simulación del almacén destino hasta siguiente inicio: AlmacenParaAlgoritmo{id=16, capacidadMaxima=430, capacidadOcupada=320, capacidadSinOcupar=110, nombrePais=Austria, nombreCiudad=Viena, esInfinito=false}=0
[2025-09-30T22:43:17.110295] Simulación del almacén destino hasta siguiente inicio: AlmacenParaAlgoritmo{id=17, capacidadMaxima=440, capacidadOcupada=440, capacidadSinOcupar=0, nombrePais=Bélgica, nombreCiudad=Bruselas, esInfinito=false}=413
[2025-09-30T22:43:17.110297] El almacén colapsaría con una diferencia de: 413
[2025-09-30T22:43:17.110304] maxDiferenciaColapso 413
[2025-09-30T22:43:17.110306] Asignable final: -93
[2025-09-30T22:43:17.110309] construccionGRASPParaUnaRuta: Pedido id=1 no factible, cantidad factible: 0
[2025-09-30T22:43:17.110312] construccionGRASPParaUnaRuta: rclPedidos: esta fue la iteración en rcl de pedidos N°0 en iter. ruta: 13
[2025-09-30T22:43:17.110316] construccionGRASPParaUnaRuta: Pedido pretendiente para la ruta:  
PedidoParaAlgoritmo{id=1, idAlmacenDestino=17, pedidas=800, entregadas=0, programadas=414, restante=386}
[2025-09-30T22:43:17.110329] capacidadMaxAsignableEnRuta: Este es el primer almacén y es infinito, no lo simularé: AlmacenParaAlgoritmo{id=3, capacidadMaxima=1000000, capacidadOcupada=0, capacidadSinOcupar=1000000, nombrePais=Europa, nombreCiudad=Euro Hub, esInfinito=true}
[2025-09-30T22:43:17.110345] 
capacidadMaxAsignableEnRuta: Simulación del almDestino en el instante 2025-10-02 08:00:00: AlmacenParaAlgoritmo{id=16, capacidadMaxima=430, capacidadOcupada=320, capacidadSinOcupar=110, nombrePais=Austria, nombreCiudad=Viena, esInfinito=false}
[2025-09-30T22:43:17.110353] capacidadMaxAsignableEnRuta: Este es un vuelo intermedio o inicial en ruta:VueloParaAlgoritmo{id=184, inicio=2025-10-02T06:00:00Z, fin=2025-10-02T08:00:00Z, idAlmacenOrigen=3, idAlmacenDestino=16, capacidadMaximaProductos=460, capacidadOcupadaProductos=0, capacidadSinOcupar=460, capacidadSinOcuparCalc=460}
[2025-09-30T22:43:17.110366] capacidadMaxAsignableEnRuta: Simulación del almOrigen en el instante 2025-10-02 14:00:00: AlmacenParaAlgoritmo{id=16, capacidadMaxima=430, capacidadOcupada=320, capacidadSinOcupar=110, nombrePais=Austria, nombreCiudad=Viena, esInfinito=false}
[2025-09-30T22:43:17.110376] 
capacidadMaxAsignableEnRuta: Simulación del almDestino en el instante 2025-10-02 21:00:00: AlmacenParaAlgoritmo{id=17, capacidadMaxima=440, capacidadOcupada=27, capacidadSinOcupar=413, nombrePais=Bélgica, nombreCiudad=Bruselas, esInfinito=false}
[2025-09-30T22:43:17.110383] capacidadMaxAsignableEnRuta: Encontré al último vuelo de ruta: VueloParaAlgoritmo{id=255, inicio=2025-10-02T14:00:00Z, fin=2025-10-02T21:00:00Z, idAlmacenOrigen=16, idAlmacenDestino=17, capacidadMaximaProductos=320, capacidadOcupadaProductos=0, capacidadSinOcupar=320, capacidadSinOcuparCalc=320}
[2025-09-30T22:43:17.110385] minimaCapacidadVuelos 320
[2025-09-30T22:43:17.110395] minDispAlmacenes 110
[2025-09-30T22:43:17.110407] Simulación del almacén destino hasta siguiente inicio: AlmacenParaAlgoritmo{id=16, capacidadMaxima=430, capacidadOcupada=430, capacidadSinOcupar=0, nombrePais=Austria, nombreCiudad=Viena, esInfinito=false}=0
[2025-09-30T22:43:17.110417] Simulación del almacén destino hasta siguiente inicio: AlmacenParaAlgoritmo{id=17, capacidadMaxima=440, capacidadOcupada=440, capacidadSinOcupar=0, nombrePais=Bélgica, nombreCiudad=Bruselas, esInfinito=false}=413
[2025-09-30T22:43:17.110419] El almacén colapsaría con una diferencia de: 413
[2025-09-30T22:43:17.110421] maxDiferenciaColapso 413
[2025-09-30T22:43:17.110423] Asignable final: -303
[2025-09-30T22:43:17.110425] construccionGRASPParaUnaRuta: Pedido id=1 no factible, cantidad factible: 0
[2025-09-30T22:43:17.110427] construccionGRASPParaUnaRuta: rclPedidos: esta fue la iteración en rcl de pedidos N°1 en iter. ruta: 13
[2025-09-30T22:43:17.110435] construccionGRASPParaUnaRuta: La lista de vuelos no produjo asignaciones útiles para el pedido de RCL 
-> probando siguiente ruta (lista de vuelos) de la RCL.
[2025-09-30T22:43:17.110437] construccionGRASPParaUnaRuta: esta fue la iteración en rcl de rutas N°13
[2025-09-30T22:43:17.110441] construccionGRASPParaUnaRuta: Ruta seleccionada desde RCl, sus vuelos:
 174
231
273

[2025-09-30T22:43:17.110465] construccionGRASPParaUnaRuta: Pedidos que entraron a la RCL: 
PedidoParaAlgoritmo{id=1, idAlmacenDestino=17, pedidas=800, entregadas=0, programadas=414, restante=386}

[2025-09-30T22:43:17.110469] construccionGRASPParaUnaRuta: Máximo de intentos de pedidos: 2
[2025-09-30T22:43:17.110474] construccionGRASPParaUnaRuta: Pedido pretendiente para la ruta:  
PedidoParaAlgoritmo{id=1, idAlmacenDestino=17, pedidas=800, entregadas=0, programadas=414, restante=386}
[2025-09-30T22:43:17.110488] capacidadMaxAsignableEnRuta: Este es el primer almacén y es infinito, no lo simularé: AlmacenParaAlgoritmo{id=2, capacidadMaxima=1000000, capacidadOcupada=0, capacidadSinOcupar=1000000, nombrePais=Universal, nombreCiudad=Mega Global Hub, esInfinito=true}
[2025-09-30T22:43:17.110507] 
capacidadMaxAsignableEnRuta: Simulación del almDestino en el instante 2025-10-02 10:00:00: AlmacenParaAlgoritmo{id=5, capacidadMaxima=430, capacidadOcupada=0, capacidadSinOcupar=430, nombrePais=Colombia, nombreCiudad=Bogotá, esInfinito=false}
[2025-09-30T22:43:17.110512] capacidadMaxAsignableEnRuta: Este es un vuelo intermedio o inicial en ruta:VueloParaAlgoritmo{id=174, inicio=2025-10-02T06:00:00Z, fin=2025-10-02T10:00:00Z, idAlmacenOrigen=2, idAlmacenDestino=5, capacidadMaximaProductos=520, capacidadOcupadaProductos=0, capacidadSinOcupar=520, capacidadSinOcuparCalc=520}
[2025-09-30T22:43:17.110524] capacidadMaxAsignableEnRuta: Simulación del almOrigen en el instante 2025-10-02 13:00:00: AlmacenParaAlgoritmo{id=5, capacidadMaxima=430, capacidadOcupada=0, capacidadSinOcupar=430, nombrePais=Colombia, nombreCiudad=Bogotá, esInfinito=false}
[2025-09-30T22:43:17.110532] construccionGRASPParaUnaRuta: Pedido id=1 no factible, cantidad factible: 0
[2025-09-30T22:43:17.11054] construccionGRASPParaUnaRuta: rclPedidos: esta fue la iteración en rcl de pedidos N°0 en iter. ruta: 14
[2025-09-30T22:43:17.110544] construccionGRASPParaUnaRuta: Pedido pretendiente para la ruta:  
PedidoParaAlgoritmo{id=1, idAlmacenDestino=17, pedidas=800, entregadas=0, programadas=414, restante=386}
[2025-09-30T22:43:17.110554] capacidadMaxAsignableEnRuta: Este es el primer almacén y es infinito, no lo simularé: AlmacenParaAlgoritmo{id=2, capacidadMaxima=1000000, capacidadOcupada=0, capacidadSinOcupar=1000000, nombrePais=Universal, nombreCiudad=Mega Global Hub, esInfinito=true}
[2025-09-30T22:43:17.110564] 
capacidadMaxAsignableEnRuta: Simulación del almDestino en el instante 2025-10-02 10:00:00: AlmacenParaAlgoritmo{id=5, capacidadMaxima=430, capacidadOcupada=0, capacidadSinOcupar=430, nombrePais=Colombia, nombreCiudad=Bogotá, esInfinito=false}
[2025-09-30T22:43:17.110569] capacidadMaxAsignableEnRuta: Este es un vuelo intermedio o inicial en ruta:VueloParaAlgoritmo{id=174, inicio=2025-10-02T06:00:00Z, fin=2025-10-02T10:00:00Z, idAlmacenOrigen=2, idAlmacenDestino=5, capacidadMaximaProductos=520, capacidadOcupadaProductos=0, capacidadSinOcupar=520, capacidadSinOcuparCalc=520}
[2025-09-30T22:43:17.110583] capacidadMaxAsignableEnRuta: Simulación del almOrigen en el instante 2025-10-02 13:00:00: AlmacenParaAlgoritmo{id=5, capacidadMaxima=430, capacidadOcupada=0, capacidadSinOcupar=430, nombrePais=Colombia, nombreCiudad=Bogotá, esInfinito=false}
[2025-09-30T22:43:17.11059] construccionGRASPParaUnaRuta: Pedido id=1 no factible, cantidad factible: 0
[2025-09-30T22:43:17.110592] construccionGRASPParaUnaRuta: rclPedidos: esta fue la iteración en rcl de pedidos N°1 en iter. ruta: 14
[2025-09-30T22:43:17.110594] construccionGRASPParaUnaRuta: La lista de vuelos no produjo asignaciones útiles para el pedido de RCL 
-> probando siguiente ruta (lista de vuelos) de la RCL.
[2025-09-30T22:43:17.110595] construccionGRASPParaUnaRuta: esta fue la iteración en rcl de rutas N°14
[2025-09-30T22:43:17.110599] construccionGRASPParaUnaRuta: Ruta seleccionada desde RCl, sus vuelos:
 185

[2025-09-30T22:43:17.110623] construccionGRASPParaUnaRuta: Pedidos que entraron a la RCL: 
PedidoParaAlgoritmo{id=1, idAlmacenDestino=17, pedidas=800, entregadas=0, programadas=414, restante=386}

[2025-09-30T22:43:17.110625] construccionGRASPParaUnaRuta: Máximo de intentos de pedidos: 2
[2025-09-30T22:43:17.110628] construccionGRASPParaUnaRuta: Pedido pretendiente para la ruta:  
PedidoParaAlgoritmo{id=1, idAlmacenDestino=17, pedidas=800, entregadas=0, programadas=414, restante=386}
[2025-09-30T22:43:17.110638] capacidadMaxAsignableEnRuta: Este es el primer almacén y es infinito, no lo simularé: AlmacenParaAlgoritmo{id=3, capacidadMaxima=1000000, capacidadOcupada=0, capacidadSinOcupar=1000000, nombrePais=Europa, nombreCiudad=Euro Hub, esInfinito=true}
[2025-09-30T22:43:17.110649] 
capacidadMaxAsignableEnRuta: Simulación del almDestino en el instante 2025-10-03 03:00:00: AlmacenParaAlgoritmo{id=17, capacidadMaxima=440, capacidadOcupada=27, capacidadSinOcupar=413, nombrePais=Bélgica, nombreCiudad=Bruselas, esInfinito=false}
[2025-09-30T22:43:17.110655] capacidadMaxAsignableEnRuta: Encontré al último vuelo de ruta: VueloParaAlgoritmo{id=185, inicio=2025-10-02T07:00:00Z, fin=2025-10-03T03:00:00Z, idAlmacenOrigen=3, idAlmacenDestino=17, capacidadMaximaProductos=440, capacidadOcupadaProductos=0, capacidadSinOcupar=440, capacidadSinOcuparCalc=440}
[2025-09-30T22:43:17.110661] minimaCapacidadVuelos 440
[2025-09-30T22:43:17.110667] minDispAlmacenes 413
[2025-09-30T22:43:17.11068] Simulación del almacén destino hasta siguiente inicio: AlmacenParaAlgoritmo{id=17, capacidadMaxima=440, capacidadOcupada=440, capacidadSinOcupar=0, nombrePais=Bélgica, nombreCiudad=Bruselas, esInfinito=false}=413
[2025-09-30T22:43:17.110682] El almacén colapsaría con una diferencia de: 413
[2025-09-30T22:43:17.110684] maxDiferenciaColapso 413
[2025-09-30T22:43:17.110685] Asignable final: -27
[2025-09-30T22:43:17.110688] construccionGRASPParaUnaRuta: Pedido id=1 no factible, cantidad factible: 0
[2025-09-30T22:43:17.11069] construccionGRASPParaUnaRuta: rclPedidos: esta fue la iteración en rcl de pedidos N°0 en iter. ruta: 15
[2025-09-30T22:43:17.110693] construccionGRASPParaUnaRuta: Pedido pretendiente para la ruta:  
PedidoParaAlgoritmo{id=1, idAlmacenDestino=17, pedidas=800, entregadas=0, programadas=414, restante=386}
[2025-09-30T22:43:17.110711] capacidadMaxAsignableEnRuta: Este es el primer almacén y es infinito, no lo simularé: AlmacenParaAlgoritmo{id=3, capacidadMaxima=1000000, capacidadOcupada=0, capacidadSinOcupar=1000000, nombrePais=Europa, nombreCiudad=Euro Hub, esInfinito=true}
[2025-09-30T22:43:17.110723] 
capacidadMaxAsignableEnRuta: Simulación del almDestino en el instante 2025-10-03 03:00:00: AlmacenParaAlgoritmo{id=17, capacidadMaxima=440, capacidadOcupada=27, capacidadSinOcupar=413, nombrePais=Bélgica, nombreCiudad=Bruselas, esInfinito=false}
[2025-09-30T22:43:17.110728] capacidadMaxAsignableEnRuta: Encontré al último vuelo de ruta: VueloParaAlgoritmo{id=185, inicio=2025-10-02T07:00:00Z, fin=2025-10-03T03:00:00Z, idAlmacenOrigen=3, idAlmacenDestino=17, capacidadMaximaProductos=440, capacidadOcupadaProductos=0, capacidadSinOcupar=440, capacidadSinOcuparCalc=440}
[2025-09-30T22:43:17.11073] minimaCapacidadVuelos 440
[2025-09-30T22:43:17.110735] minDispAlmacenes 413
[2025-09-30T22:43:17.110752] Simulación del almacén destino hasta siguiente inicio: AlmacenParaAlgoritmo{id=17, capacidadMaxima=440, capacidadOcupada=440, capacidadSinOcupar=0, nombrePais=Bélgica, nombreCiudad=Bruselas, esInfinito=false}=413
[2025-09-30T22:43:17.110754] El almacén colapsaría con una diferencia de: 413
[2025-09-30T22:43:17.110755] maxDiferenciaColapso 413
[2025-09-30T22:43:17.110757] Asignable final: -27
[2025-09-30T22:43:17.110759] construccionGRASPParaUnaRuta: Pedido id=1 no factible, cantidad factible: 0
[2025-09-30T22:43:17.110761] construccionGRASPParaUnaRuta: rclPedidos: esta fue la iteración en rcl de pedidos N°1 en iter. ruta: 15
[2025-09-30T22:43:17.110763] construccionGRASPParaUnaRuta: La lista de vuelos no produjo asignaciones útiles para el pedido de RCL 
-> probando siguiente ruta (lista de vuelos) de la RCL.
[2025-09-30T22:43:17.110764] construccionGRASPParaUnaRuta: esta fue la iteración en rcl de rutas N°15
[2025-09-30T22:43:17.110768] construccionGRASPParaUnaRuta: Ruta seleccionada desde RCl, sus vuelos:
 17
116

[2025-09-30T22:43:17.110794] construccionGRASPParaUnaRuta: Pedidos que entraron a la RCL: 
PedidoParaAlgoritmo{id=1, idAlmacenDestino=17, pedidas=800, entregadas=0, programadas=414, restante=386}

[2025-09-30T22:43:17.110796] construccionGRASPParaUnaRuta: Máximo de intentos de pedidos: 2
[2025-09-30T22:43:17.110799] construccionGRASPParaUnaRuta: Pedido pretendiente para la ruta:  
PedidoParaAlgoritmo{id=1, idAlmacenDestino=17, pedidas=800, entregadas=0, programadas=414, restante=386}
[2025-09-30T22:43:17.110811] capacidadMaxAsignableEnRuta: Este es el primer almacén y es infinito, no lo simularé: AlmacenParaAlgoritmo{id=1, capacidadMaxima=1000000, capacidadOcupada=0, capacidadSinOcupar=1000000, nombrePais=Global, nombreCiudad=Global Hub City, esInfinito=true}
[2025-09-30T22:43:17.110819] construccionGRASPParaUnaRuta: Pedido id=1 no factible, cantidad factible: 0
[2025-09-30T22:43:17.110821] construccionGRASPParaUnaRuta: rclPedidos: esta fue la iteración en rcl de pedidos N°0 en iter. ruta: 16
[2025-09-30T22:43:17.110824] construccionGRASPParaUnaRuta: Pedido pretendiente para la ruta:  
PedidoParaAlgoritmo{id=1, idAlmacenDestino=17, pedidas=800, entregadas=0, programadas=414, restante=386}
[2025-09-30T22:43:17.110837] capacidadMaxAsignableEnRuta: Este es el primer almacén y es infinito, no lo simularé: AlmacenParaAlgoritmo{id=1, capacidadMaxima=1000000, capacidadOcupada=0, capacidadSinOcupar=1000000, nombrePais=Global, nombreCiudad=Global Hub City, esInfinito=true}
[2025-09-30T22:43:17.110845] construccionGRASPParaUnaRuta: Pedido id=1 no factible, cantidad factible: 0
[2025-09-30T22:43:17.110847] construccionGRASPParaUnaRuta: rclPedidos: esta fue la iteración en rcl de pedidos N°1 en iter. ruta: 16
[2025-09-30T22:43:17.110848] construccionGRASPParaUnaRuta: La lista de vuelos no produjo asignaciones útiles para el pedido de RCL 
-> probando siguiente ruta (lista de vuelos) de la RCL.
[2025-09-30T22:43:17.11085] construccionGRASPParaUnaRuta: esta fue la iteración en rcl de rutas N°16
[2025-09-30T22:43:17.110853] construccionGRASPParaUnaRuta: Ruta seleccionada desde RCl, sus vuelos:
 37
96

[2025-09-30T22:43:17.110872] construccionGRASPParaUnaRuta: Pedidos que entraron a la RCL: 
PedidoParaAlgoritmo{id=1, idAlmacenDestino=17, pedidas=800, entregadas=0, programadas=414, restante=386}

[2025-09-30T22:43:17.11088] construccionGRASPParaUnaRuta: Máximo de intentos de pedidos: 2
[2025-09-30T22:43:17.110884] construccionGRASPParaUnaRuta: Pedido pretendiente para la ruta:  
PedidoParaAlgoritmo{id=1, idAlmacenDestino=17, pedidas=800, entregadas=0, programadas=414, restante=386}
[2025-09-30T22:43:17.110894] capacidadMaxAsignableEnRuta: Este es el primer almacén y es infinito, no lo simularé: AlmacenParaAlgoritmo{id=2, capacidadMaxima=1000000, capacidadOcupada=0, capacidadSinOcupar=1000000, nombrePais=Universal, nombreCiudad=Mega Global Hub, esInfinito=true}
[2025-09-30T22:43:17.110902] construccionGRASPParaUnaRuta: Pedido id=1 no factible, cantidad factible: 0
[2025-09-30T22:43:17.110904] construccionGRASPParaUnaRuta: rclPedidos: esta fue la iteración en rcl de pedidos N°0 en iter. ruta: 17
[2025-09-30T22:43:17.110907] construccionGRASPParaUnaRuta: Pedido pretendiente para la ruta:  
PedidoParaAlgoritmo{id=1, idAlmacenDestino=17, pedidas=800, entregadas=0, programadas=414, restante=386}
[2025-09-30T22:43:17.110915] capacidadMaxAsignableEnRuta: Este es el primer almacén y es infinito, no lo simularé: AlmacenParaAlgoritmo{id=2, capacidadMaxima=1000000, capacidadOcupada=0, capacidadSinOcupar=1000000, nombrePais=Universal, nombreCiudad=Mega Global Hub, esInfinito=true}
[2025-09-30T22:43:17.110926] construccionGRASPParaUnaRuta: Pedido id=1 no factible, cantidad factible: 0
[2025-09-30T22:43:17.110928] construccionGRASPParaUnaRuta: rclPedidos: esta fue la iteración en rcl de pedidos N°1 en iter. ruta: 17
[2025-09-30T22:43:17.11093] construccionGRASPParaUnaRuta: La lista de vuelos no produjo asignaciones útiles para el pedido de RCL 
-> probando siguiente ruta (lista de vuelos) de la RCL.
[2025-09-30T22:43:17.110932] construccionGRASPParaUnaRuta: esta fue la iteración en rcl de rutas N°17
[2025-09-30T22:43:17.110935] construccionGRASPParaUnaRuta: Ruta seleccionada desde RCl, sus vuelos:
 8
221
273

[2025-09-30T22:43:17.110952] construccionGRASPParaUnaRuta: Pedidos que entraron a la RCL: 
PedidoParaAlgoritmo{id=1, idAlmacenDestino=17, pedidas=800, entregadas=0, programadas=414, restante=386}

[2025-09-30T22:43:17.110955] construccionGRASPParaUnaRuta: Máximo de intentos de pedidos: 2
[2025-09-30T22:43:17.110962] construccionGRASPParaUnaRuta: Pedido pretendiente para la ruta:  
PedidoParaAlgoritmo{id=1, idAlmacenDestino=17, pedidas=800, entregadas=0, programadas=414, restante=386}
[2025-09-30T22:43:17.110972] capacidadMaxAsignableEnRuta: Este es el primer almacén y es infinito, no lo simularé: AlmacenParaAlgoritmo{id=1, capacidadMaxima=1000000, capacidadOcupada=0, capacidadSinOcupar=1000000, nombrePais=Global, nombreCiudad=Global Hub City, esInfinito=true}
[2025-09-30T22:43:17.110985] 
capacidadMaxAsignableEnRuta: Simulación del almDestino en el instante 2025-10-02 12:59:32: AlmacenParaAlgoritmo{id=12, capacidadMaxima=460, capacidadOcupada=0, capacidadSinOcupar=460, nombrePais=Argentina, nombreCiudad=Buenos Aires, esInfinito=false}
[2025-09-30T22:43:17.110991] capacidadMaxAsignableEnRuta: Este es un vuelo intermedio o inicial en ruta:VueloParaAlgoritmo{id=8, inicio=2025-10-02T05:10:11Z, fin=2025-10-02T12:59:32Z, idAlmacenOrigen=1, idAlmacenDestino=12, capacidadMaximaProductos=408, capacidadOcupadaProductos=0, capacidadSinOcupar=408, capacidadSinOcuparCalc=408}
[2025-09-30T22:43:17.111008] capacidadMaxAsignableEnRuta: Simulación del almOrigen en el instante 2025-10-02 15:00:00: AlmacenParaAlgoritmo{id=12, capacidadMaxima=460, capacidadOcupada=0, capacidadSinOcupar=460, nombrePais=Argentina, nombreCiudad=Buenos Aires, esInfinito=false}
[2025-09-30T22:43:17.111016] construccionGRASPParaUnaRuta: Pedido id=1 no factible, cantidad factible: 0
[2025-09-30T22:43:17.111019] construccionGRASPParaUnaRuta: rclPedidos: esta fue la iteración en rcl de pedidos N°0 en iter. ruta: 18
[2025-09-30T22:43:17.111022] construccionGRASPParaUnaRuta: Pedido pretendiente para la ruta:  
PedidoParaAlgoritmo{id=1, idAlmacenDestino=17, pedidas=800, entregadas=0, programadas=414, restante=386}
[2025-09-30T22:43:17.111031] capacidadMaxAsignableEnRuta: Este es el primer almacén y es infinito, no lo simularé: AlmacenParaAlgoritmo{id=1, capacidadMaxima=1000000, capacidadOcupada=0, capacidadSinOcupar=1000000, nombrePais=Global, nombreCiudad=Global Hub City, esInfinito=true}
[2025-09-30T22:43:17.111044] 
capacidadMaxAsignableEnRuta: Simulación del almDestino en el instante 2025-10-02 12:59:32: AlmacenParaAlgoritmo{id=12, capacidadMaxima=460, capacidadOcupada=0, capacidadSinOcupar=460, nombrePais=Argentina, nombreCiudad=Buenos Aires, esInfinito=false}
[2025-09-30T22:43:17.11105] capacidadMaxAsignableEnRuta: Este es un vuelo intermedio o inicial en ruta:VueloParaAlgoritmo{id=8, inicio=2025-10-02T05:10:11Z, fin=2025-10-02T12:59:32Z, idAlmacenOrigen=1, idAlmacenDestino=12, capacidadMaximaProductos=408, capacidadOcupadaProductos=0, capacidadSinOcupar=408, capacidadSinOcuparCalc=408}
[2025-09-30T22:43:17.11106] capacidadMaxAsignableEnRuta: Simulación del almOrigen en el instante 2025-10-02 15:00:00: AlmacenParaAlgoritmo{id=12, capacidadMaxima=460, capacidadOcupada=0, capacidadSinOcupar=460, nombrePais=Argentina, nombreCiudad=Buenos Aires, esInfinito=false}
[2025-09-30T22:43:17.111068] construccionGRASPParaUnaRuta: Pedido id=1 no factible, cantidad factible: 0
[2025-09-30T22:43:17.11107] construccionGRASPParaUnaRuta: rclPedidos: esta fue la iteración en rcl de pedidos N°1 en iter. ruta: 18
[2025-09-30T22:43:17.111071] construccionGRASPParaUnaRuta: La lista de vuelos no produjo asignaciones útiles para el pedido de RCL 
-> probando siguiente ruta (lista de vuelos) de la RCL.
[2025-09-30T22:43:17.111079] construccionGRASPParaUnaRuta: esta fue la iteración en rcl de rutas N°18
[2025-09-30T22:43:17.111082] construccionGRASPParaUnaRuta: Ruta seleccionada desde RCl, sus vuelos:
 55

[2025-09-30T22:43:17.111102] construccionGRASPParaUnaRuta: Pedidos que entraron a la RCL: 
PedidoParaAlgoritmo{id=1, idAlmacenDestino=17, pedidas=800, entregadas=0, programadas=414, restante=386}

[2025-09-30T22:43:17.111104] construccionGRASPParaUnaRuta: Máximo de intentos de pedidos: 2
[2025-09-30T22:43:17.111107] construccionGRASPParaUnaRuta: Pedido pretendiente para la ruta:  
PedidoParaAlgoritmo{id=1, idAlmacenDestino=17, pedidas=800, entregadas=0, programadas=414, restante=386}
[2025-09-30T22:43:17.111118] capacidadMaxAsignableEnRuta: Este es el primer almacén y es infinito, no lo simularé: AlmacenParaAlgoritmo{id=3, capacidadMaxima=1000000, capacidadOcupada=0, capacidadSinOcupar=1000000, nombrePais=Europa, nombreCiudad=Euro Hub, esInfinito=true}
[2025-09-30T22:43:17.111137] 
capacidadMaxAsignableEnRuta: Simulación del almDestino en el instante 2025-10-04 17:00:00: AlmacenParaAlgoritmo{id=17, capacidadMaxima=440, capacidadOcupada=27, capacidadSinOcupar=413, nombrePais=Bélgica, nombreCiudad=Bruselas, esInfinito=false}
[2025-09-30T22:43:17.111143] capacidadMaxAsignableEnRuta: Encontré al último vuelo de ruta: VueloParaAlgoritmo{id=55, inicio=2025-10-04T10:00:00Z, fin=2025-10-04T17:00:00Z, idAlmacenOrigen=3, idAlmacenDestino=17, capacidadMaximaProductos=453, capacidadOcupadaProductos=0, capacidadSinOcupar=453, capacidadSinOcuparCalc=453}
[2025-09-30T22:43:17.111145] minimaCapacidadVuelos 453
[2025-09-30T22:43:17.111152] minDispAlmacenes 413
[2025-09-30T22:43:17.111164] Simulación del almacén destino hasta siguiente inicio: AlmacenParaAlgoritmo{id=17, capacidadMaxima=440, capacidadOcupada=440, capacidadSinOcupar=0, nombrePais=Bélgica, nombreCiudad=Bruselas, esInfinito=false}=413
[2025-09-30T22:43:17.111166] El almacén colapsaría con una diferencia de: 413
[2025-09-30T22:43:17.111169] maxDiferenciaColapso 413
[2025-09-30T22:43:17.111175] Asignable final: -27
[2025-09-30T22:43:17.111178] construccionGRASPParaUnaRuta: Pedido id=1 no factible, cantidad factible: 0
[2025-09-30T22:43:17.11118] construccionGRASPParaUnaRuta: rclPedidos: esta fue la iteración en rcl de pedidos N°0 en iter. ruta: 19
[2025-09-30T22:43:17.111183] construccionGRASPParaUnaRuta: Pedido pretendiente para la ruta:  
PedidoParaAlgoritmo{id=1, idAlmacenDestino=17, pedidas=800, entregadas=0, programadas=414, restante=386}
[2025-09-30T22:43:17.111193] capacidadMaxAsignableEnRuta: Este es el primer almacén y es infinito, no lo simularé: AlmacenParaAlgoritmo{id=3, capacidadMaxima=1000000, capacidadOcupada=0, capacidadSinOcupar=1000000, nombrePais=Europa, nombreCiudad=Euro Hub, esInfinito=true}
[2025-09-30T22:43:17.111278] 
capacidadMaxAsignableEnRuta: Simulación del almDestino en el instante 2025-10-04 17:00:00: AlmacenParaAlgoritmo{id=17, capacidadMaxima=440, capacidadOcupada=27, capacidadSinOcupar=413, nombrePais=Bélgica, nombreCiudad=Bruselas, esInfinito=false}
[2025-09-30T22:43:17.111291] capacidadMaxAsignableEnRuta: Encontré al último vuelo de ruta: VueloParaAlgoritmo{id=55, inicio=2025-10-04T10:00:00Z, fin=2025-10-04T17:00:00Z, idAlmacenOrigen=3, idAlmacenDestino=17, capacidadMaximaProductos=453, capacidadOcupadaProductos=0, capacidadSinOcupar=453, capacidadSinOcuparCalc=453}
[2025-09-30T22:43:17.111302] minimaCapacidadVuelos 453
[2025-09-30T22:43:17.111343] minDispAlmacenes 413
[2025-09-30T22:43:17.111356] Simulación del almacén destino hasta siguiente inicio: AlmacenParaAlgoritmo{id=17, capacidadMaxima=440, capacidadOcupada=440, capacidadSinOcupar=0, nombrePais=Bélgica, nombreCiudad=Bruselas, esInfinito=false}=413
[2025-09-30T22:43:17.111358] El almacén colapsaría con una diferencia de: 413
[2025-09-30T22:43:17.111359] maxDiferenciaColapso 413
[2025-09-30T22:43:17.11136] Asignable final: -27
[2025-09-30T22:43:17.111363] construccionGRASPParaUnaRuta: Pedido id=1 no factible, cantidad factible: 0
[2025-09-30T22:43:17.111365] construccionGRASPParaUnaRuta: rclPedidos: esta fue la iteración en rcl de pedidos N°1 en iter. ruta: 19
[2025-09-30T22:43:17.111366] construccionGRASPParaUnaRuta: La lista de vuelos no produjo asignaciones útiles para el pedido de RCL 
-> probando siguiente ruta (lista de vuelos) de la RCL.
[2025-09-30T22:43:17.111367] construccionGRASPParaUnaRuta: esta fue la iteración en rcl de rutas N°19
[2025-09-30T22:43:17.111371] construccionGRASPParaUnaRuta: Ruta seleccionada desde RCl, sus vuelos:
 187
96

[2025-09-30T22:43:17.111391] construccionGRASPParaUnaRuta: Pedidos que entraron a la RCL: 
PedidoParaAlgoritmo{id=1, idAlmacenDestino=17, pedidas=800, entregadas=0, programadas=414, restante=386}

[2025-09-30T22:43:17.111393] construccionGRASPParaUnaRuta: Máximo de intentos de pedidos: 2
[2025-09-30T22:43:17.111396] construccionGRASPParaUnaRuta: Pedido pretendiente para la ruta:  
PedidoParaAlgoritmo{id=1, idAlmacenDestino=17, pedidas=800, entregadas=0, programadas=414, restante=386}
[2025-09-30T22:43:17.111409] capacidadMaxAsignableEnRuta: Este es el primer almacén y es infinito, no lo simularé: AlmacenParaAlgoritmo{id=3, capacidadMaxima=1000000, capacidadOcupada=0, capacidadSinOcupar=1000000, nombrePais=Europa, nombreCiudad=Euro Hub, esInfinito=true}
[2025-09-30T22:43:17.111418] construccionGRASPParaUnaRuta: Pedido id=1 no factible, cantidad factible: 0
[2025-09-30T22:43:17.11142] construccionGRASPParaUnaRuta: rclPedidos: esta fue la iteración en rcl de pedidos N°0 en iter. ruta: 20
[2025-09-30T22:43:17.111423] construccionGRASPParaUnaRuta: Pedido pretendiente para la ruta:  
PedidoParaAlgoritmo{id=1, idAlmacenDestino=17, pedidas=800, entregadas=0, programadas=414, restante=386}
[2025-09-30T22:43:17.111432] capacidadMaxAsignableEnRuta: Este es el primer almacén y es infinito, no lo simularé: AlmacenParaAlgoritmo{id=3, capacidadMaxima=1000000, capacidadOcupada=0, capacidadSinOcupar=1000000, nombrePais=Europa, nombreCiudad=Euro Hub, esInfinito=true}
[2025-09-30T22:43:17.111439] construccionGRASPParaUnaRuta: Pedido id=1 no factible, cantidad factible: 0
[2025-09-30T22:43:17.11144] construccionGRASPParaUnaRuta: rclPedidos: esta fue la iteración en rcl de pedidos N°1 en iter. ruta: 20
[2025-09-30T22:43:17.111442] construccionGRASPParaUnaRuta: La lista de vuelos no produjo asignaciones útiles para el pedido de RCL 
-> probando siguiente ruta (lista de vuelos) de la RCL.
[2025-09-30T22:43:17.111447] construccionGRASPParaUnaRuta: esta fue la iteración en rcl de rutas N°20
[2025-09-30T22:43:17.11145] construccionGRASPParaUnaRuta: Ruta seleccionada desde RCl, sus vuelos:
 17
96

[2025-09-30T22:43:17.111467] construccionGRASPParaUnaRuta: Pedidos que entraron a la RCL: 
PedidoParaAlgoritmo{id=1, idAlmacenDestino=17, pedidas=800, entregadas=0, programadas=414, restante=386}

[2025-09-30T22:43:17.111469] construccionGRASPParaUnaRuta: Máximo de intentos de pedidos: 2
[2025-09-30T22:43:17.111472] construccionGRASPParaUnaRuta: Pedido pretendiente para la ruta:  
PedidoParaAlgoritmo{id=1, idAlmacenDestino=17, pedidas=800, entregadas=0, programadas=414, restante=386}
[2025-09-30T22:43:17.111483] capacidadMaxAsignableEnRuta: Este es el primer almacén y es infinito, no lo simularé: AlmacenParaAlgoritmo{id=1, capacidadMaxima=1000000, capacidadOcupada=0, capacidadSinOcupar=1000000, nombrePais=Global, nombreCiudad=Global Hub City, esInfinito=true}
[2025-09-30T22:43:17.111498] construccionGRASPParaUnaRuta: Pedido id=1 no factible, cantidad factible: 0
[2025-09-30T22:43:17.111501] construccionGRASPParaUnaRuta: rclPedidos: esta fue la iteración en rcl de pedidos N°0 en iter. ruta: 21
[2025-09-30T22:43:17.111504] construccionGRASPParaUnaRuta: Pedido pretendiente para la ruta:  
PedidoParaAlgoritmo{id=1, idAlmacenDestino=17, pedidas=800, entregadas=0, programadas=414, restante=386}
[2025-09-30T22:43:17.111512] capacidadMaxAsignableEnRuta: Este es el primer almacén y es infinito, no lo simularé: AlmacenParaAlgoritmo{id=1, capacidadMaxima=1000000, capacidadOcupada=0, capacidadSinOcupar=1000000, nombrePais=Global, nombreCiudad=Global Hub City, esInfinito=true}
[2025-09-30T22:43:17.111519] construccionGRASPParaUnaRuta: Pedido id=1 no factible, cantidad factible: 0
[2025-09-30T22:43:17.111521] construccionGRASPParaUnaRuta: rclPedidos: esta fue la iteración en rcl de pedidos N°1 en iter. ruta: 21
[2025-09-30T22:43:17.111522] construccionGRASPParaUnaRuta: La lista de vuelos no produjo asignaciones útiles para el pedido de RCL 
-> probando siguiente ruta (lista de vuelos) de la RCL.
[2025-09-30T22:43:17.111523] construccionGRASPParaUnaRuta: esta fue la iteración en rcl de rutas N°21
[2025-09-30T22:43:17.111533] construccionGRASPParaUnaRuta: Ruta seleccionada desde RCl, sus vuelos:
 174
231
273

[2025-09-30T22:43:17.111549] construccionGRASPParaUnaRuta: Pedidos que entraron a la RCL: 
PedidoParaAlgoritmo{id=1, idAlmacenDestino=17, pedidas=800, entregadas=0, programadas=414, restante=386}

[2025-09-30T22:43:17.111551] construccionGRASPParaUnaRuta: Máximo de intentos de pedidos: 2
[2025-09-30T22:43:17.111553] construccionGRASPParaUnaRuta: Pedido pretendiente para la ruta:  
PedidoParaAlgoritmo{id=1, idAlmacenDestino=17, pedidas=800, entregadas=0, programadas=414, restante=386}
[2025-09-30T22:43:17.111563] capacidadMaxAsignableEnRuta: Este es el primer almacén y es infinito, no lo simularé: AlmacenParaAlgoritmo{id=2, capacidadMaxima=1000000, capacidadOcupada=0, capacidadSinOcupar=1000000, nombrePais=Universal, nombreCiudad=Mega Global Hub, esInfinito=true}
[2025-09-30T22:43:17.11158] 
capacidadMaxAsignableEnRuta: Simulación del almDestino en el instante 2025-10-02 10:00:00: AlmacenParaAlgoritmo{id=5, capacidadMaxima=430, capacidadOcupada=0, capacidadSinOcupar=430, nombrePais=Colombia, nombreCiudad=Bogotá, esInfinito=false}
[2025-09-30T22:43:17.111586] capacidadMaxAsignableEnRuta: Este es un vuelo intermedio o inicial en ruta:VueloParaAlgoritmo{id=174, inicio=2025-10-02T06:00:00Z, fin=2025-10-02T10:00:00Z, idAlmacenOrigen=2, idAlmacenDestino=5, capacidadMaximaProductos=520, capacidadOcupadaProductos=0, capacidadSinOcupar=520, capacidadSinOcuparCalc=520}
[2025-09-30T22:43:17.111598] capacidadMaxAsignableEnRuta: Simulación del almOrigen en el instante 2025-10-02 13:00:00: AlmacenParaAlgoritmo{id=5, capacidadMaxima=430, capacidadOcupada=0, capacidadSinOcupar=430, nombrePais=Colombia, nombreCiudad=Bogotá, esInfinito=false}
[2025-09-30T22:43:17.111606] construccionGRASPParaUnaRuta: Pedido id=1 no factible, cantidad factible: 0
[2025-09-30T22:43:17.111608] construccionGRASPParaUnaRuta: rclPedidos: esta fue la iteración en rcl de pedidos N°0 en iter. ruta: 22
[2025-09-30T22:43:17.111611] construccionGRASPParaUnaRuta: Pedido pretendiente para la ruta:  
PedidoParaAlgoritmo{id=1, idAlmacenDestino=17, pedidas=800, entregadas=0, programadas=414, restante=386}
[2025-09-30T22:43:17.11163] capacidadMaxAsignableEnRuta: Este es el primer almacén y es infinito, no lo simularé: AlmacenParaAlgoritmo{id=2, capacidadMaxima=1000000, capacidadOcupada=0, capacidadSinOcupar=1000000, nombrePais=Universal, nombreCiudad=Mega Global Hub, esInfinito=true}
[2025-09-30T22:43:17.111641] 
capacidadMaxAsignableEnRuta: Simulación del almDestino en el instante 2025-10-02 10:00:00: AlmacenParaAlgoritmo{id=5, capacidadMaxima=430, capacidadOcupada=0, capacidadSinOcupar=430, nombrePais=Colombia, nombreCiudad=Bogotá, esInfinito=false}
[2025-09-30T22:43:17.111646] capacidadMaxAsignableEnRuta: Este es un vuelo intermedio o inicial en ruta:VueloParaAlgoritmo{id=174, inicio=2025-10-02T06:00:00Z, fin=2025-10-02T10:00:00Z, idAlmacenOrigen=2, idAlmacenDestino=5, capacidadMaximaProductos=520, capacidadOcupadaProductos=0, capacidadSinOcupar=520, capacidadSinOcuparCalc=520}
[2025-09-30T22:43:17.11166] capacidadMaxAsignableEnRuta: Simulación del almOrigen en el instante 2025-10-02 13:00:00: AlmacenParaAlgoritmo{id=5, capacidadMaxima=430, capacidadOcupada=0, capacidadSinOcupar=430, nombrePais=Colombia, nombreCiudad=Bogotá, esInfinito=false}
[2025-09-30T22:43:17.111668] construccionGRASPParaUnaRuta: Pedido id=1 no factible, cantidad factible: 0
[2025-09-30T22:43:17.11167] construccionGRASPParaUnaRuta: rclPedidos: esta fue la iteración en rcl de pedidos N°1 en iter. ruta: 22
[2025-09-30T22:43:17.111671] construccionGRASPParaUnaRuta: La lista de vuelos no produjo asignaciones útiles para el pedido de RCL 
-> probando siguiente ruta (lista de vuelos) de la RCL.
[2025-09-30T22:43:17.111673] construccionGRASPParaUnaRuta: esta fue la iteración en rcl de rutas N°22
[2025-09-30T22:43:17.111676] construccionGRASPParaUnaRuta: Ruta seleccionada desde RCl, sus vuelos:
 17
136

[2025-09-30T22:43:17.111695] construccionGRASPParaUnaRuta: Pedidos que entraron a la RCL: 
PedidoParaAlgoritmo{id=1, idAlmacenDestino=17, pedidas=800, entregadas=0, programadas=414, restante=386}

[2025-09-30T22:43:17.111697] construccionGRASPParaUnaRuta: Máximo de intentos de pedidos: 2
[2025-09-30T22:43:17.111703] construccionGRASPParaUnaRuta: Pedido pretendiente para la ruta:  
PedidoParaAlgoritmo{id=1, idAlmacenDestino=17, pedidas=800, entregadas=0, programadas=414, restante=386}
[2025-09-30T22:43:17.111713] capacidadMaxAsignableEnRuta: Este es el primer almacén y es infinito, no lo simularé: AlmacenParaAlgoritmo{id=1, capacidadMaxima=1000000, capacidadOcupada=0, capacidadSinOcupar=1000000, nombrePais=Global, nombreCiudad=Global Hub City, esInfinito=true}
[2025-09-30T22:43:17.11172] construccionGRASPParaUnaRuta: Pedido id=1 no factible, cantidad factible: 0
[2025-09-30T22:43:17.111722] construccionGRASPParaUnaRuta: rclPedidos: esta fue la iteración en rcl de pedidos N°0 en iter. ruta: 23
[2025-09-30T22:43:17.111725] construccionGRASPParaUnaRuta: Pedido pretendiente para la ruta:  
PedidoParaAlgoritmo{id=1, idAlmacenDestino=17, pedidas=800, entregadas=0, programadas=414, restante=386}
[2025-09-30T22:43:17.111732] capacidadMaxAsignableEnRuta: Este es el primer almacén y es infinito, no lo simularé: AlmacenParaAlgoritmo{id=1, capacidadMaxima=1000000, capacidadOcupada=0, capacidadSinOcupar=1000000, nombrePais=Global, nombreCiudad=Global Hub City, esInfinito=true}
[2025-09-30T22:43:17.111744] construccionGRASPParaUnaRuta: Pedido id=1 no factible, cantidad factible: 0
[2025-09-30T22:43:17.111746] construccionGRASPParaUnaRuta: rclPedidos: esta fue la iteración en rcl de pedidos N°1 en iter. ruta: 23
[2025-09-30T22:43:17.111747] construccionGRASPParaUnaRuta: La lista de vuelos no produjo asignaciones útiles para el pedido de RCL 
-> probando siguiente ruta (lista de vuelos) de la RCL.
[2025-09-30T22:43:17.111749] construccionGRASPParaUnaRuta: esta fue la iteración en rcl de rutas N°23
[2025-09-30T22:43:17.111751] construccionGRASPParaUnaRuta: Ruta seleccionada desde RCl, sus vuelos:
 164
231
273

[2025-09-30T22:43:17.111768] construccionGRASPParaUnaRuta: Pedidos que entraron a la RCL: 
PedidoParaAlgoritmo{id=1, idAlmacenDestino=17, pedidas=800, entregadas=0, programadas=414, restante=386}

[2025-09-30T22:43:17.111769] construccionGRASPParaUnaRuta: Máximo de intentos de pedidos: 2
[2025-09-30T22:43:17.111772] construccionGRASPParaUnaRuta: Pedido pretendiente para la ruta:  
PedidoParaAlgoritmo{id=1, idAlmacenDestino=17, pedidas=800, entregadas=0, programadas=414, restante=386}
[2025-09-30T22:43:17.111787] capacidadMaxAsignableEnRuta: Este es el primer almacén y es infinito, no lo simularé: AlmacenParaAlgoritmo{id=1, capacidadMaxima=1000000, capacidadOcupada=0, capacidadSinOcupar=1000000, nombrePais=Global, nombreCiudad=Global Hub City, esInfinito=true}
[2025-09-30T22:43:17.1118] 
capacidadMaxAsignableEnRuta: Simulación del almDestino en el instante 2025-10-02 08:00:00: AlmacenParaAlgoritmo{id=5, capacidadMaxima=430, capacidadOcupada=0, capacidadSinOcupar=430, nombrePais=Colombia, nombreCiudad=Bogotá, esInfinito=false}
[2025-09-30T22:43:17.11181] capacidadMaxAsignableEnRuta: Este es un vuelo intermedio o inicial en ruta:VueloParaAlgoritmo{id=164, inicio=2025-10-02T06:00:00Z, fin=2025-10-02T08:00:00Z, idAlmacenOrigen=1, idAlmacenDestino=5, capacidadMaximaProductos=520, capacidadOcupadaProductos=0, capacidadSinOcupar=520, capacidadSinOcuparCalc=520}
[2025-09-30T22:43:17.111827] capacidadMaxAsignableEnRuta: Simulación del almOrigen en el instante 2025-10-02 13:00:00: AlmacenParaAlgoritmo{id=5, capacidadMaxima=430, capacidadOcupada=0, capacidadSinOcupar=430, nombrePais=Colombia, nombreCiudad=Bogotá, esInfinito=false}
[2025-09-30T22:43:17.111835] construccionGRASPParaUnaRuta: Pedido id=1 no factible, cantidad factible: 0
[2025-09-30T22:43:17.111836] construccionGRASPParaUnaRuta: rclPedidos: esta fue la iteración en rcl de pedidos N°0 en iter. ruta: 24
[2025-09-30T22:43:17.111839] construccionGRASPParaUnaRuta: Pedido pretendiente para la ruta:  
PedidoParaAlgoritmo{id=1, idAlmacenDestino=17, pedidas=800, entregadas=0, programadas=414, restante=386}
[2025-09-30T22:43:17.111847] capacidadMaxAsignableEnRuta: Este es el primer almacén y es infinito, no lo simularé: AlmacenParaAlgoritmo{id=1, capacidadMaxima=1000000, capacidadOcupada=0, capacidadSinOcupar=1000000, nombrePais=Global, nombreCiudad=Global Hub City, esInfinito=true}
[2025-09-30T22:43:17.111856] 
capacidadMaxAsignableEnRuta: Simulación del almDestino en el instante 2025-10-02 08:00:00: AlmacenParaAlgoritmo{id=5, capacidadMaxima=430, capacidadOcupada=0, capacidadSinOcupar=430, nombrePais=Colombia, nombreCiudad=Bogotá, esInfinito=false}
[2025-09-30T22:43:17.111866] capacidadMaxAsignableEnRuta: Este es un vuelo intermedio o inicial en ruta:VueloParaAlgoritmo{id=164, inicio=2025-10-02T06:00:00Z, fin=2025-10-02T08:00:00Z, idAlmacenOrigen=1, idAlmacenDestino=5, capacidadMaximaProductos=520, capacidadOcupadaProductos=0, capacidadSinOcupar=520, capacidadSinOcuparCalc=520}
[2025-09-30T22:43:17.111876] capacidadMaxAsignableEnRuta: Simulación del almOrigen en el instante 2025-10-02 13:00:00: AlmacenParaAlgoritmo{id=5, capacidadMaxima=430, capacidadOcupada=0, capacidadSinOcupar=430, nombrePais=Colombia, nombreCiudad=Bogotá, esInfinito=false}
[2025-09-30T22:43:17.111883] construccionGRASPParaUnaRuta: Pedido id=1 no factible, cantidad factible: 0
[2025-09-30T22:43:17.111884] construccionGRASPParaUnaRuta: rclPedidos: esta fue la iteración en rcl de pedidos N°1 en iter. ruta: 24
[2025-09-30T22:43:17.111885] construccionGRASPParaUnaRuta: La lista de vuelos no produjo asignaciones útiles para el pedido de RCL 
-> probando siguiente ruta (lista de vuelos) de la RCL.
[2025-09-30T22:43:17.111887] construccionGRASPParaUnaRuta: esta fue la iteración en rcl de rutas N°24
[2025-09-30T22:43:17.111896] construccionGRASPParaUnaRuta: Ruta seleccionada desde RCl, sus vuelos:
 17
136

[2025-09-30T22:43:17.111913] construccionGRASPParaUnaRuta: Pedidos que entraron a la RCL: 
PedidoParaAlgoritmo{id=1, idAlmacenDestino=17, pedidas=800, entregadas=0, programadas=414, restante=386}

[2025-09-30T22:43:17.111914] construccionGRASPParaUnaRuta: Máximo de intentos de pedidos: 2
[2025-09-30T22:43:17.111916] construccionGRASPParaUnaRuta: Pedido pretendiente para la ruta:  
PedidoParaAlgoritmo{id=1, idAlmacenDestino=17, pedidas=800, entregadas=0, programadas=414, restante=386}
[2025-09-30T22:43:17.111926] capacidadMaxAsignableEnRuta: Este es el primer almacén y es infinito, no lo simularé: AlmacenParaAlgoritmo{id=1, capacidadMaxima=1000000, capacidadOcupada=0, capacidadSinOcupar=1000000, nombrePais=Global, nombreCiudad=Global Hub City, esInfinito=true}
[2025-09-30T22:43:17.111933] construccionGRASPParaUnaRuta: Pedido id=1 no factible, cantidad factible: 0
[2025-09-30T22:43:17.111939] construccionGRASPParaUnaRuta: rclPedidos: esta fue la iteración en rcl de pedidos N°0 en iter. ruta: 25
[2025-09-30T22:43:17.111941] construccionGRASPParaUnaRuta: Pedido pretendiente para la ruta:  
PedidoParaAlgoritmo{id=1, idAlmacenDestino=17, pedidas=800, entregadas=0, programadas=414, restante=386}
[2025-09-30T22:43:17.111949] capacidadMaxAsignableEnRuta: Este es el primer almacén y es infinito, no lo simularé: AlmacenParaAlgoritmo{id=1, capacidadMaxima=1000000, capacidadOcupada=0, capacidadSinOcupar=1000000, nombrePais=Global, nombreCiudad=Global Hub City, esInfinito=true}
[2025-09-30T22:43:17.111955] construccionGRASPParaUnaRuta: Pedido id=1 no factible, cantidad factible: 0
[2025-09-30T22:43:17.111956] construccionGRASPParaUnaRuta: rclPedidos: esta fue la iteración en rcl de pedidos N°1 en iter. ruta: 25
[2025-09-30T22:43:17.111958] construccionGRASPParaUnaRuta: La lista de vuelos no produjo asignaciones útiles para el pedido de RCL 
-> probando siguiente ruta (lista de vuelos) de la RCL.
[2025-09-30T22:43:17.111959] construccionGRASPParaUnaRuta: esta fue la iteración en rcl de rutas N°25
[2025-09-30T22:43:17.111961] construccionGRASPParaUnaRuta: Ruta seleccionada desde RCl, sus vuelos:
 187
136

[2025-09-30T22:43:17.111982] construccionGRASPParaUnaRuta: Pedidos que entraron a la RCL: 
PedidoParaAlgoritmo{id=1, idAlmacenDestino=17, pedidas=800, entregadas=0, programadas=414, restante=386}

[2025-09-30T22:43:17.111983] construccionGRASPParaUnaRuta: Máximo de intentos de pedidos: 2
[2025-09-30T22:43:17.111986] construccionGRASPParaUnaRuta: Pedido pretendiente para la ruta:  
PedidoParaAlgoritmo{id=1, idAlmacenDestino=17, pedidas=800, entregadas=0, programadas=414, restante=386}
[2025-09-30T22:43:17.111995] capacidadMaxAsignableEnRuta: Este es el primer almacén y es infinito, no lo simularé: AlmacenParaAlgoritmo{id=3, capacidadMaxima=1000000, capacidadOcupada=0, capacidadSinOcupar=1000000, nombrePais=Europa, nombreCiudad=Euro Hub, esInfinito=true}
[2025-09-30T22:43:17.112009] construccionGRASPParaUnaRuta: Pedido id=1 no factible, cantidad factible: 0
[2025-09-30T22:43:17.112011] construccionGRASPParaUnaRuta: rclPedidos: esta fue la iteración en rcl de pedidos N°0 en iter. ruta: 26
[2025-09-30T22:43:17.112017] construccionGRASPParaUnaRuta: Pedido pretendiente para la ruta:  
PedidoParaAlgoritmo{id=1, idAlmacenDestino=17, pedidas=800, entregadas=0, programadas=414, restante=386}
[2025-09-30T22:43:17.112026] capacidadMaxAsignableEnRuta: Este es el primer almacén y es infinito, no lo simularé: AlmacenParaAlgoritmo{id=3, capacidadMaxima=1000000, capacidadOcupada=0, capacidadSinOcupar=1000000, nombrePais=Europa, nombreCiudad=Euro Hub, esInfinito=true}
[2025-09-30T22:43:17.112032] construccionGRASPParaUnaRuta: Pedido id=1 no factible, cantidad factible: 0
[2025-09-30T22:43:17.112034] construccionGRASPParaUnaRuta: rclPedidos: esta fue la iteración en rcl de pedidos N°1 en iter. ruta: 26
[2025-09-30T22:43:17.112035] construccionGRASPParaUnaRuta: La lista de vuelos no produjo asignaciones útiles para el pedido de RCL 
-> probando siguiente ruta (lista de vuelos) de la RCL.
[2025-09-30T22:43:17.112036] construccionGRASPParaUnaRuta: esta fue la iteración en rcl de rutas N°26
[2025-09-30T22:43:17.112038] construccionGRASPParaUnaRuta: Ruta seleccionada desde RCl, sus vuelos:
 13

[2025-09-30T22:43:17.112056] construccionGRASPParaUnaRuta: Pedidos que entraron a la RCL: 
PedidoParaAlgoritmo{id=1, idAlmacenDestino=17, pedidas=800, entregadas=0, programadas=414, restante=386}

[2025-09-30T22:43:17.112057] construccionGRASPParaUnaRuta: Máximo de intentos de pedidos: 2
[2025-09-30T22:43:17.112059] construccionGRASPParaUnaRuta: Pedido pretendiente para la ruta:  
PedidoParaAlgoritmo{id=1, idAlmacenDestino=17, pedidas=800, entregadas=0, programadas=414, restante=386}
[2025-09-30T22:43:17.112067] capacidadMaxAsignableEnRuta: Este es el primer almacén y es infinito, no lo simularé: AlmacenParaAlgoritmo{id=1, capacidadMaxima=1000000, capacidadOcupada=0, capacidadSinOcupar=1000000, nombrePais=Global, nombreCiudad=Global Hub City, esInfinito=true}
[2025-09-30T22:43:17.112075] construccionGRASPParaUnaRuta: Pedido id=1 no factible, cantidad factible: 0
[2025-09-30T22:43:17.112077] construccionGRASPParaUnaRuta: rclPedidos: esta fue la iteración en rcl de pedidos N°0 en iter. ruta: 27
[2025-09-30T22:43:17.112079] construccionGRASPParaUnaRuta: Pedido pretendiente para la ruta:  
PedidoParaAlgoritmo{id=1, idAlmacenDestino=17, pedidas=800, entregadas=0, programadas=414, restante=386}
[2025-09-30T22:43:17.112092] capacidadMaxAsignableEnRuta: Este es el primer almacén y es infinito, no lo simularé: AlmacenParaAlgoritmo{id=1, capacidadMaxima=1000000, capacidadOcupada=0, capacidadSinOcupar=1000000, nombrePais=Global, nombreCiudad=Global Hub City, esInfinito=true}
[2025-09-30T22:43:17.1121] construccionGRASPParaUnaRuta: Pedido id=1 no factible, cantidad factible: 0
[2025-09-30T22:43:17.112101] construccionGRASPParaUnaRuta: rclPedidos: esta fue la iteración en rcl de pedidos N°1 en iter. ruta: 27
[2025-09-30T22:43:17.112102] construccionGRASPParaUnaRuta: La lista de vuelos no produjo asignaciones útiles para el pedido de RCL 
-> probando siguiente ruta (lista de vuelos) de la RCL.
[2025-09-30T22:43:17.112103] construccionGRASPParaUnaRuta: esta fue la iteración en rcl de rutas N°27
[2025-09-30T22:43:17.112106] construccionGRASPParaUnaRuta: Ruta seleccionada desde RCl, sus vuelos:
 169
221
273

[2025-09-30T22:43:17.112124] construccionGRASPParaUnaRuta: Pedidos que entraron a la RCL: 
PedidoParaAlgoritmo{id=1, idAlmacenDestino=17, pedidas=800, entregadas=0, programadas=414, restante=386}

[2025-09-30T22:43:17.112126] construccionGRASPParaUnaRuta: Máximo de intentos de pedidos: 2
[2025-09-30T22:43:17.112128] construccionGRASPParaUnaRuta: Pedido pretendiente para la ruta:  
PedidoParaAlgoritmo{id=1, idAlmacenDestino=17, pedidas=800, entregadas=0, programadas=414, restante=386}
[2025-09-30T22:43:17.112136] capacidadMaxAsignableEnRuta: Este es el primer almacén y es infinito, no lo simularé: AlmacenParaAlgoritmo{id=1, capacidadMaxima=1000000, capacidadOcupada=0, capacidadSinOcupar=1000000, nombrePais=Global, nombreCiudad=Global Hub City, esInfinito=true}
[2025-09-30T22:43:17.112154] 
capacidadMaxAsignableEnRuta: Simulación del almDestino en el instante 2025-10-02 14:00:00: AlmacenParaAlgoritmo{id=12, capacidadMaxima=460, capacidadOcupada=0, capacidadSinOcupar=460, nombrePais=Argentina, nombreCiudad=Buenos Aires, esInfinito=false}
[2025-09-30T22:43:17.11216] capacidadMaxAsignableEnRuta: Este es un vuelo intermedio o inicial en ruta:VueloParaAlgoritmo{id=169, inicio=2025-10-02T11:00:00Z, fin=2025-10-02T14:00:00Z, idAlmacenOrigen=1, idAlmacenDestino=12, capacidadMaximaProductos=580, capacidadOcupadaProductos=0, capacidadSinOcupar=580, capacidadSinOcuparCalc=580}
[2025-09-30T22:43:17.112177] capacidadMaxAsignableEnRuta: Simulación del almOrigen en el instante 2025-10-02 15:00:00: AlmacenParaAlgoritmo{id=12, capacidadMaxima=460, capacidadOcupada=0, capacidadSinOcupar=460, nombrePais=Argentina, nombreCiudad=Buenos Aires, esInfinito=false}
[2025-09-30T22:43:17.112184] construccionGRASPParaUnaRuta: Pedido id=1 no factible, cantidad factible: 0
[2025-09-30T22:43:17.112186] construccionGRASPParaUnaRuta: rclPedidos: esta fue la iteración en rcl de pedidos N°0 en iter. ruta: 28
[2025-09-30T22:43:17.112189] construccionGRASPParaUnaRuta: Pedido pretendiente para la ruta:  
PedidoParaAlgoritmo{id=1, idAlmacenDestino=17, pedidas=800, entregadas=0, programadas=414, restante=386}
[2025-09-30T22:43:17.112199] capacidadMaxAsignableEnRuta: Este es el primer almacén y es infinito, no lo simularé: AlmacenParaAlgoritmo{id=1, capacidadMaxima=1000000, capacidadOcupada=0, capacidadSinOcupar=1000000, nombrePais=Global, nombreCiudad=Global Hub City, esInfinito=true}
[2025-09-30T22:43:17.112212] 
capacidadMaxAsignableEnRuta: Simulación del almDestino en el instante 2025-10-02 14:00:00: AlmacenParaAlgoritmo{id=12, capacidadMaxima=460, capacidadOcupada=0, capacidadSinOcupar=460, nombrePais=Argentina, nombreCiudad=Buenos Aires, esInfinito=false}
[2025-09-30T22:43:17.112216] capacidadMaxAsignableEnRuta: Este es un vuelo intermedio o inicial en ruta:VueloParaAlgoritmo{id=169, inicio=2025-10-02T11:00:00Z, fin=2025-10-02T14:00:00Z, idAlmacenOrigen=1, idAlmacenDestino=12, capacidadMaximaProductos=580, capacidadOcupadaProductos=0, capacidadSinOcupar=580, capacidadSinOcuparCalc=580}
[2025-09-30T22:43:17.112225] capacidadMaxAsignableEnRuta: Simulación del almOrigen en el instante 2025-10-02 15:00:00: AlmacenParaAlgoritmo{id=12, capacidadMaxima=460, capacidadOcupada=0, capacidadSinOcupar=460, nombrePais=Argentina, nombreCiudad=Buenos Aires, esInfinito=false}
[2025-09-30T22:43:17.112232] construccionGRASPParaUnaRuta: Pedido id=1 no factible, cantidad factible: 0
[2025-09-30T22:43:17.112233] construccionGRASPParaUnaRuta: rclPedidos: esta fue la iteración en rcl de pedidos N°1 en iter. ruta: 28
[2025-09-30T22:43:17.112241] construccionGRASPParaUnaRuta: La lista de vuelos no produjo asignaciones útiles para el pedido de RCL 
-> probando siguiente ruta (lista de vuelos) de la RCL.
[2025-09-30T22:43:17.112242] construccionGRASPParaUnaRuta: esta fue la iteración en rcl de rutas N°28
[2025-09-30T22:43:17.112244] construccionGRASPParaUnaRuta: Ruta seleccionada desde RCl, sus vuelos:
 185

[2025-09-30T22:43:17.112262] construccionGRASPParaUnaRuta: Pedidos que entraron a la RCL: 
PedidoParaAlgoritmo{id=1, idAlmacenDestino=17, pedidas=800, entregadas=0, programadas=414, restante=386}

[2025-09-30T22:43:17.112263] construccionGRASPParaUnaRuta: Máximo de intentos de pedidos: 2
[2025-09-30T22:43:17.112265] construccionGRASPParaUnaRuta: Pedido pretendiente para la ruta:  
PedidoParaAlgoritmo{id=1, idAlmacenDestino=17, pedidas=800, entregadas=0, programadas=414, restante=386}
[2025-09-30T22:43:17.112274] capacidadMaxAsignableEnRuta: Este es el primer almacén y es infinito, no lo simularé: AlmacenParaAlgoritmo{id=3, capacidadMaxima=1000000, capacidadOcupada=0, capacidadSinOcupar=1000000, nombrePais=Europa, nombreCiudad=Euro Hub, esInfinito=true}
[2025-09-30T22:43:17.112288] 
capacidadMaxAsignableEnRuta: Simulación del almDestino en el instante 2025-10-03 03:00:00: AlmacenParaAlgoritmo{id=17, capacidadMaxima=440, capacidadOcupada=27, capacidadSinOcupar=413, nombrePais=Bélgica, nombreCiudad=Bruselas, esInfinito=false}
[2025-09-30T22:43:17.112293] capacidadMaxAsignableEnRuta: Encontré al último vuelo de ruta: VueloParaAlgoritmo{id=185, inicio=2025-10-02T07:00:00Z, fin=2025-10-03T03:00:00Z, idAlmacenOrigen=3, idAlmacenDestino=17, capacidadMaximaProductos=440, capacidadOcupadaProductos=0, capacidadSinOcupar=440, capacidadSinOcuparCalc=440}
[2025-09-30T22:43:17.112294] minimaCapacidadVuelos 440
[2025-09-30T22:43:17.1123] minDispAlmacenes 413
[2025-09-30T22:43:17.112313] Simulación del almacén destino hasta siguiente inicio: AlmacenParaAlgoritmo{id=17, capacidadMaxima=440, capacidadOcupada=440, capacidadSinOcupar=0, nombrePais=Bélgica, nombreCiudad=Bruselas, esInfinito=false}=413
[2025-09-30T22:43:17.112314] El almacén colapsaría con una diferencia de: 413
[2025-09-30T22:43:17.112319] maxDiferenciaColapso 413
[2025-09-30T22:43:17.11232] Asignable final: -27
[2025-09-30T22:43:17.112322] construccionGRASPParaUnaRuta: Pedido id=1 no factible, cantidad factible: 0
[2025-09-30T22:43:17.112324] construccionGRASPParaUnaRuta: rclPedidos: esta fue la iteración en rcl de pedidos N°0 en iter. ruta: 29
[2025-09-30T22:43:17.112327] construccionGRASPParaUnaRuta: Pedido pretendiente para la ruta:  
PedidoParaAlgoritmo{id=1, idAlmacenDestino=17, pedidas=800, entregadas=0, programadas=414, restante=386}
[2025-09-30T22:43:17.112338] capacidadMaxAsignableEnRuta: Este es el primer almacén y es infinito, no lo simularé: AlmacenParaAlgoritmo{id=3, capacidadMaxima=1000000, capacidadOcupada=0, capacidadSinOcupar=1000000, nombrePais=Europa, nombreCiudad=Euro Hub, esInfinito=true}
[2025-09-30T22:43:17.112349] 
capacidadMaxAsignableEnRuta: Simulación del almDestino en el instante 2025-10-03 03:00:00: AlmacenParaAlgoritmo{id=17, capacidadMaxima=440, capacidadOcupada=27, capacidadSinOcupar=413, nombrePais=Bélgica, nombreCiudad=Bruselas, esInfinito=false}
[2025-09-30T22:43:17.112359] capacidadMaxAsignableEnRuta: Encontré al último vuelo de ruta: VueloParaAlgoritmo{id=185, inicio=2025-10-02T07:00:00Z, fin=2025-10-03T03:00:00Z, idAlmacenOrigen=3, idAlmacenDestino=17, capacidadMaximaProductos=440, capacidadOcupadaProductos=0, capacidadSinOcupar=440, capacidadSinOcuparCalc=440}
[2025-09-30T22:43:17.11236] minimaCapacidadVuelos 440
[2025-09-30T22:43:17.112366] minDispAlmacenes 413
[2025-09-30T22:43:17.112376] Simulación del almacén destino hasta siguiente inicio: AlmacenParaAlgoritmo{id=17, capacidadMaxima=440, capacidadOcupada=440, capacidadSinOcupar=0, nombrePais=Bélgica, nombreCiudad=Bruselas, esInfinito=false}=413
[2025-09-30T22:43:17.112377] El almacén colapsaría con una diferencia de: 413
[2025-09-30T22:43:17.112379] maxDiferenciaColapso 413
[2025-09-30T22:43:17.11238] Asignable final: -27
[2025-09-30T22:43:17.112381] construccionGRASPParaUnaRuta: Pedido id=1 no factible, cantidad factible: 0
[2025-09-30T22:43:17.112386] construccionGRASPParaUnaRuta: rclPedidos: esta fue la iteración en rcl de pedidos N°1 en iter. ruta: 29
[2025-09-30T22:43:17.112387] construccionGRASPParaUnaRuta: La lista de vuelos no produjo asignaciones útiles para el pedido de RCL 
-> probando siguiente ruta (lista de vuelos) de la RCL.
[2025-09-30T22:43:17.112388] construccionGRASPParaUnaRuta: esta fue la iteración en rcl de rutas N°29
[2025-09-30T22:43:17.112391] construccionGRASPParaUnaRuta: Ruta seleccionada desde RCl, sus vuelos:
 185

[2025-09-30T22:43:17.112411] construccionGRASPParaUnaRuta: Pedidos que entraron a la RCL: 
PedidoParaAlgoritmo{id=1, idAlmacenDestino=17, pedidas=800, entregadas=0, programadas=414, restante=386}

[2025-09-30T22:43:17.112412] construccionGRASPParaUnaRuta: Máximo de intentos de pedidos: 2
[2025-09-30T22:43:17.112414] construccionGRASPParaUnaRuta: Pedido pretendiente para la ruta:  
PedidoParaAlgoritmo{id=1, idAlmacenDestino=17, pedidas=800, entregadas=0, programadas=414, restante=386}
[2025-09-30T22:43:17.112426] capacidadMaxAsignableEnRuta: Este es el primer almacén y es infinito, no lo simularé: AlmacenParaAlgoritmo{id=3, capacidadMaxima=1000000, capacidadOcupada=0, capacidadSinOcupar=1000000, nombrePais=Europa, nombreCiudad=Euro Hub, esInfinito=true}
[2025-09-30T22:43:17.112456] 
capacidadMaxAsignableEnRuta: Simulación del almDestino en el instante 2025-10-03 03:00:00: AlmacenParaAlgoritmo{id=17, capacidadMaxima=440, capacidadOcupada=27, capacidadSinOcupar=413, nombrePais=Bélgica, nombreCiudad=Bruselas, esInfinito=false}
[2025-09-30T22:43:17.11246] capacidadMaxAsignableEnRuta: Encontré al último vuelo de ruta: VueloParaAlgoritmo{id=185, inicio=2025-10-02T07:00:00Z, fin=2025-10-03T03:00:00Z, idAlmacenOrigen=3, idAlmacenDestino=17, capacidadMaximaProductos=440, capacidadOcupadaProductos=0, capacidadSinOcupar=440, capacidadSinOcuparCalc=440}
[2025-09-30T22:43:17.112462] minimaCapacidadVuelos 440
[2025-09-30T22:43:17.112467] minDispAlmacenes 413
[2025-09-30T22:43:17.112476] Simulación del almacén destino hasta siguiente inicio: AlmacenParaAlgoritmo{id=17, capacidadMaxima=440, capacidadOcupada=440, capacidadSinOcupar=0, nombrePais=Bélgica, nombreCiudad=Bruselas, esInfinito=false}=413
[2025-09-30T22:43:17.112483] El almacén colapsaría con una diferencia de: 413
[2025-09-30T22:43:17.112484] maxDiferenciaColapso 413
[2025-09-30T22:43:17.112485] Asignable final: -27
[2025-09-30T22:43:17.112487] construccionGRASPParaUnaRuta: Pedido id=1 no factible, cantidad factible: 0
[2025-09-30T22:43:17.112489] construccionGRASPParaUnaRuta: rclPedidos: esta fue la iteración en rcl de pedidos N°0 en iter. ruta: 30
[2025-09-30T22:43:17.112491] construccionGRASPParaUnaRuta: Pedido pretendiente para la ruta:  
PedidoParaAlgoritmo{id=1, idAlmacenDestino=17, pedidas=800, entregadas=0, programadas=414, restante=386}
[2025-09-30T22:43:17.112502] capacidadMaxAsignableEnRuta: Este es el primer almacén y es infinito, no lo simularé: AlmacenParaAlgoritmo{id=3, capacidadMaxima=1000000, capacidadOcupada=0, capacidadSinOcupar=1000000, nombrePais=Europa, nombreCiudad=Euro Hub, esInfinito=true}
[2025-09-30T22:43:17.112512] 
capacidadMaxAsignableEnRuta: Simulación del almDestino en el instante 2025-10-03 03:00:00: AlmacenParaAlgoritmo{id=17, capacidadMaxima=440, capacidadOcupada=27, capacidadSinOcupar=413, nombrePais=Bélgica, nombreCiudad=Bruselas, esInfinito=false}
[2025-09-30T22:43:17.112522] capacidadMaxAsignableEnRuta: Encontré al último vuelo de ruta: VueloParaAlgoritmo{id=185, inicio=2025-10-02T07:00:00Z, fin=2025-10-03T03:00:00Z, idAlmacenOrigen=3, idAlmacenDestino=17, capacidadMaximaProductos=440, capacidadOcupadaProductos=0, capacidadSinOcupar=440, capacidadSinOcuparCalc=440}
[2025-09-30T22:43:17.112523] minimaCapacidadVuelos 440
[2025-09-30T22:43:17.112528] minDispAlmacenes 413
[2025-09-30T22:43:17.112537] Simulación del almacén destino hasta siguiente inicio: AlmacenParaAlgoritmo{id=17, capacidadMaxima=440, capacidadOcupada=440, capacidadSinOcupar=0, nombrePais=Bélgica, nombreCiudad=Bruselas, esInfinito=false}=413
[2025-09-30T22:43:17.112539] El almacén colapsaría con una diferencia de: 413
[2025-09-30T22:43:17.11254] maxDiferenciaColapso 413
[2025-09-30T22:43:17.112541] Asignable final: -27
[2025-09-30T22:43:17.112543] construccionGRASPParaUnaRuta: Pedido id=1 no factible, cantidad factible: 0
[2025-09-30T22:43:17.112547] construccionGRASPParaUnaRuta: rclPedidos: esta fue la iteración en rcl de pedidos N°1 en iter. ruta: 30
[2025-09-30T22:43:17.112549] construccionGRASPParaUnaRuta: La lista de vuelos no produjo asignaciones útiles para el pedido de RCL 
-> probando siguiente ruta (lista de vuelos) de la RCL.
[2025-09-30T22:43:17.11255] construccionGRASPParaUnaRuta: esta fue la iteración en rcl de rutas N°30
[2025-09-30T22:43:17.112553] construccionGRASPParaUnaRuta: Ruta seleccionada desde RCl, sus vuelos:
 164
231
273

[2025-09-30T22:43:17.112572] construccionGRASPParaUnaRuta: Pedidos que entraron a la RCL: 
PedidoParaAlgoritmo{id=1, idAlmacenDestino=17, pedidas=800, entregadas=0, programadas=414, restante=386}

[2025-09-30T22:43:17.112573] construccionGRASPParaUnaRuta: Máximo de intentos de pedidos: 2
[2025-09-30T22:43:17.112576] construccionGRASPParaUnaRuta: Pedido pretendiente para la ruta:  
PedidoParaAlgoritmo{id=1, idAlmacenDestino=17, pedidas=800, entregadas=0, programadas=414, restante=386}
[2025-09-30T22:43:17.112588] capacidadMaxAsignableEnRuta: Este es el primer almacén y es infinito, no lo simularé: AlmacenParaAlgoritmo{id=1, capacidadMaxima=1000000, capacidadOcupada=0, capacidadSinOcupar=1000000, nombrePais=Global, nombreCiudad=Global Hub City, esInfinito=true}
[2025-09-30T22:43:17.112605] 
capacidadMaxAsignableEnRuta: Simulación del almDestino en el instante 2025-10-02 08:00:00: AlmacenParaAlgoritmo{id=5, capacidadMaxima=430, capacidadOcupada=0, capacidadSinOcupar=430, nombrePais=Colombia, nombreCiudad=Bogotá, esInfinito=false}
[2025-09-30T22:43:17.112609] capacidadMaxAsignableEnRuta: Este es un vuelo intermedio o inicial en ruta:VueloParaAlgoritmo{id=164, inicio=2025-10-02T06:00:00Z, fin=2025-10-02T08:00:00Z, idAlmacenOrigen=1, idAlmacenDestino=5, capacidadMaximaProductos=520, capacidadOcupadaProductos=0, capacidadSinOcupar=520, capacidadSinOcuparCalc=520}
[2025-09-30T22:43:17.112619] capacidadMaxAsignableEnRuta: Simulación del almOrigen en el instante 2025-10-02 13:00:00: AlmacenParaAlgoritmo{id=5, capacidadMaxima=430, capacidadOcupada=0, capacidadSinOcupar=430, nombrePais=Colombia, nombreCiudad=Bogotá, esInfinito=false}
[2025-09-30T22:43:17.112632] construccionGRASPParaUnaRuta: Pedido id=1 no factible, cantidad factible: 0
[2025-09-30T22:43:17.112634] construccionGRASPParaUnaRuta: rclPedidos: esta fue la iteración en rcl de pedidos N°0 en iter. ruta: 31
[2025-09-30T22:43:17.112637] construccionGRASPParaUnaRuta: Pedido pretendiente para la ruta:  
PedidoParaAlgoritmo{id=1, idAlmacenDestino=17, pedidas=800, entregadas=0, programadas=414, restante=386}
[2025-09-30T22:43:17.112645] capacidadMaxAsignableEnRuta: Este es el primer almacén y es infinito, no lo simularé: AlmacenParaAlgoritmo{id=1, capacidadMaxima=1000000, capacidadOcupada=0, capacidadSinOcupar=1000000, nombrePais=Global, nombreCiudad=Global Hub City, esInfinito=true}
[2025-09-30T22:43:17.112659] 
capacidadMaxAsignableEnRuta: Simulación del almDestino en el instante 2025-10-02 08:00:00: AlmacenParaAlgoritmo{id=5, capacidadMaxima=430, capacidadOcupada=0, capacidadSinOcupar=430, nombrePais=Colombia, nombreCiudad=Bogotá, esInfinito=false}
[2025-09-30T22:43:17.112663] capacidadMaxAsignableEnRuta: Este es un vuelo intermedio o inicial en ruta:VueloParaAlgoritmo{id=164, inicio=2025-10-02T06:00:00Z, fin=2025-10-02T08:00:00Z, idAlmacenOrigen=1, idAlmacenDestino=5, capacidadMaximaProductos=520, capacidadOcupadaProductos=0, capacidadSinOcupar=520, capacidadSinOcuparCalc=520}
[2025-09-30T22:43:17.112676] capacidadMaxAsignableEnRuta: Simulación del almOrigen en el instante 2025-10-02 13:00:00: AlmacenParaAlgoritmo{id=5, capacidadMaxima=430, capacidadOcupada=0, capacidadSinOcupar=430, nombrePais=Colombia, nombreCiudad=Bogotá, esInfinito=false}
[2025-09-30T22:43:17.112683] construccionGRASPParaUnaRuta: Pedido id=1 no factible, cantidad factible: 0
[2025-09-30T22:43:17.112685] construccionGRASPParaUnaRuta: rclPedidos: esta fue la iteración en rcl de pedidos N°1 en iter. ruta: 31
[2025-09-30T22:43:17.112686] construccionGRASPParaUnaRuta: La lista de vuelos no produjo asignaciones útiles para el pedido de RCL 
-> probando siguiente ruta (lista de vuelos) de la RCL.
[2025-09-30T22:43:17.112687] construccionGRASPParaUnaRuta: esta fue la iteración en rcl de rutas N°31
[2025-09-30T22:43:17.11269] construccionGRASPParaUnaRuta: Ruta seleccionada desde RCl, sus vuelos:
 17
116

[2025-09-30T22:43:17.11271] construccionGRASPParaUnaRuta: Pedidos que entraron a la RCL: 
PedidoParaAlgoritmo{id=1, idAlmacenDestino=17, pedidas=800, entregadas=0, programadas=414, restante=386}

[2025-09-30T22:43:17.112712] construccionGRASPParaUnaRuta: Máximo de intentos de pedidos: 2
[2025-09-30T22:43:17.112714] construccionGRASPParaUnaRuta: Pedido pretendiente para la ruta:  
PedidoParaAlgoritmo{id=1, idAlmacenDestino=17, pedidas=800, entregadas=0, programadas=414, restante=386}
[2025-09-30T22:43:17.112728] capacidadMaxAsignableEnRuta: Este es el primer almacén y es infinito, no lo simularé: AlmacenParaAlgoritmo{id=1, capacidadMaxima=1000000, capacidadOcupada=0, capacidadSinOcupar=1000000, nombrePais=Global, nombreCiudad=Global Hub City, esInfinito=true}
[2025-09-30T22:43:17.112735] construccionGRASPParaUnaRuta: Pedido id=1 no factible, cantidad factible: 0
[2025-09-30T22:43:17.112737] construccionGRASPParaUnaRuta: rclPedidos: esta fue la iteración en rcl de pedidos N°0 en iter. ruta: 32
[2025-09-30T22:43:17.112739] construccionGRASPParaUnaRuta: Pedido pretendiente para la ruta:  
PedidoParaAlgoritmo{id=1, idAlmacenDestino=17, pedidas=800, entregadas=0, programadas=414, restante=386}
[2025-09-30T22:43:17.112754] capacidadMaxAsignableEnRuta: Este es el primer almacén y es infinito, no lo simularé: AlmacenParaAlgoritmo{id=1, capacidadMaxima=1000000, capacidadOcupada=0, capacidadSinOcupar=1000000, nombrePais=Global, nombreCiudad=Global Hub City, esInfinito=true}
[2025-09-30T22:43:17.11276] construccionGRASPParaUnaRuta: Pedido id=1 no factible, cantidad factible: 0
[2025-09-30T22:43:17.112762] construccionGRASPParaUnaRuta: rclPedidos: esta fue la iteración en rcl de pedidos N°1 en iter. ruta: 32
[2025-09-30T22:43:17.112763] construccionGRASPParaUnaRuta: La lista de vuelos no produjo asignaciones útiles para el pedido de RCL 
-> probando siguiente ruta (lista de vuelos) de la RCL.
[2025-09-30T22:43:17.112765] construccionGRASPParaUnaRuta: esta fue la iteración en rcl de rutas N°32
[2025-09-30T22:43:17.112767] construccionGRASPParaUnaRuta: Ruta seleccionada desde RCl, sus vuelos:
 17
96

[2025-09-30T22:43:17.112786] construccionGRASPParaUnaRuta: Pedidos que entraron a la RCL: 
PedidoParaAlgoritmo{id=1, idAlmacenDestino=17, pedidas=800, entregadas=0, programadas=414, restante=386}

[2025-09-30T22:43:17.112787] construccionGRASPParaUnaRuta: Máximo de intentos de pedidos: 2
[2025-09-30T22:43:17.112789] construccionGRASPParaUnaRuta: Pedido pretendiente para la ruta:  
PedidoParaAlgoritmo{id=1, idAlmacenDestino=17, pedidas=800, entregadas=0, programadas=414, restante=386}
[2025-09-30T22:43:17.112797] capacidadMaxAsignableEnRuta: Este es el primer almacén y es infinito, no lo simularé: AlmacenParaAlgoritmo{id=1, capacidadMaxima=1000000, capacidadOcupada=0, capacidadSinOcupar=1000000, nombrePais=Global, nombreCiudad=Global Hub City, esInfinito=true}
[2025-09-30T22:43:17.112803] construccionGRASPParaUnaRuta: Pedido id=1 no factible, cantidad factible: 0
[2025-09-30T22:43:17.112805] construccionGRASPParaUnaRuta: rclPedidos: esta fue la iteración en rcl de pedidos N°0 en iter. ruta: 33
[2025-09-30T22:43:17.112807] construccionGRASPParaUnaRuta: Pedido pretendiente para la ruta:  
PedidoParaAlgoritmo{id=1, idAlmacenDestino=17, pedidas=800, entregadas=0, programadas=414, restante=386}
[2025-09-30T22:43:17.112819] capacidadMaxAsignableEnRuta: Este es el primer almacén y es infinito, no lo simularé: AlmacenParaAlgoritmo{id=1, capacidadMaxima=1000000, capacidadOcupada=0, capacidadSinOcupar=1000000, nombrePais=Global, nombreCiudad=Global Hub City, esInfinito=true}
[2025-09-30T22:43:17.112825] construccionGRASPParaUnaRuta: Pedido id=1 no factible, cantidad factible: 0
[2025-09-30T22:43:17.112826] construccionGRASPParaUnaRuta: rclPedidos: esta fue la iteración en rcl de pedidos N°1 en iter. ruta: 33
[2025-09-30T22:43:17.112827] construccionGRASPParaUnaRuta: La lista de vuelos no produjo asignaciones útiles para el pedido de RCL 
-> probando siguiente ruta (lista de vuelos) de la RCL.
[2025-09-30T22:43:17.112828] construccionGRASPParaUnaRuta: esta fue la iteración en rcl de rutas N°33
[2025-09-30T22:43:17.11283] construccionGRASPParaUnaRuta: Ruta seleccionada desde RCl, sus vuelos:
 185

[2025-09-30T22:43:17.112844] construccionGRASPParaUnaRuta: Pedidos que entraron a la RCL: 
PedidoParaAlgoritmo{id=1, idAlmacenDestino=17, pedidas=800, entregadas=0, programadas=414, restante=386}

[2025-09-30T22:43:17.112851] construccionGRASPParaUnaRuta: Máximo de intentos de pedidos: 2
[2025-09-30T22:43:17.112853] construccionGRASPParaUnaRuta: Pedido pretendiente para la ruta:  
PedidoParaAlgoritmo{id=1, idAlmacenDestino=17, pedidas=800, entregadas=0, programadas=414, restante=386}
[2025-09-30T22:43:17.11286] capacidadMaxAsignableEnRuta: Este es el primer almacén y es infinito, no lo simularé: AlmacenParaAlgoritmo{id=3, capacidadMaxima=1000000, capacidadOcupada=0, capacidadSinOcupar=1000000, nombrePais=Europa, nombreCiudad=Euro Hub, esInfinito=true}
[2025-09-30T22:43:17.112872] 
capacidadMaxAsignableEnRuta: Simulación del almDestino en el instante 2025-10-03 03:00:00: AlmacenParaAlgoritmo{id=17, capacidadMaxima=440, capacidadOcupada=27, capacidadSinOcupar=413, nombrePais=Bélgica, nombreCiudad=Bruselas, esInfinito=false}
[2025-09-30T22:43:17.112876] capacidadMaxAsignableEnRuta: Encontré al último vuelo de ruta: VueloParaAlgoritmo{id=185, inicio=2025-10-02T07:00:00Z, fin=2025-10-03T03:00:00Z, idAlmacenOrigen=3, idAlmacenDestino=17, capacidadMaximaProductos=440, capacidadOcupadaProductos=0, capacidadSinOcupar=440, capacidadSinOcuparCalc=440}
[2025-09-30T22:43:17.112878] minimaCapacidadVuelos 440
[2025-09-30T22:43:17.112883] minDispAlmacenes 413
[2025-09-30T22:43:17.112916] Simulación del almacén destino hasta siguiente inicio: AlmacenParaAlgoritmo{id=17, capacidadMaxima=440, capacidadOcupada=440, capacidadSinOcupar=0, nombrePais=Bélgica, nombreCiudad=Bruselas, esInfinito=false}=413
[2025-09-30T22:43:17.112918] El almacén colapsaría con una diferencia de: 413
[2025-09-30T22:43:17.112919] maxDiferenciaColapso 413
[2025-09-30T22:43:17.11292] Asignable final: -27
[2025-09-30T22:43:17.112922] construccionGRASPParaUnaRuta: Pedido id=1 no factible, cantidad factible: 0
[2025-09-30T22:43:17.112924] construccionGRASPParaUnaRuta: rclPedidos: esta fue la iteración en rcl de pedidos N°0 en iter. ruta: 34
[2025-09-30T22:43:17.112927] construccionGRASPParaUnaRuta: Pedido pretendiente para la ruta:  
PedidoParaAlgoritmo{id=1, idAlmacenDestino=17, pedidas=800, entregadas=0, programadas=414, restante=386}
[2025-09-30T22:43:17.112937] capacidadMaxAsignableEnRuta: Este es el primer almacén y es infinito, no lo simularé: AlmacenParaAlgoritmo{id=3, capacidadMaxima=1000000, capacidadOcupada=0, capacidadSinOcupar=1000000, nombrePais=Europa, nombreCiudad=Euro Hub, esInfinito=true}
[2025-09-30T22:43:17.112951] 
capacidadMaxAsignableEnRuta: Simulación del almDestino en el instante 2025-10-03 03:00:00: AlmacenParaAlgoritmo{id=17, capacidadMaxima=440, capacidadOcupada=27, capacidadSinOcupar=413, nombrePais=Bélgica, nombreCiudad=Bruselas, esInfinito=false}
[2025-09-30T22:43:17.112955] capacidadMaxAsignableEnRuta: Encontré al último vuelo de ruta: VueloParaAlgoritmo{id=185, inicio=2025-10-02T07:00:00Z, fin=2025-10-03T03:00:00Z, idAlmacenOrigen=3, idAlmacenDestino=17, capacidadMaximaProductos=440, capacidadOcupadaProductos=0, capacidadSinOcupar=440, capacidadSinOcuparCalc=440}
[2025-09-30T22:43:17.112957] minimaCapacidadVuelos 440
[2025-09-30T22:43:17.112961] minDispAlmacenes 413
[2025-09-30T22:43:17.11297] Simulación del almacén destino hasta siguiente inicio: AlmacenParaAlgoritmo{id=17, capacidadMaxima=440, capacidadOcupada=440, capacidadSinOcupar=0, nombrePais=Bélgica, nombreCiudad=Bruselas, esInfinito=false}=413
[2025-09-30T22:43:17.112975] El almacén colapsaría con una diferencia de: 413
[2025-09-30T22:43:17.112976] maxDiferenciaColapso 413
[2025-09-30T22:43:17.112977] Asignable final: -27
[2025-09-30T22:43:17.112979] construccionGRASPParaUnaRuta: Pedido id=1 no factible, cantidad factible: 0
[2025-09-30T22:43:17.112981] construccionGRASPParaUnaRuta: rclPedidos: esta fue la iteración en rcl de pedidos N°1 en iter. ruta: 34
[2025-09-30T22:43:17.112982] construccionGRASPParaUnaRuta: La lista de vuelos no produjo asignaciones útiles para el pedido de RCL 
-> probando siguiente ruta (lista de vuelos) de la RCL.
[2025-09-30T22:43:17.112983] construccionGRASPParaUnaRuta: esta fue la iteración en rcl de rutas N°34
[2025-09-30T22:43:17.112986] construccionGRASPParaUnaRuta: Ruta seleccionada desde RCl, sus vuelos:
 187
116

[2025-09-30T22:43:17.113009] construccionGRASPParaUnaRuta: Pedidos que entraron a la RCL: 
PedidoParaAlgoritmo{id=1, idAlmacenDestino=17, pedidas=800, entregadas=0, programadas=414, restante=386}

[2025-09-30T22:43:17.113016] construccionGRASPParaUnaRuta: Máximo de intentos de pedidos: 2
[2025-09-30T22:43:17.113018] construccionGRASPParaUnaRuta: Pedido pretendiente para la ruta:  
PedidoParaAlgoritmo{id=1, idAlmacenDestino=17, pedidas=800, entregadas=0, programadas=414, restante=386}
[2025-09-30T22:43:17.113028] capacidadMaxAsignableEnRuta: Este es el primer almacén y es infinito, no lo simularé: AlmacenParaAlgoritmo{id=3, capacidadMaxima=1000000, capacidadOcupada=0, capacidadSinOcupar=1000000, nombrePais=Europa, nombreCiudad=Euro Hub, esInfinito=true}
[2025-09-30T22:43:17.113035] construccionGRASPParaUnaRuta: Pedido id=1 no factible, cantidad factible: 0
[2025-09-30T22:43:17.113036] construccionGRASPParaUnaRuta: rclPedidos: esta fue la iteración en rcl de pedidos N°0 en iter. ruta: 35
[2025-09-30T22:43:17.113039] construccionGRASPParaUnaRuta: Pedido pretendiente para la ruta:  
PedidoParaAlgoritmo{id=1, idAlmacenDestino=17, pedidas=800, entregadas=0, programadas=414, restante=386}
[2025-09-30T22:43:17.113048] capacidadMaxAsignableEnRuta: Este es el primer almacén y es infinito, no lo simularé: AlmacenParaAlgoritmo{id=3, capacidadMaxima=1000000, capacidadOcupada=0, capacidadSinOcupar=1000000, nombrePais=Europa, nombreCiudad=Euro Hub, esInfinito=true}
[2025-09-30T22:43:17.113058] construccionGRASPParaUnaRuta: Pedido id=1 no factible, cantidad factible: 0
[2025-09-30T22:43:17.11306] construccionGRASPParaUnaRuta: rclPedidos: esta fue la iteración en rcl de pedidos N°1 en iter. ruta: 35
[2025-09-30T22:43:17.113061] construccionGRASPParaUnaRuta: La lista de vuelos no produjo asignaciones útiles para el pedido de RCL 
-> probando siguiente ruta (lista de vuelos) de la RCL.
[2025-09-30T22:43:17.113062] construccionGRASPParaUnaRuta: esta fue la iteración en rcl de rutas N°35
[2025-09-30T22:43:17.113065] construccionGRASPParaUnaRuta: Ruta seleccionada desde RCl, sus vuelos:
 8
221
273

[2025-09-30T22:43:17.113082] construccionGRASPParaUnaRuta: Pedidos que entraron a la RCL: 
PedidoParaAlgoritmo{id=1, idAlmacenDestino=17, pedidas=800, entregadas=0, programadas=414, restante=386}

[2025-09-30T22:43:17.113083] construccionGRASPParaUnaRuta: Máximo de intentos de pedidos: 2
[2025-09-30T22:43:17.11309] construccionGRASPParaUnaRuta: Pedido pretendiente para la ruta:  
PedidoParaAlgoritmo{id=1, idAlmacenDestino=17, pedidas=800, entregadas=0, programadas=414, restante=386}
[2025-09-30T22:43:17.113101] capacidadMaxAsignableEnRuta: Este es el primer almacén y es infinito, no lo simularé: AlmacenParaAlgoritmo{id=1, capacidadMaxima=1000000, capacidadOcupada=0, capacidadSinOcupar=1000000, nombrePais=Global, nombreCiudad=Global Hub City, esInfinito=true}
[2025-09-30T22:43:17.113113] 
capacidadMaxAsignableEnRuta: Simulación del almDestino en el instante 2025-10-02 12:59:32: AlmacenParaAlgoritmo{id=12, capacidadMaxima=460, capacidadOcupada=0, capacidadSinOcupar=460, nombrePais=Argentina, nombreCiudad=Buenos Aires, esInfinito=false}
[2025-09-30T22:43:17.113118] capacidadMaxAsignableEnRuta: Este es un vuelo intermedio o inicial en ruta:VueloParaAlgoritmo{id=8, inicio=2025-10-02T05:10:11Z, fin=2025-10-02T12:59:32Z, idAlmacenOrigen=1, idAlmacenDestino=12, capacidadMaximaProductos=408, capacidadOcupadaProductos=0, capacidadSinOcupar=408, capacidadSinOcuparCalc=408}
[2025-09-30T22:43:17.113133] capacidadMaxAsignableEnRuta: Simulación del almOrigen en el instante 2025-10-02 15:00:00: AlmacenParaAlgoritmo{id=12, capacidadMaxima=460, capacidadOcupada=0, capacidadSinOcupar=460, nombrePais=Argentina, nombreCiudad=Buenos Aires, esInfinito=false}
[2025-09-30T22:43:17.113181] construccionGRASPParaUnaRuta: Pedido id=1 no factible, cantidad factible: 0
[2025-09-30T22:43:17.113186] construccionGRASPParaUnaRuta: rclPedidos: esta fue la iteración en rcl de pedidos N°0 en iter. ruta: 36
[2025-09-30T22:43:17.113193] construccionGRASPParaUnaRuta: Pedido pretendiente para la ruta:  
PedidoParaAlgoritmo{id=1, idAlmacenDestino=17, pedidas=800, entregadas=0, programadas=414, restante=386}
[2025-09-30T22:43:17.113214] capacidadMaxAsignableEnRuta: Este es el primer almacén y es infinito, no lo simularé: AlmacenParaAlgoritmo{id=1, capacidadMaxima=1000000, capacidadOcupada=0, capacidadSinOcupar=1000000, nombrePais=Global, nombreCiudad=Global Hub City, esInfinito=true}
[2025-09-30T22:43:17.11323] 
capacidadMaxAsignableEnRuta: Simulación del almDestino en el instante 2025-10-02 12:59:32: AlmacenParaAlgoritmo{id=12, capacidadMaxima=460, capacidadOcupada=0, capacidadSinOcupar=460, nombrePais=Argentina, nombreCiudad=Buenos Aires, esInfinito=false}
[2025-09-30T22:43:17.113243] capacidadMaxAsignableEnRuta: Este es un vuelo intermedio o inicial en ruta:VueloParaAlgoritmo{id=8, inicio=2025-10-02T05:10:11Z, fin=2025-10-02T12:59:32Z, idAlmacenOrigen=1, idAlmacenDestino=12, capacidadMaximaProductos=408, capacidadOcupadaProductos=0, capacidadSinOcupar=408, capacidadSinOcuparCalc=408}
[2025-09-30T22:43:17.113255] capacidadMaxAsignableEnRuta: Simulación del almOrigen en el instante 2025-10-02 15:00:00: AlmacenParaAlgoritmo{id=12, capacidadMaxima=460, capacidadOcupada=0, capacidadSinOcupar=460, nombrePais=Argentina, nombreCiudad=Buenos Aires, esInfinito=false}
[2025-09-30T22:43:17.113263] construccionGRASPParaUnaRuta: Pedido id=1 no factible, cantidad factible: 0
[2025-09-30T22:43:17.113264] construccionGRASPParaUnaRuta: rclPedidos: esta fue la iteración en rcl de pedidos N°1 en iter. ruta: 36
[2025-09-30T22:43:17.113266] construccionGRASPParaUnaRuta: La lista de vuelos no produjo asignaciones útiles para el pedido de RCL 
-> probando siguiente ruta (lista de vuelos) de la RCL.
[2025-09-30T22:43:17.113267] construccionGRASPParaUnaRuta: esta fue la iteración en rcl de rutas N°36
[2025-09-30T22:43:17.113276] construccionGRASPParaUnaRuta: Ruta seleccionada desde RCl, sus vuelos:
 164
231
273

[2025-09-30T22:43:17.113303] construccionGRASPParaUnaRuta: Pedidos que entraron a la RCL: 
PedidoParaAlgoritmo{id=1, idAlmacenDestino=17, pedidas=800, entregadas=0, programadas=414, restante=386}

[2025-09-30T22:43:17.113305] construccionGRASPParaUnaRuta: Máximo de intentos de pedidos: 2
[2025-09-30T22:43:17.113307] construccionGRASPParaUnaRuta: Pedido pretendiente para la ruta:  
PedidoParaAlgoritmo{id=1, idAlmacenDestino=17, pedidas=800, entregadas=0, programadas=414, restante=386}
[2025-09-30T22:43:17.113319] capacidadMaxAsignableEnRuta: Este es el primer almacén y es infinito, no lo simularé: AlmacenParaAlgoritmo{id=1, capacidadMaxima=1000000, capacidadOcupada=0, capacidadSinOcupar=1000000, nombrePais=Global, nombreCiudad=Global Hub City, esInfinito=true}
[2025-09-30T22:43:17.113342] 
capacidadMaxAsignableEnRuta: Simulación del almDestino en el instante 2025-10-02 08:00:00: AlmacenParaAlgoritmo{id=5, capacidadMaxima=430, capacidadOcupada=0, capacidadSinOcupar=430, nombrePais=Colombia, nombreCiudad=Bogotá, esInfinito=false}
[2025-09-30T22:43:17.113359] capacidadMaxAsignableEnRuta: Este es un vuelo intermedio o inicial en ruta:VueloParaAlgoritmo{id=164, inicio=2025-10-02T06:00:00Z, fin=2025-10-02T08:00:00Z, idAlmacenOrigen=1, idAlmacenDestino=5, capacidadMaximaProductos=520, capacidadOcupadaProductos=0, capacidadSinOcupar=520, capacidadSinOcuparCalc=520}
[2025-09-30T22:43:17.113382] capacidadMaxAsignableEnRuta: Simulación del almOrigen en el instante 2025-10-02 13:00:00: AlmacenParaAlgoritmo{id=5, capacidadMaxima=430, capacidadOcupada=0, capacidadSinOcupar=430, nombrePais=Colombia, nombreCiudad=Bogotá, esInfinito=false}
[2025-09-30T22:43:17.11339] construccionGRASPParaUnaRuta: Pedido id=1 no factible, cantidad factible: 0
[2025-09-30T22:43:17.113393] construccionGRASPParaUnaRuta: rclPedidos: esta fue la iteración en rcl de pedidos N°0 en iter. ruta: 37
[2025-09-30T22:43:17.11341] construccionGRASPParaUnaRuta: Pedido pretendiente para la ruta:  
PedidoParaAlgoritmo{id=1, idAlmacenDestino=17, pedidas=800, entregadas=0, programadas=414, restante=386}
[2025-09-30T22:43:17.113425] capacidadMaxAsignableEnRuta: Este es el primer almacén y es infinito, no lo simularé: AlmacenParaAlgoritmo{id=1, capacidadMaxima=1000000, capacidadOcupada=0, capacidadSinOcupar=1000000, nombrePais=Global, nombreCiudad=Global Hub City, esInfinito=true}
[2025-09-30T22:43:17.113437] 
capacidadMaxAsignableEnRuta: Simulación del almDestino en el instante 2025-10-02 08:00:00: AlmacenParaAlgoritmo{id=5, capacidadMaxima=430, capacidadOcupada=0, capacidadSinOcupar=430, nombrePais=Colombia, nombreCiudad=Bogotá, esInfinito=false}
[2025-09-30T22:43:17.113441] capacidadMaxAsignableEnRuta: Este es un vuelo intermedio o inicial en ruta:VueloParaAlgoritmo{id=164, inicio=2025-10-02T06:00:00Z, fin=2025-10-02T08:00:00Z, idAlmacenOrigen=1, idAlmacenDestino=5, capacidadMaximaProductos=520, capacidadOcupadaProductos=0, capacidadSinOcupar=520, capacidadSinOcuparCalc=520}
[2025-09-30T22:43:17.113455] capacidadMaxAsignableEnRuta: Simulación del almOrigen en el instante 2025-10-02 13:00:00: AlmacenParaAlgoritmo{id=5, capacidadMaxima=430, capacidadOcupada=0, capacidadSinOcupar=430, nombrePais=Colombia, nombreCiudad=Bogotá, esInfinito=false}
[2025-09-30T22:43:17.113461] construccionGRASPParaUnaRuta: Pedido id=1 no factible, cantidad factible: 0
[2025-09-30T22:43:17.113463] construccionGRASPParaUnaRuta: rclPedidos: esta fue la iteración en rcl de pedidos N°1 en iter. ruta: 37
[2025-09-30T22:43:17.113464] construccionGRASPParaUnaRuta: La lista de vuelos no produjo asignaciones útiles para el pedido de RCL 
-> probando siguiente ruta (lista de vuelos) de la RCL.
[2025-09-30T22:43:17.113466] construccionGRASPParaUnaRuta: esta fue la iteración en rcl de rutas N°37
[2025-09-30T22:43:17.113469] construccionGRASPParaUnaRuta: Ruta seleccionada desde RCl, sus vuelos:
 187
96

[2025-09-30T22:43:17.113492] construccionGRASPParaUnaRuta: Pedidos que entraron a la RCL: 
PedidoParaAlgoritmo{id=1, idAlmacenDestino=17, pedidas=800, entregadas=0, programadas=414, restante=386}

[2025-09-30T22:43:17.1135] construccionGRASPParaUnaRuta: Máximo de intentos de pedidos: 2
[2025-09-30T22:43:17.113503] construccionGRASPParaUnaRuta: Pedido pretendiente para la ruta:  
PedidoParaAlgoritmo{id=1, idAlmacenDestino=17, pedidas=800, entregadas=0, programadas=414, restante=386}
[2025-09-30T22:43:17.113514] capacidadMaxAsignableEnRuta: Este es el primer almacén y es infinito, no lo simularé: AlmacenParaAlgoritmo{id=3, capacidadMaxima=1000000, capacidadOcupada=0, capacidadSinOcupar=1000000, nombrePais=Europa, nombreCiudad=Euro Hub, esInfinito=true}
[2025-09-30T22:43:17.11352] construccionGRASPParaUnaRuta: Pedido id=1 no factible, cantidad factible: 0
[2025-09-30T22:43:17.113522] construccionGRASPParaUnaRuta: rclPedidos: esta fue la iteración en rcl de pedidos N°0 en iter. ruta: 38
[2025-09-30T22:43:17.113525] construccionGRASPParaUnaRuta: Pedido pretendiente para la ruta:  
PedidoParaAlgoritmo{id=1, idAlmacenDestino=17, pedidas=800, entregadas=0, programadas=414, restante=386}
[2025-09-30T22:43:17.113532] capacidadMaxAsignableEnRuta: Este es el primer almacén y es infinito, no lo simularé: AlmacenParaAlgoritmo{id=3, capacidadMaxima=1000000, capacidadOcupada=0, capacidadSinOcupar=1000000, nombrePais=Europa, nombreCiudad=Euro Hub, esInfinito=true}
[2025-09-30T22:43:17.113543] construccionGRASPParaUnaRuta: Pedido id=1 no factible, cantidad factible: 0
[2025-09-30T22:43:17.113545] construccionGRASPParaUnaRuta: rclPedidos: esta fue la iteración en rcl de pedidos N°1 en iter. ruta: 38
[2025-09-30T22:43:17.113546] construccionGRASPParaUnaRuta: La lista de vuelos no produjo asignaciones útiles para el pedido de RCL 
-> probando siguiente ruta (lista de vuelos) de la RCL.
[2025-09-30T22:43:17.113547] construccionGRASPParaUnaRuta: esta fue la iteración en rcl de rutas N°38
[2025-09-30T22:43:17.11355] construccionGRASPParaUnaRuta: Ruta seleccionada desde RCl, sus vuelos:
 187
136

[2025-09-30T22:43:17.113567] construccionGRASPParaUnaRuta: Pedidos que entraron a la RCL: 
PedidoParaAlgoritmo{id=1, idAlmacenDestino=17, pedidas=800, entregadas=0, programadas=414, restante=386}

[2025-09-30T22:43:17.113568] construccionGRASPParaUnaRuta: Máximo de intentos de pedidos: 2
[2025-09-30T22:43:17.113571] construccionGRASPParaUnaRuta: Pedido pretendiente para la ruta:  
PedidoParaAlgoritmo{id=1, idAlmacenDestino=17, pedidas=800, entregadas=0, programadas=414, restante=386}
[2025-09-30T22:43:17.113587] capacidadMaxAsignableEnRuta: Este es el primer almacén y es infinito, no lo simularé: AlmacenParaAlgoritmo{id=3, capacidadMaxima=1000000, capacidadOcupada=0, capacidadSinOcupar=1000000, nombrePais=Europa, nombreCiudad=Euro Hub, esInfinito=true}
[2025-09-30T22:43:17.113594] construccionGRASPParaUnaRuta: Pedido id=1 no factible, cantidad factible: 0
[2025-09-30T22:43:17.113596] construccionGRASPParaUnaRuta: rclPedidos: esta fue la iteración en rcl de pedidos N°0 en iter. ruta: 39
[2025-09-30T22:43:17.113598] construccionGRASPParaUnaRuta: Pedido pretendiente para la ruta:  
PedidoParaAlgoritmo{id=1, idAlmacenDestino=17, pedidas=800, entregadas=0, programadas=414, restante=386}
[2025-09-30T22:43:17.113605] capacidadMaxAsignableEnRuta: Este es el primer almacén y es infinito, no lo simularé: AlmacenParaAlgoritmo{id=3, capacidadMaxima=1000000, capacidadOcupada=0, capacidadSinOcupar=1000000, nombrePais=Europa, nombreCiudad=Euro Hub, esInfinito=true}
[2025-09-30T22:43:17.113618] construccionGRASPParaUnaRuta: Pedido id=1 no factible, cantidad factible: 0
[2025-09-30T22:43:17.11362] construccionGRASPParaUnaRuta: rclPedidos: esta fue la iteración en rcl de pedidos N°1 en iter. ruta: 39
[2025-09-30T22:43:17.113621] construccionGRASPParaUnaRuta: La lista de vuelos no produjo asignaciones útiles para el pedido de RCL 
-> probando siguiente ruta (lista de vuelos) de la RCL.
[2025-09-30T22:43:17.113622] construccionGRASPParaUnaRuta: esta fue la iteración en rcl de rutas N°39
[2025-09-30T22:43:17.113632] construccionGRASPParaUnaRuta: Ninguna ruta en la RCL produjo un envío válido -> retornando null
[2025-09-30T22:43:17.113636] planificar: GRASP no pudo construir más minipedidos (null) — terminando planificación. YA NO SIGO INTENTANDO :(!!!!!!!!!!!!!
[2025-09-30T22:43:17.114018] Planificación finalizada. Iteraciones realizadas: 3. Rutas creadas: 2
[2025-09-30T22:43:17.114094] NO SE LOGRÓ PLANIFICAR TODO, COLAPSO LOGÍSTICO!!!!!!!!!!!!
