[2025-09-30T22:53:39.256894] planificar: Inicio de planificacion con varios GRASP. pedidos=1, vuelos=277, almacenes=24
 seed: 1
[2025-09-30T22:53:39.256981] planificar: Iteración 0: quedan 1 pedidos pendientes
[2025-09-30T22:53:39.257007] Generando rutas candidatas (inicio)
[2025-09-30T22:53:39.260963] EstadoGlobalMutableProblemaPlanificacion: Rutas para pedidos pendientes, cantidad:25
[2025-09-30T22:53:39.261098] EstadoGlobalMutableProblemaPlanificacion: Ruta:
[2025-09-30T22:53:39.261202] Vuelo en ruta: VueloParaAlgoritmo{id=14, inicio=2025-10-02T04:00:00Z, fin=2025-10-02T05:00:00Z, idAlmacenOrigen=1, idAlmacenDestino=17, capacidadMaximaProductos=413, capacidadOcupadaProductos=0, capacidadSinOcupar=413, capacidadSinOcuparCalc=413}
[2025-09-30T22:53:39.261218] EstadoGlobalMutableProblemaPlanificacion: Ruta:
[2025-09-30T22:53:39.261232] Vuelo en ruta: VueloParaAlgoritmo{id=15, inicio=2025-10-02T04:12:00Z, fin=2025-10-02T04:30:00Z, idAlmacenOrigen=1, idAlmacenDestino=17, capacidadMaximaProductos=413, capacidadOcupadaProductos=0, capacidadSinOcupar=413, capacidadSinOcuparCalc=413}
[2025-09-30T22:53:39.261242] EstadoGlobalMutableProblemaPlanificacion: Ruta:
[2025-09-30T22:53:39.261253] Vuelo en ruta: VueloParaAlgoritmo{id=13, inicio=2025-10-02T05:00:00Z, fin=2025-10-02T06:00:00Z, idAlmacenOrigen=1, idAlmacenDestino=17, capacidadMaximaProductos=413, capacidadOcupadaProductos=0, capacidadSinOcupar=413, capacidadSinOcuparCalc=413}
[2025-09-30T22:53:39.261267] EstadoGlobalMutableProblemaPlanificacion: Ruta:
[2025-09-30T22:53:39.261278] Vuelo en ruta: VueloParaAlgoritmo{id=17, inicio=2025-10-02T03:28:23Z, fin=2025-10-02T16:05:56Z, idAlmacenOrigen=1, idAlmacenDestino=19, capacidadMaximaProductos=415, capacidadOcupadaProductos=0, capacidadSinOcupar=415, capacidadSinOcuparCalc=415}
[2025-09-30T22:53:39.261289] Vuelo en ruta: VueloParaAlgoritmo{id=116, inicio=2025-10-02T18:00:00Z, fin=2025-10-03T00:00:00Z, idAlmacenOrigen=19, idAlmacenDestino=17, capacidadMaximaProductos=494, capacidadOcupadaProductos=0, capacidadSinOcupar=494, capacidadSinOcuparCalc=494}
[2025-09-30T22:53:39.261297] EstadoGlobalMutableProblemaPlanificacion: Ruta:
[2025-09-30T22:53:39.261307] Vuelo en ruta: VueloParaAlgoritmo{id=17, inicio=2025-10-02T03:28:23Z, fin=2025-10-02T16:05:56Z, idAlmacenOrigen=1, idAlmacenDestino=19, capacidadMaximaProductos=415, capacidadOcupadaProductos=0, capacidadSinOcupar=415, capacidadSinOcuparCalc=415}
[2025-09-30T22:53:39.261319] Vuelo en ruta: VueloParaAlgoritmo{id=136, inicio=2025-10-03T14:00:00Z, fin=2025-10-03T20:00:00Z, idAlmacenOrigen=19, idAlmacenDestino=17, capacidadMaximaProductos=514, capacidadOcupadaProductos=0, capacidadSinOcupar=514, capacidadSinOcuparCalc=514}
[2025-09-30T22:53:39.261326] EstadoGlobalMutableProblemaPlanificacion: Ruta:
[2025-09-30T22:53:39.261365] Vuelo en ruta: VueloParaAlgoritmo{id=17, inicio=2025-10-02T03:28:23Z, fin=2025-10-02T16:05:56Z, idAlmacenOrigen=1, idAlmacenDestino=19, capacidadMaximaProductos=415, capacidadOcupadaProductos=0, capacidadSinOcupar=415, capacidadSinOcuparCalc=415}
[2025-09-30T22:53:39.261391] Vuelo en ruta: VueloParaAlgoritmo{id=96, inicio=2025-10-04T00:00:00Z, fin=2025-10-04T06:00:00Z, idAlmacenOrigen=19, idAlmacenDestino=17, capacidadMaximaProductos=474, capacidadOcupadaProductos=0, capacidadSinOcupar=474, capacidadSinOcuparCalc=474}
[2025-09-30T22:53:39.261402] EstadoGlobalMutableProblemaPlanificacion: Ruta:
[2025-09-30T22:53:39.261414] Vuelo en ruta: VueloParaAlgoritmo{id=168, inicio=2025-10-02T10:00:00Z, fin=2025-10-02T13:00:00Z, idAlmacenOrigen=1, idAlmacenDestino=11, capacidadMaximaProductos=600, capacidadOcupadaProductos=0, capacidadSinOcupar=600, capacidadSinOcuparCalc=600}
[2025-09-30T22:53:39.261424] Vuelo en ruta: VueloParaAlgoritmo{id=273, inicio=2025-10-02T20:00:00Z, fin=2025-10-03T06:00:00Z, idAlmacenOrigen=11, idAlmacenDestino=17, capacidadMaximaProductos=520, capacidadOcupadaProductos=0, capacidadSinOcupar=520, capacidadSinOcuparCalc=520}
[2025-09-30T22:53:39.261432] EstadoGlobalMutableProblemaPlanificacion: Ruta:
[2025-09-30T22:53:39.26147] Vuelo en ruta: VueloParaAlgoritmo{id=8, inicio=2025-10-02T05:10:11Z, fin=2025-10-02T12:59:32Z, idAlmacenOrigen=1, idAlmacenDestino=12, capacidadMaximaProductos=408, capacidadOcupadaProductos=0, capacidadSinOcupar=408, capacidadSinOcuparCalc=408}
[2025-09-30T22:53:39.26149] Vuelo en ruta: VueloParaAlgoritmo{id=221, inicio=2025-10-02T15:00:00Z, fin=2025-10-02T18:00:00Z, idAlmacenOrigen=12, idAlmacenDestino=11, capacidadMaximaProductos=400, capacidadOcupadaProductos=0, capacidadSinOcupar=400, capacidadSinOcuparCalc=400}
[2025-09-30T22:53:39.2615] Vuelo en ruta: VueloParaAlgoritmo{id=273, inicio=2025-10-02T20:00:00Z, fin=2025-10-03T06:00:00Z, idAlmacenOrigen=11, idAlmacenDestino=17, capacidadMaximaProductos=520, capacidadOcupadaProductos=0, capacidadSinOcupar=520, capacidadSinOcuparCalc=520}
[2025-09-30T22:53:39.261509] EstadoGlobalMutableProblemaPlanificacion: Ruta:
[2025-09-30T22:53:39.261519] Vuelo en ruta: VueloParaAlgoritmo{id=164, inicio=2025-10-02T06:00:00Z, fin=2025-10-02T08:00:00Z, idAlmacenOrigen=1, idAlmacenDestino=5, capacidadMaximaProductos=520, capacidadOcupadaProductos=0, capacidadSinOcupar=520, capacidadSinOcuparCalc=520}
[2025-09-30T22:53:39.261528] Vuelo en ruta: VueloParaAlgoritmo{id=231, inicio=2025-10-02T13:00:00Z, fin=2025-10-02T18:00:00Z, idAlmacenOrigen=5, idAlmacenDestino=11, capacidadMaximaProductos=420, capacidadOcupadaProductos=0, capacidadSinOcupar=420, capacidadSinOcuparCalc=420}
[2025-09-30T22:53:39.261546] Vuelo en ruta: VueloParaAlgoritmo{id=273, inicio=2025-10-02T20:00:00Z, fin=2025-10-03T06:00:00Z, idAlmacenOrigen=11, idAlmacenDestino=17, capacidadMaximaProductos=520, capacidadOcupadaProductos=0, capacidadSinOcupar=520, capacidadSinOcuparCalc=520}
[2025-09-30T22:53:39.261555] EstadoGlobalMutableProblemaPlanificacion: Ruta:
[2025-09-30T22:53:39.261564] Vuelo en ruta: VueloParaAlgoritmo{id=169, inicio=2025-10-02T11:00:00Z, fin=2025-10-02T14:00:00Z, idAlmacenOrigen=1, idAlmacenDestino=12, capacidadMaximaProductos=580, capacidadOcupadaProductos=0, capacidadSinOcupar=580, capacidadSinOcuparCalc=580}
[2025-09-30T22:53:39.261573] Vuelo en ruta: VueloParaAlgoritmo{id=221, inicio=2025-10-02T15:00:00Z, fin=2025-10-02T18:00:00Z, idAlmacenOrigen=12, idAlmacenDestino=11, capacidadMaximaProductos=400, capacidadOcupadaProductos=0, capacidadSinOcupar=400, capacidadSinOcuparCalc=400}
[2025-09-30T22:53:39.261582] Vuelo en ruta: VueloParaAlgoritmo{id=273, inicio=2025-10-02T20:00:00Z, fin=2025-10-03T06:00:00Z, idAlmacenOrigen=11, idAlmacenDestino=17, capacidadMaximaProductos=520, capacidadOcupadaProductos=0, capacidadSinOcupar=520, capacidadSinOcuparCalc=520}
[2025-09-30T22:53:39.261589] EstadoGlobalMutableProblemaPlanificacion: Ruta:
[2025-09-30T22:53:39.261599] Vuelo en ruta: VueloParaAlgoritmo{id=164, inicio=2025-10-02T06:00:00Z, fin=2025-10-02T08:00:00Z, idAlmacenOrigen=1, idAlmacenDestino=5, capacidadMaximaProductos=520, capacidadOcupadaProductos=0, capacidadSinOcupar=520, capacidadSinOcuparCalc=520}
[2025-09-30T22:53:39.261608] Vuelo en ruta: VueloParaAlgoritmo{id=232, inicio=2025-10-02T08:00:00Z, fin=2025-10-02T14:00:00Z, idAlmacenOrigen=5, idAlmacenDestino=12, capacidadMaximaProductos=420, capacidadOcupadaProductos=0, capacidadSinOcupar=420, capacidadSinOcuparCalc=420}
[2025-09-30T22:53:39.261617] Vuelo en ruta: VueloParaAlgoritmo{id=221, inicio=2025-10-02T15:00:00Z, fin=2025-10-02T18:00:00Z, idAlmacenOrigen=12, idAlmacenDestino=11, capacidadMaximaProductos=400, capacidadOcupadaProductos=0, capacidadSinOcupar=400, capacidadSinOcuparCalc=400}
[2025-09-30T22:53:39.261625] Vuelo en ruta: VueloParaAlgoritmo{id=273, inicio=2025-10-02T20:00:00Z, fin=2025-10-03T06:00:00Z, idAlmacenOrigen=11, idAlmacenDestino=17, capacidadMaximaProductos=520, capacidadOcupadaProductos=0, capacidadSinOcupar=520, capacidadSinOcuparCalc=520}
[2025-09-30T22:53:39.261632] EstadoGlobalMutableProblemaPlanificacion: Ruta:
[2025-09-30T22:53:39.261642] Vuelo en ruta: VueloParaAlgoritmo{id=165, inicio=2025-10-02T07:00:00Z, fin=2025-10-02T09:00:00Z, idAlmacenOrigen=1, idAlmacenDestino=6, capacidadMaximaProductos=500, capacidadOcupadaProductos=0, capacidadSinOcupar=500, capacidadSinOcuparCalc=500}
[2025-09-30T22:53:39.261651] Vuelo en ruta: VueloParaAlgoritmo{id=211, inicio=2025-10-02T09:00:00Z, fin=2025-10-02T11:00:00Z, idAlmacenOrigen=6, idAlmacenDestino=5, capacidadMaximaProductos=380, capacidadOcupadaProductos=0, capacidadSinOcupar=380, capacidadSinOcuparCalc=380}
[2025-09-30T22:53:39.26166] Vuelo en ruta: VueloParaAlgoritmo{id=231, inicio=2025-10-02T13:00:00Z, fin=2025-10-02T18:00:00Z, idAlmacenOrigen=5, idAlmacenDestino=11, capacidadMaximaProductos=420, capacidadOcupadaProductos=0, capacidadSinOcupar=420, capacidadSinOcuparCalc=420}
[2025-09-30T22:53:39.261669] Vuelo en ruta: VueloParaAlgoritmo{id=273, inicio=2025-10-02T20:00:00Z, fin=2025-10-03T06:00:00Z, idAlmacenOrigen=11, idAlmacenDestino=17, capacidadMaximaProductos=520, capacidadOcupadaProductos=0, capacidadSinOcupar=520, capacidadSinOcuparCalc=520}
[2025-09-30T22:53:39.261678] EstadoGlobalMutableProblemaPlanificacion: Ruta:
[2025-09-30T22:53:39.261687] Vuelo en ruta: VueloParaAlgoritmo{id=182, inicio=2025-10-02T14:00:00Z, fin=2025-10-03T17:00:00Z, idAlmacenOrigen=2, idAlmacenDestino=17, capacidadMaximaProductos=560, capacidadOcupadaProductos=0, capacidadSinOcupar=560, capacidadSinOcuparCalc=560}
[2025-09-30T22:53:39.261696] EstadoGlobalMutableProblemaPlanificacion: Ruta:
[2025-09-30T22:53:39.261705] Vuelo en ruta: VueloParaAlgoritmo{id=35, inicio=2025-10-04T07:32:05Z, fin=2025-10-06T01:58:01Z, idAlmacenOrigen=2, idAlmacenDestino=17, capacidadMaximaProductos=433, capacidadOcupadaProductos=0, capacidadSinOcupar=433, capacidadSinOcuparCalc=433}
[2025-09-30T22:53:39.261712] EstadoGlobalMutableProblemaPlanificacion: Ruta:
[2025-09-30T22:53:39.261723] Vuelo en ruta: VueloParaAlgoritmo{id=178, inicio=2025-10-02T10:00:00Z, fin=2025-10-02T14:00:00Z, idAlmacenOrigen=2, idAlmacenDestino=11, capacidadMaximaProductos=600, capacidadOcupadaProductos=0, capacidadSinOcupar=600, capacidadSinOcuparCalc=600}
[2025-09-30T22:53:39.261732] Vuelo en ruta: VueloParaAlgoritmo{id=273, inicio=2025-10-02T20:00:00Z, fin=2025-10-03T06:00:00Z, idAlmacenOrigen=11, idAlmacenDestino=17, capacidadMaximaProductos=520, capacidadOcupadaProductos=0, capacidadSinOcupar=520, capacidadSinOcuparCalc=520}
[2025-09-30T22:53:39.261738] EstadoGlobalMutableProblemaPlanificacion: Ruta:
[2025-09-30T22:53:39.261747] Vuelo en ruta: VueloParaAlgoritmo{id=37, inicio=2025-10-03T07:29:51Z, fin=2025-10-03T20:01:59Z, idAlmacenOrigen=2, idAlmacenDestino=19, capacidadMaximaProductos=435, capacidadOcupadaProductos=0, capacidadSinOcupar=435, capacidadSinOcuparCalc=435}
[2025-09-30T22:53:39.261755] Vuelo en ruta: VueloParaAlgoritmo{id=96, inicio=2025-10-04T00:00:00Z, fin=2025-10-04T06:00:00Z, idAlmacenOrigen=19, idAlmacenDestino=17, capacidadMaximaProductos=474, capacidadOcupadaProductos=0, capacidadSinOcupar=474, capacidadSinOcuparCalc=474}
[2025-09-30T22:53:39.261762] EstadoGlobalMutableProblemaPlanificacion: Ruta:
[2025-09-30T22:53:39.261771] Vuelo en ruta: VueloParaAlgoritmo{id=174, inicio=2025-10-02T06:00:00Z, fin=2025-10-02T10:00:00Z, idAlmacenOrigen=2, idAlmacenDestino=5, capacidadMaximaProductos=520, capacidadOcupadaProductos=0, capacidadSinOcupar=520, capacidadSinOcuparCalc=520}
[2025-09-30T22:53:39.26178] Vuelo en ruta: VueloParaAlgoritmo{id=231, inicio=2025-10-02T13:00:00Z, fin=2025-10-02T18:00:00Z, idAlmacenOrigen=5, idAlmacenDestino=11, capacidadMaximaProductos=420, capacidadOcupadaProductos=0, capacidadSinOcupar=420, capacidadSinOcuparCalc=420}
[2025-09-30T22:53:39.26179] Vuelo en ruta: VueloParaAlgoritmo{id=273, inicio=2025-10-02T20:00:00Z, fin=2025-10-03T06:00:00Z, idAlmacenOrigen=11, idAlmacenDestino=17, capacidadMaximaProductos=520, capacidadOcupadaProductos=0, capacidadSinOcupar=520, capacidadSinOcuparCalc=520}
[2025-09-30T22:53:39.261802] EstadoGlobalMutableProblemaPlanificacion: Ruta:
[2025-09-30T22:53:39.261811] Vuelo en ruta: VueloParaAlgoritmo{id=179, inicio=2025-10-02T11:00:00Z, fin=2025-10-02T15:00:00Z, idAlmacenOrigen=2, idAlmacenDestino=12, capacidadMaximaProductos=580, capacidadOcupadaProductos=0, capacidadSinOcupar=580, capacidadSinOcuparCalc=580}
[2025-09-30T22:53:39.26182] Vuelo en ruta: VueloParaAlgoritmo{id=221, inicio=2025-10-02T15:00:00Z, fin=2025-10-02T18:00:00Z, idAlmacenOrigen=12, idAlmacenDestino=11, capacidadMaximaProductos=400, capacidadOcupadaProductos=0, capacidadSinOcupar=400, capacidadSinOcuparCalc=400}
[2025-09-30T22:53:39.261829] Vuelo en ruta: VueloParaAlgoritmo{id=273, inicio=2025-10-02T20:00:00Z, fin=2025-10-03T06:00:00Z, idAlmacenOrigen=11, idAlmacenDestino=17, capacidadMaximaProductos=520, capacidadOcupadaProductos=0, capacidadSinOcupar=520, capacidadSinOcuparCalc=520}
[2025-09-30T22:53:39.261836] EstadoGlobalMutableProblemaPlanificacion: Ruta:
[2025-09-30T22:53:39.261845] Vuelo en ruta: VueloParaAlgoritmo{id=185, inicio=2025-10-02T07:00:00Z, fin=2025-10-03T03:00:00Z, idAlmacenOrigen=3, idAlmacenDestino=17, capacidadMaximaProductos=440, capacidadOcupadaProductos=0, capacidadSinOcupar=440, capacidadSinOcuparCalc=440}
[2025-09-30T22:53:39.261851] EstadoGlobalMutableProblemaPlanificacion: Ruta:
[2025-09-30T22:53:39.26186] Vuelo en ruta: VueloParaAlgoritmo{id=55, inicio=2025-10-04T10:00:00Z, fin=2025-10-04T17:00:00Z, idAlmacenOrigen=3, idAlmacenDestino=17, capacidadMaximaProductos=453, capacidadOcupadaProductos=0, capacidadSinOcupar=453, capacidadSinOcuparCalc=453}
[2025-09-30T22:53:39.261867] EstadoGlobalMutableProblemaPlanificacion: Ruta:
[2025-09-30T22:53:39.261875] Vuelo en ruta: VueloParaAlgoritmo{id=184, inicio=2025-10-02T06:00:00Z, fin=2025-10-02T08:00:00Z, idAlmacenOrigen=3, idAlmacenDestino=16, capacidadMaximaProductos=460, capacidadOcupadaProductos=0, capacidadSinOcupar=460, capacidadSinOcuparCalc=460}
[2025-09-30T22:53:39.261884] Vuelo en ruta: VueloParaAlgoritmo{id=255, inicio=2025-10-02T14:00:00Z, fin=2025-10-02T21:00:00Z, idAlmacenOrigen=16, idAlmacenDestino=17, capacidadMaximaProductos=320, capacidadOcupadaProductos=0, capacidadSinOcupar=320, capacidadSinOcuparCalc=320}
[2025-09-30T22:53:39.26189] EstadoGlobalMutableProblemaPlanificacion: Ruta:
[2025-09-30T22:53:39.261898] Vuelo en ruta: VueloParaAlgoritmo{id=187, inicio=2025-10-02T09:00:00Z, fin=2025-10-02T11:00:00Z, idAlmacenOrigen=3, idAlmacenDestino=19, capacidadMaximaProductos=460, capacidadOcupadaProductos=0, capacidadSinOcupar=460, capacidadSinOcuparCalc=460}
[2025-09-30T22:53:39.261907] Vuelo en ruta: VueloParaAlgoritmo{id=116, inicio=2025-10-02T18:00:00Z, fin=2025-10-03T00:00:00Z, idAlmacenOrigen=19, idAlmacenDestino=17, capacidadMaximaProductos=494, capacidadOcupadaProductos=0, capacidadSinOcupar=494, capacidadSinOcuparCalc=494}
[2025-09-30T22:53:39.261913] EstadoGlobalMutableProblemaPlanificacion: Ruta:
[2025-09-30T22:53:39.261922] Vuelo en ruta: VueloParaAlgoritmo{id=187, inicio=2025-10-02T09:00:00Z, fin=2025-10-02T11:00:00Z, idAlmacenOrigen=3, idAlmacenDestino=19, capacidadMaximaProductos=460, capacidadOcupadaProductos=0, capacidadSinOcupar=460, capacidadSinOcuparCalc=460}
[2025-09-30T22:53:39.26193] Vuelo en ruta: VueloParaAlgoritmo{id=136, inicio=2025-10-03T14:00:00Z, fin=2025-10-03T20:00:00Z, idAlmacenOrigen=19, idAlmacenDestino=17, capacidadMaximaProductos=514, capacidadOcupadaProductos=0, capacidadSinOcupar=514, capacidadSinOcuparCalc=514}
[2025-09-30T22:53:39.261937] EstadoGlobalMutableProblemaPlanificacion: Ruta:
[2025-09-30T22:53:39.261947] Vuelo en ruta: VueloParaAlgoritmo{id=187, inicio=2025-10-02T09:00:00Z, fin=2025-10-02T11:00:00Z, idAlmacenOrigen=3, idAlmacenDestino=19, capacidadMaximaProductos=460, capacidadOcupadaProductos=0, capacidadSinOcupar=460, capacidadSinOcuparCalc=460}
[2025-09-30T22:53:39.261955] Vuelo en ruta: VueloParaAlgoritmo{id=96, inicio=2025-10-04T00:00:00Z, fin=2025-10-04T06:00:00Z, idAlmacenOrigen=19, idAlmacenDestino=17, capacidadMaximaProductos=474, capacidadOcupadaProductos=0, capacidadSinOcupar=474, capacidadSinOcuparCalc=474}
[2025-09-30T22:53:39.261961] EstadoGlobalMutableProblemaPlanificacion: Ruta:
[2025-09-30T22:53:39.26197] Vuelo en ruta: VueloParaAlgoritmo{id=183, inicio=2025-10-02T05:00:00Z, fin=2025-10-02T07:00:00Z, idAlmacenOrigen=3, idAlmacenDestino=15, capacidadMaximaProductos=420, capacidadOcupadaProductos=0, capacidadSinOcupar=420, capacidadSinOcuparCalc=420}
[2025-09-30T22:53:39.261978] Vuelo en ruta: VueloParaAlgoritmo{id=253, inicio=2025-10-02T12:00:00Z, fin=2025-10-02T14:00:00Z, idAlmacenOrigen=15, idAlmacenDestino=19, capacidadMaximaProductos=320, capacidadOcupadaProductos=0, capacidadSinOcupar=320, capacidadSinOcuparCalc=320}
[2025-09-30T22:53:39.261988] Vuelo en ruta: VueloParaAlgoritmo{id=116, inicio=2025-10-02T18:00:00Z, fin=2025-10-03T00:00:00Z, idAlmacenOrigen=19, idAlmacenDestino=17, capacidadMaximaProductos=494, capacidadOcupadaProductos=0, capacidadSinOcupar=494, capacidadSinOcuparCalc=494}
[2025-09-30T22:53:39.263834] construccionGRASPParaUnaRuta: Rutas que entraron a la RCL:  
[RutaProgramadaParaAlgoritmo(idsVuelosEnOrden=[182], idPedidoAsociado=-1, cantidadTotalOParcial=0, activo=true), RutaProgramadaParaAlgoritmo(idsVuelosEnOrden=[15], idPedidoAsociado=-1, cantidadTotalOParcial=0, activo=true), RutaProgramadaParaAlgoritmo(idsVuelosEnOrden=[14], idPedidoAsociado=-1, cantidadTotalOParcial=0, activo=true), RutaProgramadaParaAlgoritmo(idsVuelosEnOrden=[13], idPedidoAsociado=-1, cantidadTotalOParcial=0, activo=true), RutaProgramadaParaAlgoritmo(idsVuelosEnOrden=[185], idPedidoAsociado=-1, cantidadTotalOParcial=0, activo=true), RutaProgramadaParaAlgoritmo(idsVuelosEnOrden=[168, 273], idPedidoAsociado=-1, cantidadTotalOParcial=0, activo=true), RutaProgramadaParaAlgoritmo(idsVuelosEnOrden=[178, 273], idPedidoAsociado=-1, cantidadTotalOParcial=0, activo=true), RutaProgramadaParaAlgoritmo(idsVuelosEnOrden=[187, 116], idPedidoAsociado=-1, cantidadTotalOParcial=0, activo=true), RutaProgramadaParaAlgoritmo(idsVuelosEnOrden=[17, 116], idPedidoAsociado=-1, cantidadTotalOParcial=0, activo=true), RutaProgramadaParaAlgoritmo(idsVuelosEnOrden=[187, 136], idPedidoAsociado=-1, cantidadTotalOParcial=0, activo=true), RutaProgramadaParaAlgoritmo(idsVuelosEnOrden=[55], idPedidoAsociado=-1, cantidadTotalOParcial=0, activo=true), RutaProgramadaParaAlgoritmo(idsVuelosEnOrden=[187, 96], idPedidoAsociado=-1, cantidadTotalOParcial=0, activo=true), RutaProgramadaParaAlgoritmo(idsVuelosEnOrden=[17, 136], idPedidoAsociado=-1, cantidadTotalOParcial=0, activo=true), RutaProgramadaParaAlgoritmo(idsVuelosEnOrden=[184, 255], idPedidoAsociado=-1, cantidadTotalOParcial=0, activo=true), RutaProgramadaParaAlgoritmo(idsVuelosEnOrden=[37, 96], idPedidoAsociado=-1, cantidadTotalOParcial=0, activo=true), RutaProgramadaParaAlgoritmo(idsVuelosEnOrden=[174, 231, 273], idPedidoAsociado=-1, cantidadTotalOParcial=0, activo=true), RutaProgramadaParaAlgoritmo(idsVuelosEnOrden=[164, 231, 273], idPedidoAsociado=-1, cantidadTotalOParcial=0, activo=true), RutaProgramadaParaAlgoritmo(idsVuelosEnOrden=[17, 96], idPedidoAsociado=-1, cantidadTotalOParcial=0, activo=true), RutaProgramadaParaAlgoritmo(idsVuelosEnOrden=[8, 221, 273], idPedidoAsociado=-1, cantidadTotalOParcial=0, activo=true), RutaProgramadaParaAlgoritmo(idsVuelosEnOrden=[179, 221, 273], idPedidoAsociado=-1, cantidadTotalOParcial=0, activo=true), RutaProgramadaParaAlgoritmo(idsVuelosEnOrden=[169, 221, 273], idPedidoAsociado=-1, cantidadTotalOParcial=0, activo=true)]
[2025-09-30T22:53:39.263958] construccionGRASPParaUnaRuta: Máximo de intentos de rutas: 42
[2025-09-30T22:53:39.263986] construccionGRASPParaUnaRuta: Ruta seleccionada desde RCl, sus vuelos:
 14

[2025-09-30T22:53:39.264407] construccionGRASPParaUnaRuta: Pedidos que entraron a la RCL: 
PedidoParaAlgoritmo{id=1, idAlmacenDestino=17, pedidas=800, entregadas=0, programadas=0, restante=800}

[2025-09-30T22:53:39.264437] construccionGRASPParaUnaRuta: Máximo de intentos de pedidos: 2
[2025-09-30T22:53:39.264455] construccionGRASPParaUnaRuta: Pedido pretendiente para la ruta:  
PedidoParaAlgoritmo{id=1, idAlmacenDestino=17, pedidas=800, entregadas=0, programadas=0, restante=800}
[2025-09-30T22:53:39.265151] capacidadMaxAsignableEnRuta: Este es el primer almacén y es infinito, no lo simularé: AlmacenParaAlgoritmo{id=1, capacidadMaxima=1000000, capacidadOcupada=0, capacidadSinOcupar=1000000, nombrePais=Global, nombreCiudad=Global Hub City, esInfinito=true}
[2025-09-30T22:53:39.265691] 
capacidadMaxAsignableEnRuta: Simulación del almDestino en el instante 2025-10-02 05:00:00: AlmacenParaAlgoritmo{id=17, capacidadMaxima=440, capacidadOcupada=0, capacidadSinOcupar=440, nombrePais=Bélgica, nombreCiudad=Bruselas, esInfinito=false}
[2025-09-30T22:53:39.265718] capacidadMaxAsignableEnRuta: Encontré al último vuelo de ruta: VueloParaAlgoritmo{id=14, inicio=2025-10-02T04:00:00Z, fin=2025-10-02T05:00:00Z, idAlmacenOrigen=1, idAlmacenDestino=17, capacidadMaximaProductos=413, capacidadOcupadaProductos=0, capacidadSinOcupar=413, capacidadSinOcuparCalc=413}
[2025-09-30T22:53:39.265741] minimaCapacidadVuelos 413
[2025-09-30T22:53:39.266146] minDispAlmacenes 440
[2025-09-30T22:53:39.266191] Simulación del almacén destino hasta siguiente inicio: AlmacenParaAlgoritmo{id=17, capacidadMaxima=440, capacidadOcupada=413, capacidadSinOcupar=27, nombrePais=Bélgica, nombreCiudad=Bruselas, esInfinito=false}=0
[2025-09-30T22:53:39.266215] Asignable final: 413
[2025-09-30T22:53:39.266234] construccionGRASPParaUnaRuta: cantidad de prods a llevar DECIDIDA: 413
[2025-09-30T22:53:39.266269] construccionGRASPParaUnaRuta: La solución va luciendo así:
Lista de vuelos:[14] con capacidad máxima en vuelos y almacenes de: 413
[2025-09-30T22:53:39.26629] construccionGRASPParaUnaRuta: Ruta seleccionada lleva 413 productos. Retornando envío.
[2025-09-30T22:53:39.26631] construccionGRASPParaUnaRuta: esta fue la iteración en rcl de rutas N°0
[2025-09-30T22:53:39.267016] anadirRutaSolucion: Ocupar cantidad 413 en vuelo: VueloParaAlgoritmo{id=14, inicio=2025-10-02T04:00:00Z, fin=2025-10-02T05:00:00Z, idAlmacenOrigen=1, idAlmacenDestino=17, capacidadMaximaProductos=413, capacidadOcupadaProductos=413, capacidadSinOcupar=0, capacidadSinOcuparCalc=0} Pudo? true
[2025-09-30T22:53:39.267053] Ruta construida añadido a la solución: RutaProgramadaParaAlgoritmo(idsVuelosEnOrden=[14], idPedidoAsociado=1, cantidadTotalOParcial=413, activo=true)
[2025-09-30T22:53:39.267104] planificar: Iteración 1: quedan 1 pedidos pendientes
[2025-09-30T22:53:39.267113] Generando rutas candidatas (inicio)
[2025-09-30T22:53:39.27198] EstadoGlobalMutableProblemaPlanificacion: Rutas para pedidos pendientes, cantidad:25
[2025-09-30T22:53:39.272012] EstadoGlobalMutableProblemaPlanificacion: Ruta:
[2025-09-30T22:53:39.272033] Vuelo en ruta: VueloParaAlgoritmo{id=15, inicio=2025-10-02T04:12:00Z, fin=2025-10-02T04:30:00Z, idAlmacenOrigen=1, idAlmacenDestino=17, capacidadMaximaProductos=413, capacidadOcupadaProductos=0, capacidadSinOcupar=413, capacidadSinOcuparCalc=413}
[2025-09-30T22:53:39.27204] EstadoGlobalMutableProblemaPlanificacion: Ruta:
[2025-09-30T22:53:39.272049] Vuelo en ruta: VueloParaAlgoritmo{id=13, inicio=2025-10-02T05:00:00Z, fin=2025-10-02T06:00:00Z, idAlmacenOrigen=1, idAlmacenDestino=17, capacidadMaximaProductos=413, capacidadOcupadaProductos=0, capacidadSinOcupar=413, capacidadSinOcuparCalc=413}
[2025-09-30T22:53:39.272054] EstadoGlobalMutableProblemaPlanificacion: Ruta:
[2025-09-30T22:53:39.272062] Vuelo en ruta: VueloParaAlgoritmo{id=17, inicio=2025-10-02T03:28:23Z, fin=2025-10-02T16:05:56Z, idAlmacenOrigen=1, idAlmacenDestino=19, capacidadMaximaProductos=415, capacidadOcupadaProductos=0, capacidadSinOcupar=415, capacidadSinOcuparCalc=415}
[2025-09-30T22:53:39.272068] Vuelo en ruta: VueloParaAlgoritmo{id=116, inicio=2025-10-02T18:00:00Z, fin=2025-10-03T00:00:00Z, idAlmacenOrigen=19, idAlmacenDestino=17, capacidadMaximaProductos=494, capacidadOcupadaProductos=0, capacidadSinOcupar=494, capacidadSinOcuparCalc=494}
[2025-09-30T22:53:39.272073] EstadoGlobalMutableProblemaPlanificacion: Ruta:
[2025-09-30T22:53:39.272079] Vuelo en ruta: VueloParaAlgoritmo{id=17, inicio=2025-10-02T03:28:23Z, fin=2025-10-02T16:05:56Z, idAlmacenOrigen=1, idAlmacenDestino=19, capacidadMaximaProductos=415, capacidadOcupadaProductos=0, capacidadSinOcupar=415, capacidadSinOcuparCalc=415}
[2025-09-30T22:53:39.272087] Vuelo en ruta: VueloParaAlgoritmo{id=136, inicio=2025-10-03T14:00:00Z, fin=2025-10-03T20:00:00Z, idAlmacenOrigen=19, idAlmacenDestino=17, capacidadMaximaProductos=514, capacidadOcupadaProductos=0, capacidadSinOcupar=514, capacidadSinOcuparCalc=514}
[2025-09-30T22:53:39.272091] EstadoGlobalMutableProblemaPlanificacion: Ruta:
[2025-09-30T22:53:39.272098] Vuelo en ruta: VueloParaAlgoritmo{id=17, inicio=2025-10-02T03:28:23Z, fin=2025-10-02T16:05:56Z, idAlmacenOrigen=1, idAlmacenDestino=19, capacidadMaximaProductos=415, capacidadOcupadaProductos=0, capacidadSinOcupar=415, capacidadSinOcuparCalc=415}
[2025-09-30T22:53:39.272105] Vuelo en ruta: VueloParaAlgoritmo{id=96, inicio=2025-10-04T00:00:00Z, fin=2025-10-04T06:00:00Z, idAlmacenOrigen=19, idAlmacenDestino=17, capacidadMaximaProductos=474, capacidadOcupadaProductos=0, capacidadSinOcupar=474, capacidadSinOcuparCalc=474}
[2025-09-30T22:53:39.272109] EstadoGlobalMutableProblemaPlanificacion: Ruta:
[2025-09-30T22:53:39.272116] Vuelo en ruta: VueloParaAlgoritmo{id=168, inicio=2025-10-02T10:00:00Z, fin=2025-10-02T13:00:00Z, idAlmacenOrigen=1, idAlmacenDestino=11, capacidadMaximaProductos=600, capacidadOcupadaProductos=0, capacidadSinOcupar=600, capacidadSinOcuparCalc=600}
[2025-09-30T22:53:39.272123] Vuelo en ruta: VueloParaAlgoritmo{id=273, inicio=2025-10-02T20:00:00Z, fin=2025-10-03T06:00:00Z, idAlmacenOrigen=11, idAlmacenDestino=17, capacidadMaximaProductos=520, capacidadOcupadaProductos=0, capacidadSinOcupar=520, capacidadSinOcuparCalc=520}
[2025-09-30T22:53:39.272128] EstadoGlobalMutableProblemaPlanificacion: Ruta:
[2025-09-30T22:53:39.272145] Vuelo en ruta: VueloParaAlgoritmo{id=8, inicio=2025-10-02T05:10:11Z, fin=2025-10-02T12:59:32Z, idAlmacenOrigen=1, idAlmacenDestino=12, capacidadMaximaProductos=408, capacidadOcupadaProductos=0, capacidadSinOcupar=408, capacidadSinOcuparCalc=408}
[2025-09-30T22:53:39.272152] Vuelo en ruta: VueloParaAlgoritmo{id=221, inicio=2025-10-02T15:00:00Z, fin=2025-10-02T18:00:00Z, idAlmacenOrigen=12, idAlmacenDestino=11, capacidadMaximaProductos=400, capacidadOcupadaProductos=0, capacidadSinOcupar=400, capacidadSinOcuparCalc=400}
[2025-09-30T22:53:39.272158] Vuelo en ruta: VueloParaAlgoritmo{id=273, inicio=2025-10-02T20:00:00Z, fin=2025-10-03T06:00:00Z, idAlmacenOrigen=11, idAlmacenDestino=17, capacidadMaximaProductos=520, capacidadOcupadaProductos=0, capacidadSinOcupar=520, capacidadSinOcuparCalc=520}
[2025-09-30T22:53:39.272162] EstadoGlobalMutableProblemaPlanificacion: Ruta:
[2025-09-30T22:53:39.272169] Vuelo en ruta: VueloParaAlgoritmo{id=164, inicio=2025-10-02T06:00:00Z, fin=2025-10-02T08:00:00Z, idAlmacenOrigen=1, idAlmacenDestino=5, capacidadMaximaProductos=520, capacidadOcupadaProductos=0, capacidadSinOcupar=520, capacidadSinOcuparCalc=520}
[2025-09-30T22:53:39.272175] Vuelo en ruta: VueloParaAlgoritmo{id=231, inicio=2025-10-02T13:00:00Z, fin=2025-10-02T18:00:00Z, idAlmacenOrigen=5, idAlmacenDestino=11, capacidadMaximaProductos=420, capacidadOcupadaProductos=0, capacidadSinOcupar=420, capacidadSinOcuparCalc=420}
[2025-09-30T22:53:39.272181] Vuelo en ruta: VueloParaAlgoritmo{id=273, inicio=2025-10-02T20:00:00Z, fin=2025-10-03T06:00:00Z, idAlmacenOrigen=11, idAlmacenDestino=17, capacidadMaximaProductos=520, capacidadOcupadaProductos=0, capacidadSinOcupar=520, capacidadSinOcuparCalc=520}
[2025-09-30T22:53:39.272185] EstadoGlobalMutableProblemaPlanificacion: Ruta:
[2025-09-30T22:53:39.272192] Vuelo en ruta: VueloParaAlgoritmo{id=169, inicio=2025-10-02T11:00:00Z, fin=2025-10-02T14:00:00Z, idAlmacenOrigen=1, idAlmacenDestino=12, capacidadMaximaProductos=580, capacidadOcupadaProductos=0, capacidadSinOcupar=580, capacidadSinOcuparCalc=580}
[2025-09-30T22:53:39.272198] Vuelo en ruta: VueloParaAlgoritmo{id=221, inicio=2025-10-02T15:00:00Z, fin=2025-10-02T18:00:00Z, idAlmacenOrigen=12, idAlmacenDestino=11, capacidadMaximaProductos=400, capacidadOcupadaProductos=0, capacidadSinOcupar=400, capacidadSinOcuparCalc=400}
[2025-09-30T22:53:39.272204] Vuelo en ruta: VueloParaAlgoritmo{id=273, inicio=2025-10-02T20:00:00Z, fin=2025-10-03T06:00:00Z, idAlmacenOrigen=11, idAlmacenDestino=17, capacidadMaximaProductos=520, capacidadOcupadaProductos=0, capacidadSinOcupar=520, capacidadSinOcuparCalc=520}
[2025-09-30T22:53:39.272208] EstadoGlobalMutableProblemaPlanificacion: Ruta:
[2025-09-30T22:53:39.272215] Vuelo en ruta: VueloParaAlgoritmo{id=164, inicio=2025-10-02T06:00:00Z, fin=2025-10-02T08:00:00Z, idAlmacenOrigen=1, idAlmacenDestino=5, capacidadMaximaProductos=520, capacidadOcupadaProductos=0, capacidadSinOcupar=520, capacidadSinOcuparCalc=520}
[2025-09-30T22:53:39.272221] Vuelo en ruta: VueloParaAlgoritmo{id=232, inicio=2025-10-02T08:00:00Z, fin=2025-10-02T14:00:00Z, idAlmacenOrigen=5, idAlmacenDestino=12, capacidadMaximaProductos=420, capacidadOcupadaProductos=0, capacidadSinOcupar=420, capacidadSinOcuparCalc=420}
[2025-09-30T22:53:39.272227] Vuelo en ruta: VueloParaAlgoritmo{id=221, inicio=2025-10-02T15:00:00Z, fin=2025-10-02T18:00:00Z, idAlmacenOrigen=12, idAlmacenDestino=11, capacidadMaximaProductos=400, capacidadOcupadaProductos=0, capacidadSinOcupar=400, capacidadSinOcuparCalc=400}
[2025-09-30T22:53:39.272233] Vuelo en ruta: VueloParaAlgoritmo{id=273, inicio=2025-10-02T20:00:00Z, fin=2025-10-03T06:00:00Z, idAlmacenOrigen=11, idAlmacenDestino=17, capacidadMaximaProductos=520, capacidadOcupadaProductos=0, capacidadSinOcupar=520, capacidadSinOcuparCalc=520}
[2025-09-30T22:53:39.272237] EstadoGlobalMutableProblemaPlanificacion: Ruta:
[2025-09-30T22:53:39.272244] Vuelo en ruta: VueloParaAlgoritmo{id=165, inicio=2025-10-02T07:00:00Z, fin=2025-10-02T09:00:00Z, idAlmacenOrigen=1, idAlmacenDestino=6, capacidadMaximaProductos=500, capacidadOcupadaProductos=0, capacidadSinOcupar=500, capacidadSinOcuparCalc=500}
[2025-09-30T22:53:39.27225] Vuelo en ruta: VueloParaAlgoritmo{id=211, inicio=2025-10-02T09:00:00Z, fin=2025-10-02T11:00:00Z, idAlmacenOrigen=6, idAlmacenDestino=5, capacidadMaximaProductos=380, capacidadOcupadaProductos=0, capacidadSinOcupar=380, capacidadSinOcuparCalc=380}
[2025-09-30T22:53:39.272265] Vuelo en ruta: VueloParaAlgoritmo{id=231, inicio=2025-10-02T13:00:00Z, fin=2025-10-02T18:00:00Z, idAlmacenOrigen=5, idAlmacenDestino=11, capacidadMaximaProductos=420, capacidadOcupadaProductos=0, capacidadSinOcupar=420, capacidadSinOcuparCalc=420}
[2025-09-30T22:53:39.272271] Vuelo en ruta: VueloParaAlgoritmo{id=273, inicio=2025-10-02T20:00:00Z, fin=2025-10-03T06:00:00Z, idAlmacenOrigen=11, idAlmacenDestino=17, capacidadMaximaProductos=520, capacidadOcupadaProductos=0, capacidadSinOcupar=520, capacidadSinOcuparCalc=520}
[2025-09-30T22:53:39.272275] EstadoGlobalMutableProblemaPlanificacion: Ruta:
[2025-09-30T22:53:39.272282] Vuelo en ruta: VueloParaAlgoritmo{id=182, inicio=2025-10-02T14:00:00Z, fin=2025-10-03T17:00:00Z, idAlmacenOrigen=2, idAlmacenDestino=17, capacidadMaximaProductos=560, capacidadOcupadaProductos=0, capacidadSinOcupar=560, capacidadSinOcuparCalc=560}
[2025-09-30T22:53:39.272286] EstadoGlobalMutableProblemaPlanificacion: Ruta:
[2025-09-30T22:53:39.272293] Vuelo en ruta: VueloParaAlgoritmo{id=35, inicio=2025-10-04T07:32:05Z, fin=2025-10-06T01:58:01Z, idAlmacenOrigen=2, idAlmacenDestino=17, capacidadMaximaProductos=433, capacidadOcupadaProductos=0, capacidadSinOcupar=433, capacidadSinOcuparCalc=433}
[2025-09-30T22:53:39.272297] EstadoGlobalMutableProblemaPlanificacion: Ruta:
[2025-09-30T22:53:39.272303] Vuelo en ruta: VueloParaAlgoritmo{id=178, inicio=2025-10-02T10:00:00Z, fin=2025-10-02T14:00:00Z, idAlmacenOrigen=2, idAlmacenDestino=11, capacidadMaximaProductos=600, capacidadOcupadaProductos=0, capacidadSinOcupar=600, capacidadSinOcuparCalc=600}
[2025-09-30T22:53:39.272309] Vuelo en ruta: VueloParaAlgoritmo{id=273, inicio=2025-10-02T20:00:00Z, fin=2025-10-03T06:00:00Z, idAlmacenOrigen=11, idAlmacenDestino=17, capacidadMaximaProductos=520, capacidadOcupadaProductos=0, capacidadSinOcupar=520, capacidadSinOcuparCalc=520}
[2025-09-30T22:53:39.272313] EstadoGlobalMutableProblemaPlanificacion: Ruta:
[2025-09-30T22:53:39.27232] Vuelo en ruta: VueloParaAlgoritmo{id=37, inicio=2025-10-03T07:29:51Z, fin=2025-10-03T20:01:59Z, idAlmacenOrigen=2, idAlmacenDestino=19, capacidadMaximaProductos=435, capacidadOcupadaProductos=0, capacidadSinOcupar=435, capacidadSinOcuparCalc=435}
[2025-09-30T22:53:39.272326] Vuelo en ruta: VueloParaAlgoritmo{id=96, inicio=2025-10-04T00:00:00Z, fin=2025-10-04T06:00:00Z, idAlmacenOrigen=19, idAlmacenDestino=17, capacidadMaximaProductos=474, capacidadOcupadaProductos=0, capacidadSinOcupar=474, capacidadSinOcuparCalc=474}
[2025-09-30T22:53:39.272331] EstadoGlobalMutableProblemaPlanificacion: Ruta:
[2025-09-30T22:53:39.272341] Vuelo en ruta: VueloParaAlgoritmo{id=174, inicio=2025-10-02T06:00:00Z, fin=2025-10-02T10:00:00Z, idAlmacenOrigen=2, idAlmacenDestino=5, capacidadMaximaProductos=520, capacidadOcupadaProductos=0, capacidadSinOcupar=520, capacidadSinOcuparCalc=520}
[2025-09-30T22:53:39.272347] Vuelo en ruta: VueloParaAlgoritmo{id=231, inicio=2025-10-02T13:00:00Z, fin=2025-10-02T18:00:00Z, idAlmacenOrigen=5, idAlmacenDestino=11, capacidadMaximaProductos=420, capacidadOcupadaProductos=0, capacidadSinOcupar=420, capacidadSinOcuparCalc=420}
[2025-09-30T22:53:39.272353] Vuelo en ruta: VueloParaAlgoritmo{id=273, inicio=2025-10-02T20:00:00Z, fin=2025-10-03T06:00:00Z, idAlmacenOrigen=11, idAlmacenDestino=17, capacidadMaximaProductos=520, capacidadOcupadaProductos=0, capacidadSinOcupar=520, capacidadSinOcuparCalc=520}
[2025-09-30T22:53:39.272358] EstadoGlobalMutableProblemaPlanificacion: Ruta:
[2025-09-30T22:53:39.272364] Vuelo en ruta: VueloParaAlgoritmo{id=179, inicio=2025-10-02T11:00:00Z, fin=2025-10-02T15:00:00Z, idAlmacenOrigen=2, idAlmacenDestino=12, capacidadMaximaProductos=580, capacidadOcupadaProductos=0, capacidadSinOcupar=580, capacidadSinOcuparCalc=580}
[2025-09-30T22:53:39.27237] Vuelo en ruta: VueloParaAlgoritmo{id=221, inicio=2025-10-02T15:00:00Z, fin=2025-10-02T18:00:00Z, idAlmacenOrigen=12, idAlmacenDestino=11, capacidadMaximaProductos=400, capacidadOcupadaProductos=0, capacidadSinOcupar=400, capacidadSinOcuparCalc=400}
[2025-09-30T22:53:39.272376] Vuelo en ruta: VueloParaAlgoritmo{id=273, inicio=2025-10-02T20:00:00Z, fin=2025-10-03T06:00:00Z, idAlmacenOrigen=11, idAlmacenDestino=17, capacidadMaximaProductos=520, capacidadOcupadaProductos=0, capacidadSinOcupar=520, capacidadSinOcuparCalc=520}
[2025-09-30T22:53:39.27238] EstadoGlobalMutableProblemaPlanificacion: Ruta:
[2025-09-30T22:53:39.272387] Vuelo en ruta: VueloParaAlgoritmo{id=185, inicio=2025-10-02T07:00:00Z, fin=2025-10-03T03:00:00Z, idAlmacenOrigen=3, idAlmacenDestino=17, capacidadMaximaProductos=440, capacidadOcupadaProductos=0, capacidadSinOcupar=440, capacidadSinOcuparCalc=440}
[2025-09-30T22:53:39.272391] EstadoGlobalMutableProblemaPlanificacion: Ruta:
[2025-09-30T22:53:39.272397] Vuelo en ruta: VueloParaAlgoritmo{id=55, inicio=2025-10-04T10:00:00Z, fin=2025-10-04T17:00:00Z, idAlmacenOrigen=3, idAlmacenDestino=17, capacidadMaximaProductos=453, capacidadOcupadaProductos=0, capacidadSinOcupar=453, capacidadSinOcuparCalc=453}
[2025-09-30T22:53:39.272401] EstadoGlobalMutableProblemaPlanificacion: Ruta:
[2025-09-30T22:53:39.272407] Vuelo en ruta: VueloParaAlgoritmo{id=184, inicio=2025-10-02T06:00:00Z, fin=2025-10-02T08:00:00Z, idAlmacenOrigen=3, idAlmacenDestino=16, capacidadMaximaProductos=460, capacidadOcupadaProductos=0, capacidadSinOcupar=460, capacidadSinOcuparCalc=460}
[2025-09-30T22:53:39.272413] Vuelo en ruta: VueloParaAlgoritmo{id=255, inicio=2025-10-02T14:00:00Z, fin=2025-10-02T21:00:00Z, idAlmacenOrigen=16, idAlmacenDestino=17, capacidadMaximaProductos=320, capacidadOcupadaProductos=0, capacidadSinOcupar=320, capacidadSinOcuparCalc=320}
[2025-09-30T22:53:39.272417] EstadoGlobalMutableProblemaPlanificacion: Ruta:
[2025-09-30T22:53:39.272424] Vuelo en ruta: VueloParaAlgoritmo{id=187, inicio=2025-10-02T09:00:00Z, fin=2025-10-02T11:00:00Z, idAlmacenOrigen=3, idAlmacenDestino=19, capacidadMaximaProductos=460, capacidadOcupadaProductos=0, capacidadSinOcupar=460, capacidadSinOcuparCalc=460}
[2025-09-30T22:53:39.27243] Vuelo en ruta: VueloParaAlgoritmo{id=116, inicio=2025-10-02T18:00:00Z, fin=2025-10-03T00:00:00Z, idAlmacenOrigen=19, idAlmacenDestino=17, capacidadMaximaProductos=494, capacidadOcupadaProductos=0, capacidadSinOcupar=494, capacidadSinOcuparCalc=494}
[2025-09-30T22:53:39.272435] EstadoGlobalMutableProblemaPlanificacion: Ruta:
[2025-09-30T22:53:39.272441] Vuelo en ruta: VueloParaAlgoritmo{id=187, inicio=2025-10-02T09:00:00Z, fin=2025-10-02T11:00:00Z, idAlmacenOrigen=3, idAlmacenDestino=19, capacidadMaximaProductos=460, capacidadOcupadaProductos=0, capacidadSinOcupar=460, capacidadSinOcuparCalc=460}
[2025-09-30T22:53:39.272448] Vuelo en ruta: VueloParaAlgoritmo{id=136, inicio=2025-10-03T14:00:00Z, fin=2025-10-03T20:00:00Z, idAlmacenOrigen=19, idAlmacenDestino=17, capacidadMaximaProductos=514, capacidadOcupadaProductos=0, capacidadSinOcupar=514, capacidadSinOcuparCalc=514}
[2025-09-30T22:53:39.272452] EstadoGlobalMutableProblemaPlanificacion: Ruta:
[2025-09-30T22:53:39.272458] Vuelo en ruta: VueloParaAlgoritmo{id=187, inicio=2025-10-02T09:00:00Z, fin=2025-10-02T11:00:00Z, idAlmacenOrigen=3, idAlmacenDestino=19, capacidadMaximaProductos=460, capacidadOcupadaProductos=0, capacidadSinOcupar=460, capacidadSinOcuparCalc=460}
[2025-09-30T22:53:39.272463] Vuelo en ruta: VueloParaAlgoritmo{id=96, inicio=2025-10-04T00:00:00Z, fin=2025-10-04T06:00:00Z, idAlmacenOrigen=19, idAlmacenDestino=17, capacidadMaximaProductos=474, capacidadOcupadaProductos=0, capacidadSinOcupar=474, capacidadSinOcuparCalc=474}
[2025-09-30T22:53:39.272467] EstadoGlobalMutableProblemaPlanificacion: Ruta:
[2025-09-30T22:53:39.272473] Vuelo en ruta: VueloParaAlgoritmo{id=183, inicio=2025-10-02T05:00:00Z, fin=2025-10-02T07:00:00Z, idAlmacenOrigen=3, idAlmacenDestino=15, capacidadMaximaProductos=420, capacidadOcupadaProductos=0, capacidadSinOcupar=420, capacidadSinOcuparCalc=420}
[2025-09-30T22:53:39.272478] Vuelo en ruta: VueloParaAlgoritmo{id=253, inicio=2025-10-02T12:00:00Z, fin=2025-10-02T14:00:00Z, idAlmacenOrigen=15, idAlmacenDestino=19, capacidadMaximaProductos=320, capacidadOcupadaProductos=0, capacidadSinOcupar=320, capacidadSinOcuparCalc=320}
[2025-09-30T22:53:39.272488] Vuelo en ruta: VueloParaAlgoritmo{id=116, inicio=2025-10-02T18:00:00Z, fin=2025-10-03T00:00:00Z, idAlmacenOrigen=19, idAlmacenDestino=17, capacidadMaximaProductos=494, capacidadOcupadaProductos=0, capacidadSinOcupar=494, capacidadSinOcuparCalc=494}
[2025-09-30T22:53:39.272492] EstadoGlobalMutableProblemaPlanificacion: Ruta:
[2025-09-30T22:53:39.272498] Vuelo en ruta: VueloParaAlgoritmo{id=183, inicio=2025-10-02T05:00:00Z, fin=2025-10-02T07:00:00Z, idAlmacenOrigen=3, idAlmacenDestino=15, capacidadMaximaProductos=420, capacidadOcupadaProductos=0, capacidadSinOcupar=420, capacidadSinOcuparCalc=420}
[2025-09-30T22:53:39.272504] Vuelo en ruta: VueloParaAlgoritmo{id=253, inicio=2025-10-02T12:00:00Z, fin=2025-10-02T14:00:00Z, idAlmacenOrigen=15, idAlmacenDestino=19, capacidadMaximaProductos=320, capacidadOcupadaProductos=0, capacidadSinOcupar=320, capacidadSinOcuparCalc=320}
[2025-09-30T22:53:39.272509] Vuelo en ruta: VueloParaAlgoritmo{id=136, inicio=2025-10-03T14:00:00Z, fin=2025-10-03T20:00:00Z, idAlmacenOrigen=19, idAlmacenDestino=17, capacidadMaximaProductos=514, capacidadOcupadaProductos=0, capacidadSinOcupar=514, capacidadSinOcuparCalc=514}
[2025-09-30T22:53:39.272719] construccionGRASPParaUnaRuta: Rutas que entraron a la RCL:  
[RutaProgramadaParaAlgoritmo(idsVuelosEnOrden=[182], idPedidoAsociado=-1, cantidadTotalOParcial=0, activo=true), RutaProgramadaParaAlgoritmo(idsVuelosEnOrden=[15], idPedidoAsociado=-1, cantidadTotalOParcial=0, activo=true), RutaProgramadaParaAlgoritmo(idsVuelosEnOrden=[13], idPedidoAsociado=-1, cantidadTotalOParcial=0, activo=true), RutaProgramadaParaAlgoritmo(idsVuelosEnOrden=[185], idPedidoAsociado=-1, cantidadTotalOParcial=0, activo=true), RutaProgramadaParaAlgoritmo(idsVuelosEnOrden=[168, 273], idPedidoAsociado=-1, cantidadTotalOParcial=0, activo=true), RutaProgramadaParaAlgoritmo(idsVuelosEnOrden=[178, 273], idPedidoAsociado=-1, cantidadTotalOParcial=0, activo=true), RutaProgramadaParaAlgoritmo(idsVuelosEnOrden=[187, 116], idPedidoAsociado=-1, cantidadTotalOParcial=0, activo=true), RutaProgramadaParaAlgoritmo(idsVuelosEnOrden=[17, 116], idPedidoAsociado=-1, cantidadTotalOParcial=0, activo=true), RutaProgramadaParaAlgoritmo(idsVuelosEnOrden=[187, 136], idPedidoAsociado=-1, cantidadTotalOParcial=0, activo=true), RutaProgramadaParaAlgoritmo(idsVuelosEnOrden=[55], idPedidoAsociado=-1, cantidadTotalOParcial=0, activo=true), RutaProgramadaParaAlgoritmo(idsVuelosEnOrden=[187, 96], idPedidoAsociado=-1, cantidadTotalOParcial=0, activo=true), RutaProgramadaParaAlgoritmo(idsVuelosEnOrden=[17, 136], idPedidoAsociado=-1, cantidadTotalOParcial=0, activo=true), RutaProgramadaParaAlgoritmo(idsVuelosEnOrden=[184, 255], idPedidoAsociado=-1, cantidadTotalOParcial=0, activo=true), RutaProgramadaParaAlgoritmo(idsVuelosEnOrden=[37, 96], idPedidoAsociado=-1, cantidadTotalOParcial=0, activo=true), RutaProgramadaParaAlgoritmo(idsVuelosEnOrden=[174, 231, 273], idPedidoAsociado=-1, cantidadTotalOParcial=0, activo=true), RutaProgramadaParaAlgoritmo(idsVuelosEnOrden=[164, 231, 273], idPedidoAsociado=-1, cantidadTotalOParcial=0, activo=true), RutaProgramadaParaAlgoritmo(idsVuelosEnOrden=[17, 96], idPedidoAsociado=-1, cantidadTotalOParcial=0, activo=true), RutaProgramadaParaAlgoritmo(idsVuelosEnOrden=[8, 221, 273], idPedidoAsociado=-1, cantidadTotalOParcial=0, activo=true), RutaProgramadaParaAlgoritmo(idsVuelosEnOrden=[179, 221, 273], idPedidoAsociado=-1, cantidadTotalOParcial=0, activo=true), RutaProgramadaParaAlgoritmo(idsVuelosEnOrden=[169, 221, 273], idPedidoAsociado=-1, cantidadTotalOParcial=0, activo=true)]
[2025-09-30T22:53:39.272755] construccionGRASPParaUnaRuta: Máximo de intentos de rutas: 40
[2025-09-30T22:53:39.272764] construccionGRASPParaUnaRuta: Ruta seleccionada desde RCl, sus vuelos:
 182

[2025-09-30T22:53:39.272795] construccionGRASPParaUnaRuta: Pedidos que entraron a la RCL: 
PedidoParaAlgoritmo{id=1, idAlmacenDestino=17, pedidas=800, entregadas=0, programadas=413, restante=387}

[2025-09-30T22:53:39.272799] construccionGRASPParaUnaRuta: Máximo de intentos de pedidos: 2
[2025-09-30T22:53:39.272805] construccionGRASPParaUnaRuta: Pedido pretendiente para la ruta:  
PedidoParaAlgoritmo{id=1, idAlmacenDestino=17, pedidas=800, entregadas=0, programadas=413, restante=387}
[2025-09-30T22:53:39.272832] capacidadMaxAsignableEnRuta: Este es el primer almacén y es infinito, no lo simularé: AlmacenParaAlgoritmo{id=2, capacidadMaxima=1000000, capacidadOcupada=0, capacidadSinOcupar=1000000, nombrePais=Universal, nombreCiudad=Mega Global Hub, esInfinito=true}
[2025-09-30T22:53:39.272864] 
capacidadMaxAsignableEnRuta: Simulación del almDestino en el instante 2025-10-03 17:00:00: AlmacenParaAlgoritmo{id=17, capacidadMaxima=440, capacidadOcupada=0, capacidadSinOcupar=440, nombrePais=Bélgica, nombreCiudad=Bruselas, esInfinito=false}
[2025-09-30T22:53:39.272872] capacidadMaxAsignableEnRuta: Encontré al último vuelo de ruta: VueloParaAlgoritmo{id=182, inicio=2025-10-02T14:00:00Z, fin=2025-10-03T17:00:00Z, idAlmacenOrigen=2, idAlmacenDestino=17, capacidadMaximaProductos=560, capacidadOcupadaProductos=0, capacidadSinOcupar=560, capacidadSinOcuparCalc=560}
[2025-09-30T22:53:39.272876] minimaCapacidadVuelos 560
[2025-09-30T22:53:39.272889] minDispAlmacenes 440
[2025-09-30T22:53:39.272909] Simulación del almacén destino hasta siguiente inicio: AlmacenParaAlgoritmo{id=17, capacidadMaxima=440, capacidadOcupada=413, capacidadSinOcupar=27, nombrePais=Bélgica, nombreCiudad=Bruselas, esInfinito=false}=386
[2025-09-30T22:53:39.273013] El almacén colapsaría con una diferencia de: 386
[2025-09-30T22:53:39.273033] maxDiferenciaColapso 386
[2025-09-30T22:53:39.273038] Asignable final: 1
[2025-09-30T22:53:39.273042] construccionGRASPParaUnaRuta: cantidad de prods a llevar DECIDIDA: 1
[2025-09-30T22:53:39.273047] construccionGRASPParaUnaRuta: La solución va luciendo así:
Lista de vuelos:[182] con capacidad máxima en vuelos y almacenes de: 1
[2025-09-30T22:53:39.273051] construccionGRASPParaUnaRuta: Ruta seleccionada lleva 1 productos. Retornando envío.
[2025-09-30T22:53:39.273054] construccionGRASPParaUnaRuta: esta fue la iteración en rcl de rutas N°0
[2025-09-30T22:53:39.273069] anadirRutaSolucion: Ocupar cantidad 1 en vuelo: VueloParaAlgoritmo{id=182, inicio=2025-10-02T14:00:00Z, fin=2025-10-03T17:00:00Z, idAlmacenOrigen=2, idAlmacenDestino=17, capacidadMaximaProductos=560, capacidadOcupadaProductos=1, capacidadSinOcupar=559, capacidadSinOcuparCalc=559} Pudo? true
[2025-09-30T22:53:39.273078] Ruta construida añadido a la solución: RutaProgramadaParaAlgoritmo(idsVuelosEnOrden=[182], idPedidoAsociado=1, cantidadTotalOParcial=1, activo=true)
[2025-09-30T22:53:39.273131] planificar: Iteración 2: quedan 1 pedidos pendientes
[2025-09-30T22:53:39.273135] Generando rutas candidatas (inicio)
[2025-09-30T22:53:39.27511] EstadoGlobalMutableProblemaPlanificacion: Rutas para pedidos pendientes, cantidad:25
[2025-09-30T22:53:39.27512] EstadoGlobalMutableProblemaPlanificacion: Ruta:
[2025-09-30T22:53:39.275234] Vuelo en ruta: VueloParaAlgoritmo{id=15, inicio=2025-10-02T04:12:00Z, fin=2025-10-02T04:30:00Z, idAlmacenOrigen=1, idAlmacenDestino=17, capacidadMaximaProductos=413, capacidadOcupadaProductos=0, capacidadSinOcupar=413, capacidadSinOcuparCalc=413}
[2025-09-30T22:53:39.275239] EstadoGlobalMutableProblemaPlanificacion: Ruta:
[2025-09-30T22:53:39.275245] Vuelo en ruta: VueloParaAlgoritmo{id=13, inicio=2025-10-02T05:00:00Z, fin=2025-10-02T06:00:00Z, idAlmacenOrigen=1, idAlmacenDestino=17, capacidadMaximaProductos=413, capacidadOcupadaProductos=0, capacidadSinOcupar=413, capacidadSinOcuparCalc=413}
[2025-09-30T22:53:39.275255] EstadoGlobalMutableProblemaPlanificacion: Ruta:
[2025-09-30T22:53:39.27526] Vuelo en ruta: VueloParaAlgoritmo{id=17, inicio=2025-10-02T03:28:23Z, fin=2025-10-02T16:05:56Z, idAlmacenOrigen=1, idAlmacenDestino=19, capacidadMaximaProductos=415, capacidadOcupadaProductos=0, capacidadSinOcupar=415, capacidadSinOcuparCalc=415}
[2025-09-30T22:53:39.275265] Vuelo en ruta: VueloParaAlgoritmo{id=116, inicio=2025-10-02T18:00:00Z, fin=2025-10-03T00:00:00Z, idAlmacenOrigen=19, idAlmacenDestino=17, capacidadMaximaProductos=494, capacidadOcupadaProductos=0, capacidadSinOcupar=494, capacidadSinOcuparCalc=494}
[2025-09-30T22:53:39.27527] EstadoGlobalMutableProblemaPlanificacion: Ruta:
[2025-09-30T22:53:39.275279] Vuelo en ruta: VueloParaAlgoritmo{id=17, inicio=2025-10-02T03:28:23Z, fin=2025-10-02T16:05:56Z, idAlmacenOrigen=1, idAlmacenDestino=19, capacidadMaximaProductos=415, capacidadOcupadaProductos=0, capacidadSinOcupar=415, capacidadSinOcuparCalc=415}
[2025-09-30T22:53:39.275284] Vuelo en ruta: VueloParaAlgoritmo{id=136, inicio=2025-10-03T14:00:00Z, fin=2025-10-03T20:00:00Z, idAlmacenOrigen=19, idAlmacenDestino=17, capacidadMaximaProductos=514, capacidadOcupadaProductos=0, capacidadSinOcupar=514, capacidadSinOcuparCalc=514}
[2025-09-30T22:53:39.275287] EstadoGlobalMutableProblemaPlanificacion: Ruta:
[2025-09-30T22:53:39.275292] Vuelo en ruta: VueloParaAlgoritmo{id=17, inicio=2025-10-02T03:28:23Z, fin=2025-10-02T16:05:56Z, idAlmacenOrigen=1, idAlmacenDestino=19, capacidadMaximaProductos=415, capacidadOcupadaProductos=0, capacidadSinOcupar=415, capacidadSinOcuparCalc=415}
[2025-09-30T22:53:39.275296] Vuelo en ruta: VueloParaAlgoritmo{id=96, inicio=2025-10-04T00:00:00Z, fin=2025-10-04T06:00:00Z, idAlmacenOrigen=19, idAlmacenDestino=17, capacidadMaximaProductos=474, capacidadOcupadaProductos=0, capacidadSinOcupar=474, capacidadSinOcuparCalc=474}
[2025-09-30T22:53:39.275299] EstadoGlobalMutableProblemaPlanificacion: Ruta:
[2025-09-30T22:53:39.275304] Vuelo en ruta: VueloParaAlgoritmo{id=168, inicio=2025-10-02T10:00:00Z, fin=2025-10-02T13:00:00Z, idAlmacenOrigen=1, idAlmacenDestino=11, capacidadMaximaProductos=600, capacidadOcupadaProductos=0, capacidadSinOcupar=600, capacidadSinOcuparCalc=600}
[2025-09-30T22:53:39.275308] Vuelo en ruta: VueloParaAlgoritmo{id=273, inicio=2025-10-02T20:00:00Z, fin=2025-10-03T06:00:00Z, idAlmacenOrigen=11, idAlmacenDestino=17, capacidadMaximaProductos=520, capacidadOcupadaProductos=0, capacidadSinOcupar=520, capacidadSinOcuparCalc=520}
[2025-09-30T22:53:39.275312] EstadoGlobalMutableProblemaPlanificacion: Ruta:
[2025-09-30T22:53:39.275316] Vuelo en ruta: VueloParaAlgoritmo{id=8, inicio=2025-10-02T05:10:11Z, fin=2025-10-02T12:59:32Z, idAlmacenOrigen=1, idAlmacenDestino=12, capacidadMaximaProductos=408, capacidadOcupadaProductos=0, capacidadSinOcupar=408, capacidadSinOcuparCalc=408}
[2025-09-30T22:53:39.27532] Vuelo en ruta: VueloParaAlgoritmo{id=221, inicio=2025-10-02T15:00:00Z, fin=2025-10-02T18:00:00Z, idAlmacenOrigen=12, idAlmacenDestino=11, capacidadMaximaProductos=400, capacidadOcupadaProductos=0, capacidadSinOcupar=400, capacidadSinOcuparCalc=400}
[2025-09-30T22:53:39.275325] Vuelo en ruta: VueloParaAlgoritmo{id=273, inicio=2025-10-02T20:00:00Z, fin=2025-10-03T06:00:00Z, idAlmacenOrigen=11, idAlmacenDestino=17, capacidadMaximaProductos=520, capacidadOcupadaProductos=0, capacidadSinOcupar=520, capacidadSinOcuparCalc=520}
[2025-09-30T22:53:39.275328] EstadoGlobalMutableProblemaPlanificacion: Ruta:
[2025-09-30T22:53:39.275332] Vuelo en ruta: VueloParaAlgoritmo{id=164, inicio=2025-10-02T06:00:00Z, fin=2025-10-02T08:00:00Z, idAlmacenOrigen=1, idAlmacenDestino=5, capacidadMaximaProductos=520, capacidadOcupadaProductos=0, capacidadSinOcupar=520, capacidadSinOcuparCalc=520}
[2025-09-30T22:53:39.275336] Vuelo en ruta: VueloParaAlgoritmo{id=231, inicio=2025-10-02T13:00:00Z, fin=2025-10-02T18:00:00Z, idAlmacenOrigen=5, idAlmacenDestino=11, capacidadMaximaProductos=420, capacidadOcupadaProductos=0, capacidadSinOcupar=420, capacidadSinOcuparCalc=420}
[2025-09-30T22:53:39.27534] Vuelo en ruta: VueloParaAlgoritmo{id=273, inicio=2025-10-02T20:00:00Z, fin=2025-10-03T06:00:00Z, idAlmacenOrigen=11, idAlmacenDestino=17, capacidadMaximaProductos=520, capacidadOcupadaProductos=0, capacidadSinOcupar=520, capacidadSinOcuparCalc=520}
[2025-09-30T22:53:39.275343] EstadoGlobalMutableProblemaPlanificacion: Ruta:
[2025-09-30T22:53:39.275348] Vuelo en ruta: VueloParaAlgoritmo{id=169, inicio=2025-10-02T11:00:00Z, fin=2025-10-02T14:00:00Z, idAlmacenOrigen=1, idAlmacenDestino=12, capacidadMaximaProductos=580, capacidadOcupadaProductos=0, capacidadSinOcupar=580, capacidadSinOcuparCalc=580}
[2025-09-30T22:53:39.275352] Vuelo en ruta: VueloParaAlgoritmo{id=221, inicio=2025-10-02T15:00:00Z, fin=2025-10-02T18:00:00Z, idAlmacenOrigen=12, idAlmacenDestino=11, capacidadMaximaProductos=400, capacidadOcupadaProductos=0, capacidadSinOcupar=400, capacidadSinOcuparCalc=400}
[2025-09-30T22:53:39.275356] Vuelo en ruta: VueloParaAlgoritmo{id=273, inicio=2025-10-02T20:00:00Z, fin=2025-10-03T06:00:00Z, idAlmacenOrigen=11, idAlmacenDestino=17, capacidadMaximaProductos=520, capacidadOcupadaProductos=0, capacidadSinOcupar=520, capacidadSinOcuparCalc=520}
[2025-09-30T22:53:39.275359] EstadoGlobalMutableProblemaPlanificacion: Ruta:
[2025-09-30T22:53:39.275364] Vuelo en ruta: VueloParaAlgoritmo{id=164, inicio=2025-10-02T06:00:00Z, fin=2025-10-02T08:00:00Z, idAlmacenOrigen=1, idAlmacenDestino=5, capacidadMaximaProductos=520, capacidadOcupadaProductos=0, capacidadSinOcupar=520, capacidadSinOcuparCalc=520}
[2025-09-30T22:53:39.275369] Vuelo en ruta: VueloParaAlgoritmo{id=232, inicio=2025-10-02T08:00:00Z, fin=2025-10-02T14:00:00Z, idAlmacenOrigen=5, idAlmacenDestino=12, capacidadMaximaProductos=420, capacidadOcupadaProductos=0, capacidadSinOcupar=420, capacidadSinOcuparCalc=420}
[2025-09-30T22:53:39.275373] Vuelo en ruta: VueloParaAlgoritmo{id=221, inicio=2025-10-02T15:00:00Z, fin=2025-10-02T18:00:00Z, idAlmacenOrigen=12, idAlmacenDestino=11, capacidadMaximaProductos=400, capacidadOcupadaProductos=0, capacidadSinOcupar=400, capacidadSinOcuparCalc=400}
[2025-09-30T22:53:39.275377] Vuelo en ruta: VueloParaAlgoritmo{id=273, inicio=2025-10-02T20:00:00Z, fin=2025-10-03T06:00:00Z, idAlmacenOrigen=11, idAlmacenDestino=17, capacidadMaximaProductos=520, capacidadOcupadaProductos=0, capacidadSinOcupar=520, capacidadSinOcuparCalc=520}
[2025-09-30T22:53:39.275381] EstadoGlobalMutableProblemaPlanificacion: Ruta:
[2025-09-30T22:53:39.275385] Vuelo en ruta: VueloParaAlgoritmo{id=165, inicio=2025-10-02T07:00:00Z, fin=2025-10-02T09:00:00Z, idAlmacenOrigen=1, idAlmacenDestino=6, capacidadMaximaProductos=500, capacidadOcupadaProductos=0, capacidadSinOcupar=500, capacidadSinOcuparCalc=500}
[2025-09-30T22:53:39.275389] Vuelo en ruta: VueloParaAlgoritmo{id=211, inicio=2025-10-02T09:00:00Z, fin=2025-10-02T11:00:00Z, idAlmacenOrigen=6, idAlmacenDestino=5, capacidadMaximaProductos=380, capacidadOcupadaProductos=0, capacidadSinOcupar=380, capacidadSinOcuparCalc=380}
[2025-09-30T22:53:39.275393] Vuelo en ruta: VueloParaAlgoritmo{id=231, inicio=2025-10-02T13:00:00Z, fin=2025-10-02T18:00:00Z, idAlmacenOrigen=5, idAlmacenDestino=11, capacidadMaximaProductos=420, capacidadOcupadaProductos=0, capacidadSinOcupar=420, capacidadSinOcuparCalc=420}
[2025-09-30T22:53:39.275397] Vuelo en ruta: VueloParaAlgoritmo{id=273, inicio=2025-10-02T20:00:00Z, fin=2025-10-03T06:00:00Z, idAlmacenOrigen=11, idAlmacenDestino=17, capacidadMaximaProductos=520, capacidadOcupadaProductos=0, capacidadSinOcupar=520, capacidadSinOcuparCalc=520}
[2025-09-30T22:53:39.275401] EstadoGlobalMutableProblemaPlanificacion: Ruta:
[2025-09-30T22:53:39.275405] Vuelo en ruta: VueloParaAlgoritmo{id=182, inicio=2025-10-02T14:00:00Z, fin=2025-10-03T17:00:00Z, idAlmacenOrigen=2, idAlmacenDestino=17, capacidadMaximaProductos=560, capacidadOcupadaProductos=1, capacidadSinOcupar=559, capacidadSinOcuparCalc=559}
[2025-09-30T22:53:39.275409] EstadoGlobalMutableProblemaPlanificacion: Ruta:
[2025-09-30T22:53:39.275414] Vuelo en ruta: VueloParaAlgoritmo{id=35, inicio=2025-10-04T07:32:05Z, fin=2025-10-06T01:58:01Z, idAlmacenOrigen=2, idAlmacenDestino=17, capacidadMaximaProductos=433, capacidadOcupadaProductos=0, capacidadSinOcupar=433, capacidadSinOcuparCalc=433}
[2025-09-30T22:53:39.275417] EstadoGlobalMutableProblemaPlanificacion: Ruta:
[2025-09-30T22:53:39.275421] Vuelo en ruta: VueloParaAlgoritmo{id=178, inicio=2025-10-02T10:00:00Z, fin=2025-10-02T14:00:00Z, idAlmacenOrigen=2, idAlmacenDestino=11, capacidadMaximaProductos=600, capacidadOcupadaProductos=0, capacidadSinOcupar=600, capacidadSinOcuparCalc=600}
[2025-09-30T22:53:39.275425] Vuelo en ruta: VueloParaAlgoritmo{id=273, inicio=2025-10-02T20:00:00Z, fin=2025-10-03T06:00:00Z, idAlmacenOrigen=11, idAlmacenDestino=17, capacidadMaximaProductos=520, capacidadOcupadaProductos=0, capacidadSinOcupar=520, capacidadSinOcuparCalc=520}
[2025-09-30T22:53:39.275428] EstadoGlobalMutableProblemaPlanificacion: Ruta:
[2025-09-30T22:53:39.275433] Vuelo en ruta: VueloParaAlgoritmo{id=37, inicio=2025-10-03T07:29:51Z, fin=2025-10-03T20:01:59Z, idAlmacenOrigen=2, idAlmacenDestino=19, capacidadMaximaProductos=435, capacidadOcupadaProductos=0, capacidadSinOcupar=435, capacidadSinOcuparCalc=435}
[2025-09-30T22:53:39.275437] Vuelo en ruta: VueloParaAlgoritmo{id=96, inicio=2025-10-04T00:00:00Z, fin=2025-10-04T06:00:00Z, idAlmacenOrigen=19, idAlmacenDestino=17, capacidadMaximaProductos=474, capacidadOcupadaProductos=0, capacidadSinOcupar=474, capacidadSinOcuparCalc=474}
[2025-09-30T22:53:39.27544] EstadoGlobalMutableProblemaPlanificacion: Ruta:
[2025-09-30T22:53:39.275444] Vuelo en ruta: VueloParaAlgoritmo{id=174, inicio=2025-10-02T06:00:00Z, fin=2025-10-02T10:00:00Z, idAlmacenOrigen=2, idAlmacenDestino=5, capacidadMaximaProductos=520, capacidadOcupadaProductos=0, capacidadSinOcupar=520, capacidadSinOcuparCalc=520}
[2025-09-30T22:53:39.275449] Vuelo en ruta: VueloParaAlgoritmo{id=231, inicio=2025-10-02T13:00:00Z, fin=2025-10-02T18:00:00Z, idAlmacenOrigen=5, idAlmacenDestino=11, capacidadMaximaProductos=420, capacidadOcupadaProductos=0, capacidadSinOcupar=420, capacidadSinOcuparCalc=420}
[2025-09-30T22:53:39.275454] Vuelo en ruta: VueloParaAlgoritmo{id=273, inicio=2025-10-02T20:00:00Z, fin=2025-10-03T06:00:00Z, idAlmacenOrigen=11, idAlmacenDestino=17, capacidadMaximaProductos=520, capacidadOcupadaProductos=0, capacidadSinOcupar=520, capacidadSinOcuparCalc=520}
[2025-09-30T22:53:39.275457] EstadoGlobalMutableProblemaPlanificacion: Ruta:
[2025-09-30T22:53:39.275461] Vuelo en ruta: VueloParaAlgoritmo{id=179, inicio=2025-10-02T11:00:00Z, fin=2025-10-02T15:00:00Z, idAlmacenOrigen=2, idAlmacenDestino=12, capacidadMaximaProductos=580, capacidadOcupadaProductos=0, capacidadSinOcupar=580, capacidadSinOcuparCalc=580}
[2025-09-30T22:53:39.275465] Vuelo en ruta: VueloParaAlgoritmo{id=221, inicio=2025-10-02T15:00:00Z, fin=2025-10-02T18:00:00Z, idAlmacenOrigen=12, idAlmacenDestino=11, capacidadMaximaProductos=400, capacidadOcupadaProductos=0, capacidadSinOcupar=400, capacidadSinOcuparCalc=400}
[2025-09-30T22:53:39.275469] Vuelo en ruta: VueloParaAlgoritmo{id=273, inicio=2025-10-02T20:00:00Z, fin=2025-10-03T06:00:00Z, idAlmacenOrigen=11, idAlmacenDestino=17, capacidadMaximaProductos=520, capacidadOcupadaProductos=0, capacidadSinOcupar=520, capacidadSinOcuparCalc=520}
[2025-09-30T22:53:39.275472] EstadoGlobalMutableProblemaPlanificacion: Ruta:
[2025-09-30T22:53:39.275476] Vuelo en ruta: VueloParaAlgoritmo{id=185, inicio=2025-10-02T07:00:00Z, fin=2025-10-03T03:00:00Z, idAlmacenOrigen=3, idAlmacenDestino=17, capacidadMaximaProductos=440, capacidadOcupadaProductos=0, capacidadSinOcupar=440, capacidadSinOcuparCalc=440}
[2025-09-30T22:53:39.275479] EstadoGlobalMutableProblemaPlanificacion: Ruta:
[2025-09-30T22:53:39.275483] Vuelo en ruta: VueloParaAlgoritmo{id=55, inicio=2025-10-04T10:00:00Z, fin=2025-10-04T17:00:00Z, idAlmacenOrigen=3, idAlmacenDestino=17, capacidadMaximaProductos=453, capacidadOcupadaProductos=0, capacidadSinOcupar=453, capacidadSinOcuparCalc=453}
[2025-09-30T22:53:39.275486] EstadoGlobalMutableProblemaPlanificacion: Ruta:
[2025-09-30T22:53:39.275491] Vuelo en ruta: VueloParaAlgoritmo{id=184, inicio=2025-10-02T06:00:00Z, fin=2025-10-02T08:00:00Z, idAlmacenOrigen=3, idAlmacenDestino=16, capacidadMaximaProductos=460, capacidadOcupadaProductos=0, capacidadSinOcupar=460, capacidadSinOcuparCalc=460}
[2025-09-30T22:53:39.275494] Vuelo en ruta: VueloParaAlgoritmo{id=255, inicio=2025-10-02T14:00:00Z, fin=2025-10-02T21:00:00Z, idAlmacenOrigen=16, idAlmacenDestino=17, capacidadMaximaProductos=320, capacidadOcupadaProductos=0, capacidadSinOcupar=320, capacidadSinOcuparCalc=320}
[2025-09-30T22:53:39.275497] EstadoGlobalMutableProblemaPlanificacion: Ruta:
[2025-09-30T22:53:39.275502] Vuelo en ruta: VueloParaAlgoritmo{id=187, inicio=2025-10-02T09:00:00Z, fin=2025-10-02T11:00:00Z, idAlmacenOrigen=3, idAlmacenDestino=19, capacidadMaximaProductos=460, capacidadOcupadaProductos=0, capacidadSinOcupar=460, capacidadSinOcuparCalc=460}
[2025-09-30T22:53:39.275506] Vuelo en ruta: VueloParaAlgoritmo{id=116, inicio=2025-10-02T18:00:00Z, fin=2025-10-03T00:00:00Z, idAlmacenOrigen=19, idAlmacenDestino=17, capacidadMaximaProductos=494, capacidadOcupadaProductos=0, capacidadSinOcupar=494, capacidadSinOcuparCalc=494}
[2025-09-30T22:53:39.275509] EstadoGlobalMutableProblemaPlanificacion: Ruta:
[2025-09-30T22:53:39.275513] Vuelo en ruta: VueloParaAlgoritmo{id=187, inicio=2025-10-02T09:00:00Z, fin=2025-10-02T11:00:00Z, idAlmacenOrigen=3, idAlmacenDestino=19, capacidadMaximaProductos=460, capacidadOcupadaProductos=0, capacidadSinOcupar=460, capacidadSinOcuparCalc=460}
[2025-09-30T22:53:39.275517] Vuelo en ruta: VueloParaAlgoritmo{id=136, inicio=2025-10-03T14:00:00Z, fin=2025-10-03T20:00:00Z, idAlmacenOrigen=19, idAlmacenDestino=17, capacidadMaximaProductos=514, capacidadOcupadaProductos=0, capacidadSinOcupar=514, capacidadSinOcuparCalc=514}
[2025-09-30T22:53:39.27552] EstadoGlobalMutableProblemaPlanificacion: Ruta:
[2025-09-30T22:53:39.275528] Vuelo en ruta: VueloParaAlgoritmo{id=187, inicio=2025-10-02T09:00:00Z, fin=2025-10-02T11:00:00Z, idAlmacenOrigen=3, idAlmacenDestino=19, capacidadMaximaProductos=460, capacidadOcupadaProductos=0, capacidadSinOcupar=460, capacidadSinOcuparCalc=460}
[2025-09-30T22:53:39.275532] Vuelo en ruta: VueloParaAlgoritmo{id=96, inicio=2025-10-04T00:00:00Z, fin=2025-10-04T06:00:00Z, idAlmacenOrigen=19, idAlmacenDestino=17, capacidadMaximaProductos=474, capacidadOcupadaProductos=0, capacidadSinOcupar=474, capacidadSinOcuparCalc=474}
[2025-09-30T22:53:39.275535] EstadoGlobalMutableProblemaPlanificacion: Ruta:
[2025-09-30T22:53:39.275539] Vuelo en ruta: VueloParaAlgoritmo{id=183, inicio=2025-10-02T05:00:00Z, fin=2025-10-02T07:00:00Z, idAlmacenOrigen=3, idAlmacenDestino=15, capacidadMaximaProductos=420, capacidadOcupadaProductos=0, capacidadSinOcupar=420, capacidadSinOcuparCalc=420}
[2025-09-30T22:53:39.275543] Vuelo en ruta: VueloParaAlgoritmo{id=253, inicio=2025-10-02T12:00:00Z, fin=2025-10-02T14:00:00Z, idAlmacenOrigen=15, idAlmacenDestino=19, capacidadMaximaProductos=320, capacidadOcupadaProductos=0, capacidadSinOcupar=320, capacidadSinOcuparCalc=320}
[2025-09-30T22:53:39.275547] Vuelo en ruta: VueloParaAlgoritmo{id=116, inicio=2025-10-02T18:00:00Z, fin=2025-10-03T00:00:00Z, idAlmacenOrigen=19, idAlmacenDestino=17, capacidadMaximaProductos=494, capacidadOcupadaProductos=0, capacidadSinOcupar=494, capacidadSinOcuparCalc=494}
[2025-09-30T22:53:39.27555] EstadoGlobalMutableProblemaPlanificacion: Ruta:
[2025-09-30T22:53:39.275554] Vuelo en ruta: VueloParaAlgoritmo{id=183, inicio=2025-10-02T05:00:00Z, fin=2025-10-02T07:00:00Z, idAlmacenOrigen=3, idAlmacenDestino=15, capacidadMaximaProductos=420, capacidadOcupadaProductos=0, capacidadSinOcupar=420, capacidadSinOcuparCalc=420}
[2025-09-30T22:53:39.275558] Vuelo en ruta: VueloParaAlgoritmo{id=253, inicio=2025-10-02T12:00:00Z, fin=2025-10-02T14:00:00Z, idAlmacenOrigen=15, idAlmacenDestino=19, capacidadMaximaProductos=320, capacidadOcupadaProductos=0, capacidadSinOcupar=320, capacidadSinOcuparCalc=320}
[2025-09-30T22:53:39.275562] Vuelo en ruta: VueloParaAlgoritmo{id=136, inicio=2025-10-03T14:00:00Z, fin=2025-10-03T20:00:00Z, idAlmacenOrigen=19, idAlmacenDestino=17, capacidadMaximaProductos=514, capacidadOcupadaProductos=0, capacidadSinOcupar=514, capacidadSinOcuparCalc=514}
[2025-09-30T22:53:39.275737] construccionGRASPParaUnaRuta: Rutas que entraron a la RCL:  
[RutaProgramadaParaAlgoritmo(idsVuelosEnOrden=[182], idPedidoAsociado=-1, cantidadTotalOParcial=0, activo=true), RutaProgramadaParaAlgoritmo(idsVuelosEnOrden=[15], idPedidoAsociado=-1, cantidadTotalOParcial=0, activo=true), RutaProgramadaParaAlgoritmo(idsVuelosEnOrden=[13], idPedidoAsociado=-1, cantidadTotalOParcial=0, activo=true), RutaProgramadaParaAlgoritmo(idsVuelosEnOrden=[185], idPedidoAsociado=-1, cantidadTotalOParcial=0, activo=true), RutaProgramadaParaAlgoritmo(idsVuelosEnOrden=[168, 273], idPedidoAsociado=-1, cantidadTotalOParcial=0, activo=true), RutaProgramadaParaAlgoritmo(idsVuelosEnOrden=[178, 273], idPedidoAsociado=-1, cantidadTotalOParcial=0, activo=true), RutaProgramadaParaAlgoritmo(idsVuelosEnOrden=[187, 116], idPedidoAsociado=-1, cantidadTotalOParcial=0, activo=true), RutaProgramadaParaAlgoritmo(idsVuelosEnOrden=[17, 116], idPedidoAsociado=-1, cantidadTotalOParcial=0, activo=true), RutaProgramadaParaAlgoritmo(idsVuelosEnOrden=[187, 136], idPedidoAsociado=-1, cantidadTotalOParcial=0, activo=true), RutaProgramadaParaAlgoritmo(idsVuelosEnOrden=[55], idPedidoAsociado=-1, cantidadTotalOParcial=0, activo=true), RutaProgramadaParaAlgoritmo(idsVuelosEnOrden=[187, 96], idPedidoAsociado=-1, cantidadTotalOParcial=0, activo=true), RutaProgramadaParaAlgoritmo(idsVuelosEnOrden=[17, 136], idPedidoAsociado=-1, cantidadTotalOParcial=0, activo=true), RutaProgramadaParaAlgoritmo(idsVuelosEnOrden=[184, 255], idPedidoAsociado=-1, cantidadTotalOParcial=0, activo=true), RutaProgramadaParaAlgoritmo(idsVuelosEnOrden=[37, 96], idPedidoAsociado=-1, cantidadTotalOParcial=0, activo=true), RutaProgramadaParaAlgoritmo(idsVuelosEnOrden=[174, 231, 273], idPedidoAsociado=-1, cantidadTotalOParcial=0, activo=true), RutaProgramadaParaAlgoritmo(idsVuelosEnOrden=[164, 231, 273], idPedidoAsociado=-1, cantidadTotalOParcial=0, activo=true), RutaProgramadaParaAlgoritmo(idsVuelosEnOrden=[17, 96], idPedidoAsociado=-1, cantidadTotalOParcial=0, activo=true), RutaProgramadaParaAlgoritmo(idsVuelosEnOrden=[8, 221, 273], idPedidoAsociado=-1, cantidadTotalOParcial=0, activo=true), RutaProgramadaParaAlgoritmo(idsVuelosEnOrden=[179, 221, 273], idPedidoAsociado=-1, cantidadTotalOParcial=0, activo=true), RutaProgramadaParaAlgoritmo(idsVuelosEnOrden=[169, 221, 273], idPedidoAsociado=-1, cantidadTotalOParcial=0, activo=true)]
[2025-09-30T22:53:39.275764] construccionGRASPParaUnaRuta: Máximo de intentos de rutas: 40
[2025-09-30T22:53:39.275771] construccionGRASPParaUnaRuta: Ruta seleccionada desde RCl, sus vuelos:
 187
116

[2025-09-30T22:53:39.275796] construccionGRASPParaUnaRuta: Pedidos que entraron a la RCL: 
PedidoParaAlgoritmo{id=1, idAlmacenDestino=17, pedidas=800, entregadas=0, programadas=414, restante=386}

[2025-09-30T22:53:39.2758] construccionGRASPParaUnaRuta: Máximo de intentos de pedidos: 2
[2025-09-30T22:53:39.275806] construccionGRASPParaUnaRuta: Pedido pretendiente para la ruta:  
PedidoParaAlgoritmo{id=1, idAlmacenDestino=17, pedidas=800, entregadas=0, programadas=414, restante=386}
[2025-09-30T22:53:39.275825] capacidadMaxAsignableEnRuta: Este es el primer almacén y es infinito, no lo simularé: AlmacenParaAlgoritmo{id=3, capacidadMaxima=1000000, capacidadOcupada=0, capacidadSinOcupar=1000000, nombrePais=Europa, nombreCiudad=Euro Hub, esInfinito=true}
[2025-09-30T22:53:39.27585] 
capacidadMaxAsignableEnRuta: Simulación del almDestino en el instante 2025-10-02 11:00:00: AlmacenParaAlgoritmo{id=19, capacidadMaxima=480, capacidadOcupada=0, capacidadSinOcupar=480, nombrePais=Países Bajos, nombreCiudad=Ámsterdam, esInfinito=false}
[2025-09-30T22:53:39.275866] capacidadMaxAsignableEnRuta: Este es un vuelo intermedio o inicial en ruta:VueloParaAlgoritmo{id=187, inicio=2025-10-02T09:00:00Z, fin=2025-10-02T11:00:00Z, idAlmacenOrigen=3, idAlmacenDestino=19, capacidadMaximaProductos=460, capacidadOcupadaProductos=0, capacidadSinOcupar=460, capacidadSinOcuparCalc=460}
[2025-09-30T22:53:39.276054] capacidadMaxAsignableEnRuta: Simulación del almOrigen en el instante 2025-10-02 18:00:00: AlmacenParaAlgoritmo{id=19, capacidadMaxima=480, capacidadOcupada=0, capacidadSinOcupar=480, nombrePais=Países Bajos, nombreCiudad=Ámsterdam, esInfinito=false}
[2025-09-30T22:53:39.276077] 
capacidadMaxAsignableEnRuta: Simulación del almDestino en el instante 2025-10-03 00:00:00: AlmacenParaAlgoritmo{id=17, capacidadMaxima=440, capacidadOcupada=0, capacidadSinOcupar=440, nombrePais=Bélgica, nombreCiudad=Bruselas, esInfinito=false}
[2025-09-30T22:53:39.276083] capacidadMaxAsignableEnRuta: Encontré al último vuelo de ruta: VueloParaAlgoritmo{id=116, inicio=2025-10-02T18:00:00Z, fin=2025-10-03T00:00:00Z, idAlmacenOrigen=19, idAlmacenDestino=17, capacidadMaximaProductos=494, capacidadOcupadaProductos=0, capacidadSinOcupar=494, capacidadSinOcuparCalc=494}
[2025-09-30T22:53:39.276087] minimaCapacidadVuelos 460
[2025-09-30T22:53:39.276101] minDispAlmacenes 440
[2025-09-30T22:53:39.276129] Simulación del almacén destino hasta siguiente inicio: AlmacenParaAlgoritmo{id=19, capacidadMaxima=480, capacidadOcupada=386, capacidadSinOcupar=94, nombrePais=Países Bajos, nombreCiudad=Ámsterdam, esInfinito=false}=0
[2025-09-30T22:53:39.276167] Simulación del almacén destino hasta siguiente inicio: AlmacenParaAlgoritmo{id=17, capacidadMaxima=440, capacidadOcupada=413, capacidadSinOcupar=27, nombrePais=Bélgica, nombreCiudad=Bruselas, esInfinito=false}=386
[2025-09-30T22:53:39.276181] El almacén colapsaría con una diferencia de: 386
[2025-09-30T22:53:39.276185] maxDiferenciaColapso 386
[2025-09-30T22:53:39.276188] Asignable final: 0
[2025-09-30T22:53:39.276785] construccionGRASPParaUnaRuta: Pedido id=1 no factible, cantidad factible: 0
[2025-09-30T22:53:39.27685] construccionGRASPParaUnaRuta: rclPedidos: esta fue la iteración en rcl de pedidos N°0 en iter. ruta: 0
[2025-09-30T22:53:39.276864] construccionGRASPParaUnaRuta: Pedido pretendiente para la ruta:  
PedidoParaAlgoritmo{id=1, idAlmacenDestino=17, pedidas=800, entregadas=0, programadas=414, restante=386}
[2025-09-30T22:53:39.276916] capacidadMaxAsignableEnRuta: Este es el primer almacén y es infinito, no lo simularé: AlmacenParaAlgoritmo{id=3, capacidadMaxima=1000000, capacidadOcupada=0, capacidadSinOcupar=1000000, nombrePais=Europa, nombreCiudad=Euro Hub, esInfinito=true}
[2025-09-30T22:53:39.276939] 
capacidadMaxAsignableEnRuta: Simulación del almDestino en el instante 2025-10-02 11:00:00: AlmacenParaAlgoritmo{id=19, capacidadMaxima=480, capacidadOcupada=386, capacidadSinOcupar=94, nombrePais=Países Bajos, nombreCiudad=Ámsterdam, esInfinito=false}
[2025-09-30T22:53:39.276947] capacidadMaxAsignableEnRuta: Este es un vuelo intermedio o inicial en ruta:VueloParaAlgoritmo{id=187, inicio=2025-10-02T09:00:00Z, fin=2025-10-02T11:00:00Z, idAlmacenOrigen=3, idAlmacenDestino=19, capacidadMaximaProductos=460, capacidadOcupadaProductos=0, capacidadSinOcupar=460, capacidadSinOcuparCalc=460}
[2025-09-30T22:53:39.276962] capacidadMaxAsignableEnRuta: Simulación del almOrigen en el instante 2025-10-02 18:00:00: AlmacenParaAlgoritmo{id=19, capacidadMaxima=480, capacidadOcupada=386, capacidadSinOcupar=94, nombrePais=Países Bajos, nombreCiudad=Ámsterdam, esInfinito=false}
[2025-09-30T22:53:39.276976] 
capacidadMaxAsignableEnRuta: Simulación del almDestino en el instante 2025-10-03 00:00:00: AlmacenParaAlgoritmo{id=17, capacidadMaxima=440, capacidadOcupada=0, capacidadSinOcupar=440, nombrePais=Bélgica, nombreCiudad=Bruselas, esInfinito=false}
[2025-09-30T22:53:39.27698] capacidadMaxAsignableEnRuta: Encontré al último vuelo de ruta: VueloParaAlgoritmo{id=116, inicio=2025-10-02T18:00:00Z, fin=2025-10-03T00:00:00Z, idAlmacenOrigen=19, idAlmacenDestino=17, capacidadMaximaProductos=494, capacidadOcupadaProductos=0, capacidadSinOcupar=494, capacidadSinOcuparCalc=494}
[2025-09-30T22:53:39.276983] minimaCapacidadVuelos 460
[2025-09-30T22:53:39.276992] minDispAlmacenes 94
[2025-09-30T22:53:39.277009] Simulación del almacén destino hasta siguiente inicio: AlmacenParaAlgoritmo{id=19, capacidadMaxima=480, capacidadOcupada=480, capacidadSinOcupar=0, nombrePais=Países Bajos, nombreCiudad=Ámsterdam, esInfinito=false}=0
[2025-09-30T22:53:39.277021] Simulación del almacén destino hasta siguiente inicio: AlmacenParaAlgoritmo{id=17, capacidadMaxima=440, capacidadOcupada=413, capacidadSinOcupar=27, nombrePais=Bélgica, nombreCiudad=Bruselas, esInfinito=false}=386
[2025-09-30T22:53:39.277024] El almacén colapsaría con una diferencia de: 386
[2025-09-30T22:53:39.277036] maxDiferenciaColapso 386
[2025-09-30T22:53:39.277038] Asignable final: -292
[2025-09-30T22:53:39.277042] construccionGRASPParaUnaRuta: Pedido id=1 no factible, cantidad factible: 0
[2025-09-30T22:53:39.277044] construccionGRASPParaUnaRuta: rclPedidos: esta fue la iteración en rcl de pedidos N°1 en iter. ruta: 0
[2025-09-30T22:53:39.27705] construccionGRASPParaUnaRuta: La lista de vuelos no produjo asignaciones útiles para el pedido de RCL 
-> probando siguiente ruta (lista de vuelos) de la RCL.
[2025-09-30T22:53:39.277069] construccionGRASPParaUnaRuta: esta fue la iteración en rcl de rutas N°0
[2025-09-30T22:53:39.277076] construccionGRASPParaUnaRuta: Ruta seleccionada desde RCl, sus vuelos:
 17
96

[2025-09-30T22:53:39.277104] construccionGRASPParaUnaRuta: Pedidos que entraron a la RCL: 
PedidoParaAlgoritmo{id=1, idAlmacenDestino=17, pedidas=800, entregadas=0, programadas=414, restante=386}

[2025-09-30T22:53:39.277107] construccionGRASPParaUnaRuta: Máximo de intentos de pedidos: 2
[2025-09-30T22:53:39.277111] construccionGRASPParaUnaRuta: Pedido pretendiente para la ruta:  
PedidoParaAlgoritmo{id=1, idAlmacenDestino=17, pedidas=800, entregadas=0, programadas=414, restante=386}
[2025-09-30T22:53:39.277126] capacidadMaxAsignableEnRuta: Este es el primer almacén y es infinito, no lo simularé: AlmacenParaAlgoritmo{id=1, capacidadMaxima=1000000, capacidadOcupada=0, capacidadSinOcupar=1000000, nombrePais=Global, nombreCiudad=Global Hub City, esInfinito=true}
[2025-09-30T22:53:39.277135] construccionGRASPParaUnaRuta: Pedido id=1 no factible, cantidad factible: 0
[2025-09-30T22:53:39.277138] construccionGRASPParaUnaRuta: rclPedidos: esta fue la iteración en rcl de pedidos N°0 en iter. ruta: 1
[2025-09-30T22:53:39.277143] construccionGRASPParaUnaRuta: Pedido pretendiente para la ruta:  
PedidoParaAlgoritmo{id=1, idAlmacenDestino=17, pedidas=800, entregadas=0, programadas=414, restante=386}
[2025-09-30T22:53:39.277153] capacidadMaxAsignableEnRuta: Este es el primer almacén y es infinito, no lo simularé: AlmacenParaAlgoritmo{id=1, capacidadMaxima=1000000, capacidadOcupada=0, capacidadSinOcupar=1000000, nombrePais=Global, nombreCiudad=Global Hub City, esInfinito=true}
[2025-09-30T22:53:39.277161] construccionGRASPParaUnaRuta: Pedido id=1 no factible, cantidad factible: 0
[2025-09-30T22:53:39.277163] construccionGRASPParaUnaRuta: rclPedidos: esta fue la iteración en rcl de pedidos N°1 en iter. ruta: 1
[2025-09-30T22:53:39.277165] construccionGRASPParaUnaRuta: La lista de vuelos no produjo asignaciones útiles para el pedido de RCL 
-> probando siguiente ruta (lista de vuelos) de la RCL.
[2025-09-30T22:53:39.277168] construccionGRASPParaUnaRuta: esta fue la iteración en rcl de rutas N°1
[2025-09-30T22:53:39.277172] construccionGRASPParaUnaRuta: Ruta seleccionada desde RCl, sus vuelos:
 178
273

[2025-09-30T22:53:39.277193] construccionGRASPParaUnaRuta: Pedidos que entraron a la RCL: 
PedidoParaAlgoritmo{id=1, idAlmacenDestino=17, pedidas=800, entregadas=0, programadas=414, restante=386}

[2025-09-30T22:53:39.277195] construccionGRASPParaUnaRuta: Máximo de intentos de pedidos: 2
[2025-09-30T22:53:39.277199] construccionGRASPParaUnaRuta: Pedido pretendiente para la ruta:  
PedidoParaAlgoritmo{id=1, idAlmacenDestino=17, pedidas=800, entregadas=0, programadas=414, restante=386}
[2025-09-30T22:53:39.277219] capacidadMaxAsignableEnRuta: Este es el primer almacén y es infinito, no lo simularé: AlmacenParaAlgoritmo{id=2, capacidadMaxima=1000000, capacidadOcupada=0, capacidadSinOcupar=1000000, nombrePais=Universal, nombreCiudad=Mega Global Hub, esInfinito=true}
[2025-09-30T22:53:39.277233] 
capacidadMaxAsignableEnRuta: Simulación del almDestino en el instante 2025-10-02 14:00:00: AlmacenParaAlgoritmo{id=11, capacidadMaxima=460, capacidadOcupada=0, capacidadSinOcupar=460, nombrePais=Chile, nombreCiudad=Santiago, esInfinito=false}
[2025-09-30T22:53:39.277237] capacidadMaxAsignableEnRuta: Este es un vuelo intermedio o inicial en ruta:VueloParaAlgoritmo{id=178, inicio=2025-10-02T10:00:00Z, fin=2025-10-02T14:00:00Z, idAlmacenOrigen=2, idAlmacenDestino=11, capacidadMaximaProductos=600, capacidadOcupadaProductos=0, capacidadSinOcupar=600, capacidadSinOcuparCalc=600}
[2025-09-30T22:53:39.277249] capacidadMaxAsignableEnRuta: Simulación del almOrigen en el instante 2025-10-02 20:00:00: AlmacenParaAlgoritmo{id=11, capacidadMaxima=460, capacidadOcupada=0, capacidadSinOcupar=460, nombrePais=Chile, nombreCiudad=Santiago, esInfinito=false}
[2025-09-30T22:53:39.27726] 
capacidadMaxAsignableEnRuta: Simulación del almDestino en el instante 2025-10-03 06:00:00: AlmacenParaAlgoritmo{id=17, capacidadMaxima=440, capacidadOcupada=0, capacidadSinOcupar=440, nombrePais=Bélgica, nombreCiudad=Bruselas, esInfinito=false}
[2025-09-30T22:53:39.277264] capacidadMaxAsignableEnRuta: Encontré al último vuelo de ruta: VueloParaAlgoritmo{id=273, inicio=2025-10-02T20:00:00Z, fin=2025-10-03T06:00:00Z, idAlmacenOrigen=11, idAlmacenDestino=17, capacidadMaximaProductos=520, capacidadOcupadaProductos=0, capacidadSinOcupar=520, capacidadSinOcuparCalc=520}
[2025-09-30T22:53:39.277267] minimaCapacidadVuelos 520
[2025-09-30T22:53:39.277275] minDispAlmacenes 440
[2025-09-30T22:53:39.277289] Simulación del almacén destino hasta siguiente inicio: AlmacenParaAlgoritmo{id=11, capacidadMaxima=460, capacidadOcupada=386, capacidadSinOcupar=74, nombrePais=Chile, nombreCiudad=Santiago, esInfinito=false}=0
[2025-09-30T22:53:39.277301] Simulación del almacén destino hasta siguiente inicio: AlmacenParaAlgoritmo{id=17, capacidadMaxima=440, capacidadOcupada=413, capacidadSinOcupar=27, nombrePais=Bélgica, nombreCiudad=Bruselas, esInfinito=false}=386
[2025-09-30T22:53:39.277303] El almacén colapsaría con una diferencia de: 386
[2025-09-30T22:53:39.277305] maxDiferenciaColapso 386
[2025-09-30T22:53:39.277307] Asignable final: 0
[2025-09-30T22:53:39.27731] construccionGRASPParaUnaRuta: Pedido id=1 no factible, cantidad factible: 0
[2025-09-30T22:53:39.277313] construccionGRASPParaUnaRuta: rclPedidos: esta fue la iteración en rcl de pedidos N°0 en iter. ruta: 2
[2025-09-30T22:53:39.277318] construccionGRASPParaUnaRuta: Pedido pretendiente para la ruta:  
PedidoParaAlgoritmo{id=1, idAlmacenDestino=17, pedidas=800, entregadas=0, programadas=414, restante=386}
[2025-09-30T22:53:39.27733] capacidadMaxAsignableEnRuta: Este es el primer almacén y es infinito, no lo simularé: AlmacenParaAlgoritmo{id=2, capacidadMaxima=1000000, capacidadOcupada=0, capacidadSinOcupar=1000000, nombrePais=Universal, nombreCiudad=Mega Global Hub, esInfinito=true}
[2025-09-30T22:53:39.277342] 
capacidadMaxAsignableEnRuta: Simulación del almDestino en el instante 2025-10-02 14:00:00: AlmacenParaAlgoritmo{id=11, capacidadMaxima=460, capacidadOcupada=386, capacidadSinOcupar=74, nombrePais=Chile, nombreCiudad=Santiago, esInfinito=false}
[2025-09-30T22:53:39.277346] capacidadMaxAsignableEnRuta: Este es un vuelo intermedio o inicial en ruta:VueloParaAlgoritmo{id=178, inicio=2025-10-02T10:00:00Z, fin=2025-10-02T14:00:00Z, idAlmacenOrigen=2, idAlmacenDestino=11, capacidadMaximaProductos=600, capacidadOcupadaProductos=0, capacidadSinOcupar=600, capacidadSinOcuparCalc=600}
[2025-09-30T22:53:39.277357] capacidadMaxAsignableEnRuta: Simulación del almOrigen en el instante 2025-10-02 20:00:00: AlmacenParaAlgoritmo{id=11, capacidadMaxima=460, capacidadOcupada=386, capacidadSinOcupar=74, nombrePais=Chile, nombreCiudad=Santiago, esInfinito=false}
[2025-09-30T22:53:39.277369] 
capacidadMaxAsignableEnRuta: Simulación del almDestino en el instante 2025-10-03 06:00:00: AlmacenParaAlgoritmo{id=17, capacidadMaxima=440, capacidadOcupada=0, capacidadSinOcupar=440, nombrePais=Bélgica, nombreCiudad=Bruselas, esInfinito=false}
[2025-09-30T22:53:39.277373] capacidadMaxAsignableEnRuta: Encontré al último vuelo de ruta: VueloParaAlgoritmo{id=273, inicio=2025-10-02T20:00:00Z, fin=2025-10-03T06:00:00Z, idAlmacenOrigen=11, idAlmacenDestino=17, capacidadMaximaProductos=520, capacidadOcupadaProductos=0, capacidadSinOcupar=520, capacidadSinOcuparCalc=520}
[2025-09-30T22:53:39.277375] minimaCapacidadVuelos 520
[2025-09-30T22:53:39.277382] minDispAlmacenes 74
[2025-09-30T22:53:39.277395] Simulación del almacén destino hasta siguiente inicio: AlmacenParaAlgoritmo{id=11, capacidadMaxima=460, capacidadOcupada=460, capacidadSinOcupar=0, nombrePais=Chile, nombreCiudad=Santiago, esInfinito=false}=0
[2025-09-30T22:53:39.277404] Simulación del almacén destino hasta siguiente inicio: AlmacenParaAlgoritmo{id=17, capacidadMaxima=440, capacidadOcupada=413, capacidadSinOcupar=27, nombrePais=Bélgica, nombreCiudad=Bruselas, esInfinito=false}=386
[2025-09-30T22:53:39.277407] El almacén colapsaría con una diferencia de: 386
[2025-09-30T22:53:39.277409] maxDiferenciaColapso 386
[2025-09-30T22:53:39.277411] Asignable final: -312
[2025-09-30T22:53:39.277414] construccionGRASPParaUnaRuta: Pedido id=1 no factible, cantidad factible: 0
[2025-09-30T22:53:39.277416] construccionGRASPParaUnaRuta: rclPedidos: esta fue la iteración en rcl de pedidos N°1 en iter. ruta: 2
[2025-09-30T22:53:39.277418] construccionGRASPParaUnaRuta: La lista de vuelos no produjo asignaciones útiles para el pedido de RCL 
-> probando siguiente ruta (lista de vuelos) de la RCL.
[2025-09-30T22:53:39.277421] construccionGRASPParaUnaRuta: esta fue la iteración en rcl de rutas N°2
[2025-09-30T22:53:39.277426] construccionGRASPParaUnaRuta: Ruta seleccionada desde RCl, sus vuelos:
 17
96

[2025-09-30T22:53:39.277448] construccionGRASPParaUnaRuta: Pedidos que entraron a la RCL: 
PedidoParaAlgoritmo{id=1, idAlmacenDestino=17, pedidas=800, entregadas=0, programadas=414, restante=386}

[2025-09-30T22:53:39.277451] construccionGRASPParaUnaRuta: Máximo de intentos de pedidos: 2
[2025-09-30T22:53:39.277455] construccionGRASPParaUnaRuta: Pedido pretendiente para la ruta:  
PedidoParaAlgoritmo{id=1, idAlmacenDestino=17, pedidas=800, entregadas=0, programadas=414, restante=386}
[2025-09-30T22:53:39.277468] capacidadMaxAsignableEnRuta: Este es el primer almacén y es infinito, no lo simularé: AlmacenParaAlgoritmo{id=1, capacidadMaxima=1000000, capacidadOcupada=0, capacidadSinOcupar=1000000, nombrePais=Global, nombreCiudad=Global Hub City, esInfinito=true}
[2025-09-30T22:53:39.277478] construccionGRASPParaUnaRuta: Pedido id=1 no factible, cantidad factible: 0
[2025-09-30T22:53:39.277481] construccionGRASPParaUnaRuta: rclPedidos: esta fue la iteración en rcl de pedidos N°0 en iter. ruta: 3
[2025-09-30T22:53:39.277485] construccionGRASPParaUnaRuta: Pedido pretendiente para la ruta:  
PedidoParaAlgoritmo{id=1, idAlmacenDestino=17, pedidas=800, entregadas=0, programadas=414, restante=386}
[2025-09-30T22:53:39.277494] capacidadMaxAsignableEnRuta: Este es el primer almacén y es infinito, no lo simularé: AlmacenParaAlgoritmo{id=1, capacidadMaxima=1000000, capacidadOcupada=0, capacidadSinOcupar=1000000, nombrePais=Global, nombreCiudad=Global Hub City, esInfinito=true}
[2025-09-30T22:53:39.277501] construccionGRASPParaUnaRuta: Pedido id=1 no factible, cantidad factible: 0
[2025-09-30T22:53:39.277504] construccionGRASPParaUnaRuta: rclPedidos: esta fue la iteración en rcl de pedidos N°1 en iter. ruta: 3
[2025-09-30T22:53:39.277506] construccionGRASPParaUnaRuta: La lista de vuelos no produjo asignaciones útiles para el pedido de RCL 
-> probando siguiente ruta (lista de vuelos) de la RCL.
[2025-09-30T22:53:39.277508] construccionGRASPParaUnaRuta: esta fue la iteración en rcl de rutas N°3
[2025-09-30T22:53:39.277512] construccionGRASPParaUnaRuta: Ruta seleccionada desde RCl, sus vuelos:
 13

[2025-09-30T22:53:39.27753] construccionGRASPParaUnaRuta: Pedidos que entraron a la RCL: 
PedidoParaAlgoritmo{id=1, idAlmacenDestino=17, pedidas=800, entregadas=0, programadas=414, restante=386}

[2025-09-30T22:53:39.277533] construccionGRASPParaUnaRuta: Máximo de intentos de pedidos: 2
[2025-09-30T22:53:39.277537] construccionGRASPParaUnaRuta: Pedido pretendiente para la ruta:  
PedidoParaAlgoritmo{id=1, idAlmacenDestino=17, pedidas=800, entregadas=0, programadas=414, restante=386}
[2025-09-30T22:53:39.277545] capacidadMaxAsignableEnRuta: Este es el primer almacén y es infinito, no lo simularé: AlmacenParaAlgoritmo{id=1, capacidadMaxima=1000000, capacidadOcupada=0, capacidadSinOcupar=1000000, nombrePais=Global, nombreCiudad=Global Hub City, esInfinito=true}
[2025-09-30T22:53:39.277559] 
capacidadMaxAsignableEnRuta: Simulación del almDestino en el instante 2025-10-02 06:00:00: AlmacenParaAlgoritmo{id=17, capacidadMaxima=440, capacidadOcupada=413, capacidadSinOcupar=27, nombrePais=Bélgica, nombreCiudad=Bruselas, esInfinito=false}
[2025-09-30T22:53:39.277563] capacidadMaxAsignableEnRuta: Encontré al último vuelo de ruta: VueloParaAlgoritmo{id=13, inicio=2025-10-02T05:00:00Z, fin=2025-10-02T06:00:00Z, idAlmacenOrigen=1, idAlmacenDestino=17, capacidadMaximaProductos=413, capacidadOcupadaProductos=0, capacidadSinOcupar=413, capacidadSinOcuparCalc=413}
[2025-09-30T22:53:39.277565] minimaCapacidadVuelos 413
[2025-09-30T22:53:39.277572] minDispAlmacenes 27
[2025-09-30T22:53:39.277587] Simulación del almacén destino hasta siguiente inicio: AlmacenParaAlgoritmo{id=17, capacidadMaxima=440, capacidadOcupada=440, capacidadSinOcupar=0, nombrePais=Bélgica, nombreCiudad=Bruselas, esInfinito=false}=413
[2025-09-30T22:53:39.277589] El almacén colapsaría con una diferencia de: 413
[2025-09-30T22:53:39.277592] maxDiferenciaColapso 413
[2025-09-30T22:53:39.277594] Asignable final: -386
[2025-09-30T22:53:39.277596] construccionGRASPParaUnaRuta: Pedido id=1 no factible, cantidad factible: 0
[2025-09-30T22:53:39.277599] construccionGRASPParaUnaRuta: rclPedidos: esta fue la iteración en rcl de pedidos N°0 en iter. ruta: 4
[2025-09-30T22:53:39.277603] construccionGRASPParaUnaRuta: Pedido pretendiente para la ruta:  
PedidoParaAlgoritmo{id=1, idAlmacenDestino=17, pedidas=800, entregadas=0, programadas=414, restante=386}
[2025-09-30T22:53:39.277614] capacidadMaxAsignableEnRuta: Este es el primer almacén y es infinito, no lo simularé: AlmacenParaAlgoritmo{id=1, capacidadMaxima=1000000, capacidadOcupada=0, capacidadSinOcupar=1000000, nombrePais=Global, nombreCiudad=Global Hub City, esInfinito=true}
[2025-09-30T22:53:39.277623] construccionGRASPParaUnaRuta: Pedido id=1 no factible, cantidad factible: 0
[2025-09-30T22:53:39.277625] construccionGRASPParaUnaRuta: rclPedidos: esta fue la iteración en rcl de pedidos N°1 en iter. ruta: 4
[2025-09-30T22:53:39.277627] construccionGRASPParaUnaRuta: La lista de vuelos no produjo asignaciones útiles para el pedido de RCL 
-> probando siguiente ruta (lista de vuelos) de la RCL.
[2025-09-30T22:53:39.277629] construccionGRASPParaUnaRuta: esta fue la iteración en rcl de rutas N°4
[2025-09-30T22:53:39.277633] construccionGRASPParaUnaRuta: Ruta seleccionada desde RCl, sus vuelos:
 17
136

[2025-09-30T22:53:39.277653] construccionGRASPParaUnaRuta: Pedidos que entraron a la RCL: 
PedidoParaAlgoritmo{id=1, idAlmacenDestino=17, pedidas=800, entregadas=0, programadas=414, restante=386}

[2025-09-30T22:53:39.277665] construccionGRASPParaUnaRuta: Máximo de intentos de pedidos: 2
[2025-09-30T22:53:39.277669] construccionGRASPParaUnaRuta: Pedido pretendiente para la ruta:  
PedidoParaAlgoritmo{id=1, idAlmacenDestino=17, pedidas=800, entregadas=0, programadas=414, restante=386}
[2025-09-30T22:53:39.277681] capacidadMaxAsignableEnRuta: Este es el primer almacén y es infinito, no lo simularé: AlmacenParaAlgoritmo{id=1, capacidadMaxima=1000000, capacidadOcupada=0, capacidadSinOcupar=1000000, nombrePais=Global, nombreCiudad=Global Hub City, esInfinito=true}
[2025-09-30T22:53:39.277689] construccionGRASPParaUnaRuta: Pedido id=1 no factible, cantidad factible: 0
[2025-09-30T22:53:39.277691] construccionGRASPParaUnaRuta: rclPedidos: esta fue la iteración en rcl de pedidos N°0 en iter. ruta: 5
[2025-09-30T22:53:39.277695] construccionGRASPParaUnaRuta: Pedido pretendiente para la ruta:  
PedidoParaAlgoritmo{id=1, idAlmacenDestino=17, pedidas=800, entregadas=0, programadas=414, restante=386}
[2025-09-30T22:53:39.277703] capacidadMaxAsignableEnRuta: Este es el primer almacén y es infinito, no lo simularé: AlmacenParaAlgoritmo{id=1, capacidadMaxima=1000000, capacidadOcupada=0, capacidadSinOcupar=1000000, nombrePais=Global, nombreCiudad=Global Hub City, esInfinito=true}
[2025-09-30T22:53:39.27771] construccionGRASPParaUnaRuta: Pedido id=1 no factible, cantidad factible: 0
[2025-09-30T22:53:39.277713] construccionGRASPParaUnaRuta: rclPedidos: esta fue la iteración en rcl de pedidos N°1 en iter. ruta: 5
[2025-09-30T22:53:39.277714] construccionGRASPParaUnaRuta: La lista de vuelos no produjo asignaciones útiles para el pedido de RCL 
-> probando siguiente ruta (lista de vuelos) de la RCL.
[2025-09-30T22:53:39.277716] construccionGRASPParaUnaRuta: esta fue la iteración en rcl de rutas N°5
[2025-09-30T22:53:39.27772] construccionGRASPParaUnaRuta: Ruta seleccionada desde RCl, sus vuelos:
 187
136

[2025-09-30T22:53:39.277738] construccionGRASPParaUnaRuta: Pedidos que entraron a la RCL: 
PedidoParaAlgoritmo{id=1, idAlmacenDestino=17, pedidas=800, entregadas=0, programadas=414, restante=386}

[2025-09-30T22:53:39.27774] construccionGRASPParaUnaRuta: Máximo de intentos de pedidos: 2
[2025-09-30T22:53:39.277744] construccionGRASPParaUnaRuta: Pedido pretendiente para la ruta:  
PedidoParaAlgoritmo{id=1, idAlmacenDestino=17, pedidas=800, entregadas=0, programadas=414, restante=386}
[2025-09-30T22:53:39.277756] capacidadMaxAsignableEnRuta: Este es el primer almacén y es infinito, no lo simularé: AlmacenParaAlgoritmo{id=3, capacidadMaxima=1000000, capacidadOcupada=0, capacidadSinOcupar=1000000, nombrePais=Europa, nombreCiudad=Euro Hub, esInfinito=true}
[2025-09-30T22:53:39.277765] construccionGRASPParaUnaRuta: Pedido id=1 no factible, cantidad factible: 0
[2025-09-30T22:53:39.277767] construccionGRASPParaUnaRuta: rclPedidos: esta fue la iteración en rcl de pedidos N°0 en iter. ruta: 6
[2025-09-30T22:53:39.277771] construccionGRASPParaUnaRuta: Pedido pretendiente para la ruta:  
PedidoParaAlgoritmo{id=1, idAlmacenDestino=17, pedidas=800, entregadas=0, programadas=414, restante=386}
[2025-09-30T22:53:39.277779] capacidadMaxAsignableEnRuta: Este es el primer almacén y es infinito, no lo simularé: AlmacenParaAlgoritmo{id=3, capacidadMaxima=1000000, capacidadOcupada=0, capacidadSinOcupar=1000000, nombrePais=Europa, nombreCiudad=Euro Hub, esInfinito=true}
[2025-09-30T22:53:39.277788] construccionGRASPParaUnaRuta: Pedido id=1 no factible, cantidad factible: 0
[2025-09-30T22:53:39.277794] construccionGRASPParaUnaRuta: rclPedidos: esta fue la iteración en rcl de pedidos N°1 en iter. ruta: 6
[2025-09-30T22:53:39.277796] construccionGRASPParaUnaRuta: La lista de vuelos no produjo asignaciones útiles para el pedido de RCL 
-> probando siguiente ruta (lista de vuelos) de la RCL.
[2025-09-30T22:53:39.277798] construccionGRASPParaUnaRuta: esta fue la iteración en rcl de rutas N°6
[2025-09-30T22:53:39.277801] construccionGRASPParaUnaRuta: Ruta seleccionada desde RCl, sus vuelos:
 187
136

[2025-09-30T22:53:39.277816] construccionGRASPParaUnaRuta: Pedidos que entraron a la RCL: 
PedidoParaAlgoritmo{id=1, idAlmacenDestino=17, pedidas=800, entregadas=0, programadas=414, restante=386}

[2025-09-30T22:53:39.277818] construccionGRASPParaUnaRuta: Máximo de intentos de pedidos: 2
[2025-09-30T22:53:39.277821] construccionGRASPParaUnaRuta: Pedido pretendiente para la ruta:  
PedidoParaAlgoritmo{id=1, idAlmacenDestino=17, pedidas=800, entregadas=0, programadas=414, restante=386}
[2025-09-30T22:53:39.27783] capacidadMaxAsignableEnRuta: Este es el primer almacén y es infinito, no lo simularé: AlmacenParaAlgoritmo{id=3, capacidadMaxima=1000000, capacidadOcupada=0, capacidadSinOcupar=1000000, nombrePais=Europa, nombreCiudad=Euro Hub, esInfinito=true}
[2025-09-30T22:53:39.277837] construccionGRASPParaUnaRuta: Pedido id=1 no factible, cantidad factible: 0
[2025-09-30T22:53:39.277844] construccionGRASPParaUnaRuta: rclPedidos: esta fue la iteración en rcl de pedidos N°0 en iter. ruta: 7
[2025-09-30T22:53:39.277847] construccionGRASPParaUnaRuta: Pedido pretendiente para la ruta:  
PedidoParaAlgoritmo{id=1, idAlmacenDestino=17, pedidas=800, entregadas=0, programadas=414, restante=386}
[2025-09-30T22:53:39.277855] capacidadMaxAsignableEnRuta: Este es el primer almacén y es infinito, no lo simularé: AlmacenParaAlgoritmo{id=3, capacidadMaxima=1000000, capacidadOcupada=0, capacidadSinOcupar=1000000, nombrePais=Europa, nombreCiudad=Euro Hub, esInfinito=true}
[2025-09-30T22:53:39.277862] construccionGRASPParaUnaRuta: Pedido id=1 no factible, cantidad factible: 0
[2025-09-30T22:53:39.277864] construccionGRASPParaUnaRuta: rclPedidos: esta fue la iteración en rcl de pedidos N°1 en iter. ruta: 7
[2025-09-30T22:53:39.277866] construccionGRASPParaUnaRuta: La lista de vuelos no produjo asignaciones útiles para el pedido de RCL 
-> probando siguiente ruta (lista de vuelos) de la RCL.
[2025-09-30T22:53:39.277868] construccionGRASPParaUnaRuta: esta fue la iteración en rcl de rutas N°7
[2025-09-30T22:53:39.277872] construccionGRASPParaUnaRuta: Ruta seleccionada desde RCl, sus vuelos:
 169
221
273

[2025-09-30T22:53:39.277887] construccionGRASPParaUnaRuta: Pedidos que entraron a la RCL: 
PedidoParaAlgoritmo{id=1, idAlmacenDestino=17, pedidas=800, entregadas=0, programadas=414, restante=386}

[2025-09-30T22:53:39.27789] construccionGRASPParaUnaRuta: Máximo de intentos de pedidos: 2
[2025-09-30T22:53:39.277893] construccionGRASPParaUnaRuta: Pedido pretendiente para la ruta:  
PedidoParaAlgoritmo{id=1, idAlmacenDestino=17, pedidas=800, entregadas=0, programadas=414, restante=386}
[2025-09-30T22:53:39.277902] capacidadMaxAsignableEnRuta: Este es el primer almacén y es infinito, no lo simularé: AlmacenParaAlgoritmo{id=1, capacidadMaxima=1000000, capacidadOcupada=0, capacidadSinOcupar=1000000, nombrePais=Global, nombreCiudad=Global Hub City, esInfinito=true}
[2025-09-30T22:53:39.277915] 
capacidadMaxAsignableEnRuta: Simulación del almDestino en el instante 2025-10-02 14:00:00: AlmacenParaAlgoritmo{id=12, capacidadMaxima=460, capacidadOcupada=0, capacidadSinOcupar=460, nombrePais=Argentina, nombreCiudad=Buenos Aires, esInfinito=false}
[2025-09-30T22:53:39.277919] capacidadMaxAsignableEnRuta: Este es un vuelo intermedio o inicial en ruta:VueloParaAlgoritmo{id=169, inicio=2025-10-02T11:00:00Z, fin=2025-10-02T14:00:00Z, idAlmacenOrigen=1, idAlmacenDestino=12, capacidadMaximaProductos=580, capacidadOcupadaProductos=0, capacidadSinOcupar=580, capacidadSinOcuparCalc=580}
[2025-09-30T22:53:39.277931] capacidadMaxAsignableEnRuta: Simulación del almOrigen en el instante 2025-10-02 15:00:00: AlmacenParaAlgoritmo{id=12, capacidadMaxima=460, capacidadOcupada=0, capacidadSinOcupar=460, nombrePais=Argentina, nombreCiudad=Buenos Aires, esInfinito=false}
[2025-09-30T22:53:39.277939] construccionGRASPParaUnaRuta: Pedido id=1 no factible, cantidad factible: 0
[2025-09-30T22:53:39.277941] construccionGRASPParaUnaRuta: rclPedidos: esta fue la iteración en rcl de pedidos N°0 en iter. ruta: 8
[2025-09-30T22:53:39.277945] construccionGRASPParaUnaRuta: Pedido pretendiente para la ruta:  
PedidoParaAlgoritmo{id=1, idAlmacenDestino=17, pedidas=800, entregadas=0, programadas=414, restante=386}
[2025-09-30T22:53:39.277955] capacidadMaxAsignableEnRuta: Este es el primer almacén y es infinito, no lo simularé: AlmacenParaAlgoritmo{id=1, capacidadMaxima=1000000, capacidadOcupada=0, capacidadSinOcupar=1000000, nombrePais=Global, nombreCiudad=Global Hub City, esInfinito=true}
[2025-09-30T22:53:39.277966] 
capacidadMaxAsignableEnRuta: Simulación del almDestino en el instante 2025-10-02 14:00:00: AlmacenParaAlgoritmo{id=12, capacidadMaxima=460, capacidadOcupada=0, capacidadSinOcupar=460, nombrePais=Argentina, nombreCiudad=Buenos Aires, esInfinito=false}
[2025-09-30T22:53:39.277969] capacidadMaxAsignableEnRuta: Este es un vuelo intermedio o inicial en ruta:VueloParaAlgoritmo{id=169, inicio=2025-10-02T11:00:00Z, fin=2025-10-02T14:00:00Z, idAlmacenOrigen=1, idAlmacenDestino=12, capacidadMaximaProductos=580, capacidadOcupadaProductos=0, capacidadSinOcupar=580, capacidadSinOcuparCalc=580}
[2025-09-30T22:53:39.277979] capacidadMaxAsignableEnRuta: Simulación del almOrigen en el instante 2025-10-02 15:00:00: AlmacenParaAlgoritmo{id=12, capacidadMaxima=460, capacidadOcupada=0, capacidadSinOcupar=460, nombrePais=Argentina, nombreCiudad=Buenos Aires, esInfinito=false}
[2025-09-30T22:53:39.277986] construccionGRASPParaUnaRuta: Pedido id=1 no factible, cantidad factible: 0
[2025-09-30T22:53:39.277988] construccionGRASPParaUnaRuta: rclPedidos: esta fue la iteración en rcl de pedidos N°1 en iter. ruta: 8
[2025-09-30T22:53:39.27799] construccionGRASPParaUnaRuta: La lista de vuelos no produjo asignaciones útiles para el pedido de RCL 
-> probando siguiente ruta (lista de vuelos) de la RCL.
[2025-09-30T22:53:39.277992] construccionGRASPParaUnaRuta: esta fue la iteración en rcl de rutas N°8
[2025-09-30T22:53:39.277996] construccionGRASPParaUnaRuta: Ruta seleccionada desde RCl, sus vuelos:
 187
96

[2025-09-30T22:53:39.278015] construccionGRASPParaUnaRuta: Pedidos que entraron a la RCL: 
PedidoParaAlgoritmo{id=1, idAlmacenDestino=17, pedidas=800, entregadas=0, programadas=414, restante=386}

[2025-09-30T22:53:39.278018] construccionGRASPParaUnaRuta: Máximo de intentos de pedidos: 2
[2025-09-30T22:53:39.278023] construccionGRASPParaUnaRuta: Pedido pretendiente para la ruta:  
PedidoParaAlgoritmo{id=1, idAlmacenDestino=17, pedidas=800, entregadas=0, programadas=414, restante=386}
[2025-09-30T22:53:39.278032] capacidadMaxAsignableEnRuta: Este es el primer almacén y es infinito, no lo simularé: AlmacenParaAlgoritmo{id=3, capacidadMaxima=1000000, capacidadOcupada=0, capacidadSinOcupar=1000000, nombrePais=Europa, nombreCiudad=Euro Hub, esInfinito=true}
[2025-09-30T22:53:39.278041] construccionGRASPParaUnaRuta: Pedido id=1 no factible, cantidad factible: 0
[2025-09-30T22:53:39.278049] construccionGRASPParaUnaRuta: rclPedidos: esta fue la iteración en rcl de pedidos N°0 en iter. ruta: 9
[2025-09-30T22:53:39.278052] construccionGRASPParaUnaRuta: Pedido pretendiente para la ruta:  
PedidoParaAlgoritmo{id=1, idAlmacenDestino=17, pedidas=800, entregadas=0, programadas=414, restante=386}
[2025-09-30T22:53:39.278061] capacidadMaxAsignableEnRuta: Este es el primer almacén y es infinito, no lo simularé: AlmacenParaAlgoritmo{id=3, capacidadMaxima=1000000, capacidadOcupada=0, capacidadSinOcupar=1000000, nombrePais=Europa, nombreCiudad=Euro Hub, esInfinito=true}
[2025-09-30T22:53:39.278067] construccionGRASPParaUnaRuta: Pedido id=1 no factible, cantidad factible: 0
[2025-09-30T22:53:39.27807] construccionGRASPParaUnaRuta: rclPedidos: esta fue la iteración en rcl de pedidos N°1 en iter. ruta: 9
[2025-09-30T22:53:39.278071] construccionGRASPParaUnaRuta: La lista de vuelos no produjo asignaciones útiles para el pedido de RCL 
-> probando siguiente ruta (lista de vuelos) de la RCL.
[2025-09-30T22:53:39.278073] construccionGRASPParaUnaRuta: esta fue la iteración en rcl de rutas N°9
[2025-09-30T22:53:39.278077] construccionGRASPParaUnaRuta: Ruta seleccionada desde RCl, sus vuelos:
 174
231
273

[2025-09-30T22:53:39.278094] construccionGRASPParaUnaRuta: Pedidos que entraron a la RCL: 
PedidoParaAlgoritmo{id=1, idAlmacenDestino=17, pedidas=800, entregadas=0, programadas=414, restante=386}

[2025-09-30T22:53:39.278096] construccionGRASPParaUnaRuta: Máximo de intentos de pedidos: 2
[2025-09-30T22:53:39.278099] construccionGRASPParaUnaRuta: Pedido pretendiente para la ruta:  
PedidoParaAlgoritmo{id=1, idAlmacenDestino=17, pedidas=800, entregadas=0, programadas=414, restante=386}
[2025-09-30T22:53:39.278109] capacidadMaxAsignableEnRuta: Este es el primer almacén y es infinito, no lo simularé: AlmacenParaAlgoritmo{id=2, capacidadMaxima=1000000, capacidadOcupada=0, capacidadSinOcupar=1000000, nombrePais=Universal, nombreCiudad=Mega Global Hub, esInfinito=true}
[2025-09-30T22:53:39.278122] 
capacidadMaxAsignableEnRuta: Simulación del almDestino en el instante 2025-10-02 10:00:00: AlmacenParaAlgoritmo{id=5, capacidadMaxima=430, capacidadOcupada=0, capacidadSinOcupar=430, nombrePais=Colombia, nombreCiudad=Bogotá, esInfinito=false}
[2025-09-30T22:53:39.278125] capacidadMaxAsignableEnRuta: Este es un vuelo intermedio o inicial en ruta:VueloParaAlgoritmo{id=174, inicio=2025-10-02T06:00:00Z, fin=2025-10-02T10:00:00Z, idAlmacenOrigen=2, idAlmacenDestino=5, capacidadMaximaProductos=520, capacidadOcupadaProductos=0, capacidadSinOcupar=520, capacidadSinOcuparCalc=520}
[2025-09-30T22:53:39.278136] capacidadMaxAsignableEnRuta: Simulación del almOrigen en el instante 2025-10-02 13:00:00: AlmacenParaAlgoritmo{id=5, capacidadMaxima=430, capacidadOcupada=0, capacidadSinOcupar=430, nombrePais=Colombia, nombreCiudad=Bogotá, esInfinito=false}
[2025-09-30T22:53:39.278143] construccionGRASPParaUnaRuta: Pedido id=1 no factible, cantidad factible: 0
[2025-09-30T22:53:39.278146] construccionGRASPParaUnaRuta: rclPedidos: esta fue la iteración en rcl de pedidos N°0 en iter. ruta: 10
[2025-09-30T22:53:39.278149] construccionGRASPParaUnaRuta: Pedido pretendiente para la ruta:  
PedidoParaAlgoritmo{id=1, idAlmacenDestino=17, pedidas=800, entregadas=0, programadas=414, restante=386}
[2025-09-30T22:53:39.278157] capacidadMaxAsignableEnRuta: Este es el primer almacén y es infinito, no lo simularé: AlmacenParaAlgoritmo{id=2, capacidadMaxima=1000000, capacidadOcupada=0, capacidadSinOcupar=1000000, nombrePais=Universal, nombreCiudad=Mega Global Hub, esInfinito=true}
[2025-09-30T22:53:39.278168] 
capacidadMaxAsignableEnRuta: Simulación del almDestino en el instante 2025-10-02 10:00:00: AlmacenParaAlgoritmo{id=5, capacidadMaxima=430, capacidadOcupada=0, capacidadSinOcupar=430, nombrePais=Colombia, nombreCiudad=Bogotá, esInfinito=false}
[2025-09-30T22:53:39.278172] capacidadMaxAsignableEnRuta: Este es un vuelo intermedio o inicial en ruta:VueloParaAlgoritmo{id=174, inicio=2025-10-02T06:00:00Z, fin=2025-10-02T10:00:00Z, idAlmacenOrigen=2, idAlmacenDestino=5, capacidadMaximaProductos=520, capacidadOcupadaProductos=0, capacidadSinOcupar=520, capacidadSinOcuparCalc=520}
[2025-09-30T22:53:39.278182] capacidadMaxAsignableEnRuta: Simulación del almOrigen en el instante 2025-10-02 13:00:00: AlmacenParaAlgoritmo{id=5, capacidadMaxima=430, capacidadOcupada=0, capacidadSinOcupar=430, nombrePais=Colombia, nombreCiudad=Bogotá, esInfinito=false}
[2025-09-30T22:53:39.278189] construccionGRASPParaUnaRuta: Pedido id=1 no factible, cantidad factible: 0
[2025-09-30T22:53:39.278192] construccionGRASPParaUnaRuta: rclPedidos: esta fue la iteración en rcl de pedidos N°1 en iter. ruta: 10
[2025-09-30T22:53:39.278193] construccionGRASPParaUnaRuta: La lista de vuelos no produjo asignaciones útiles para el pedido de RCL 
-> probando siguiente ruta (lista de vuelos) de la RCL.
[2025-09-30T22:53:39.278195] construccionGRASPParaUnaRuta: esta fue la iteración en rcl de rutas N°10
[2025-09-30T22:53:39.278198] construccionGRASPParaUnaRuta: Ruta seleccionada desde RCl, sus vuelos:
 178
273

[2025-09-30T22:53:39.278216] construccionGRASPParaUnaRuta: Pedidos que entraron a la RCL: 
PedidoParaAlgoritmo{id=1, idAlmacenDestino=17, pedidas=800, entregadas=0, programadas=414, restante=386}

[2025-09-30T22:53:39.278219] construccionGRASPParaUnaRuta: Máximo de intentos de pedidos: 2
[2025-09-30T22:53:39.278223] construccionGRASPParaUnaRuta: Pedido pretendiente para la ruta:  
PedidoParaAlgoritmo{id=1, idAlmacenDestino=17, pedidas=800, entregadas=0, programadas=414, restante=386}
[2025-09-30T22:53:39.278232] capacidadMaxAsignableEnRuta: Este es el primer almacén y es infinito, no lo simularé: AlmacenParaAlgoritmo{id=2, capacidadMaxima=1000000, capacidadOcupada=0, capacidadSinOcupar=1000000, nombrePais=Universal, nombreCiudad=Mega Global Hub, esInfinito=true}
[2025-09-30T22:53:39.27824] construccionGRASPParaUnaRuta: Pedido id=1 no factible, cantidad factible: 0
[2025-09-30T22:53:39.278242] construccionGRASPParaUnaRuta: rclPedidos: esta fue la iteración en rcl de pedidos N°0 en iter. ruta: 11
[2025-09-30T22:53:39.278245] construccionGRASPParaUnaRuta: Pedido pretendiente para la ruta:  
PedidoParaAlgoritmo{id=1, idAlmacenDestino=17, pedidas=800, entregadas=0, programadas=414, restante=386}
[2025-09-30T22:53:39.278253] capacidadMaxAsignableEnRuta: Este es el primer almacén y es infinito, no lo simularé: AlmacenParaAlgoritmo{id=2, capacidadMaxima=1000000, capacidadOcupada=0, capacidadSinOcupar=1000000, nombrePais=Universal, nombreCiudad=Mega Global Hub, esInfinito=true}
[2025-09-30T22:53:39.27826] construccionGRASPParaUnaRuta: Pedido id=1 no factible, cantidad factible: 0
[2025-09-30T22:53:39.278262] construccionGRASPParaUnaRuta: rclPedidos: esta fue la iteración en rcl de pedidos N°1 en iter. ruta: 11
[2025-09-30T22:53:39.278263] construccionGRASPParaUnaRuta: La lista de vuelos no produjo asignaciones útiles para el pedido de RCL 
-> probando siguiente ruta (lista de vuelos) de la RCL.
[2025-09-30T22:53:39.278265] construccionGRASPParaUnaRuta: esta fue la iteración en rcl de rutas N°11
[2025-09-30T22:53:39.278268] construccionGRASPParaUnaRuta: Ruta seleccionada desde RCl, sus vuelos:
 17
96

[2025-09-30T22:53:39.278283] construccionGRASPParaUnaRuta: Pedidos que entraron a la RCL: 
PedidoParaAlgoritmo{id=1, idAlmacenDestino=17, pedidas=800, entregadas=0, programadas=414, restante=386}

[2025-09-30T22:53:39.278285] construccionGRASPParaUnaRuta: Máximo de intentos de pedidos: 2
[2025-09-30T22:53:39.278288] construccionGRASPParaUnaRuta: Pedido pretendiente para la ruta:  
PedidoParaAlgoritmo{id=1, idAlmacenDestino=17, pedidas=800, entregadas=0, programadas=414, restante=386}
[2025-09-30T22:53:39.278298] capacidadMaxAsignableEnRuta: Este es el primer almacén y es infinito, no lo simularé: AlmacenParaAlgoritmo{id=1, capacidadMaxima=1000000, capacidadOcupada=0, capacidadSinOcupar=1000000, nombrePais=Global, nombreCiudad=Global Hub City, esInfinito=true}
[2025-09-30T22:53:39.278307] construccionGRASPParaUnaRuta: Pedido id=1 no factible, cantidad factible: 0
[2025-09-30T22:53:39.278311] construccionGRASPParaUnaRuta: rclPedidos: esta fue la iteración en rcl de pedidos N°0 en iter. ruta: 12
[2025-09-30T22:53:39.278314] construccionGRASPParaUnaRuta: Pedido pretendiente para la ruta:  
PedidoParaAlgoritmo{id=1, idAlmacenDestino=17, pedidas=800, entregadas=0, programadas=414, restante=386}
[2025-09-30T22:53:39.278322] capacidadMaxAsignableEnRuta: Este es el primer almacén y es infinito, no lo simularé: AlmacenParaAlgoritmo{id=1, capacidadMaxima=1000000, capacidadOcupada=0, capacidadSinOcupar=1000000, nombrePais=Global, nombreCiudad=Global Hub City, esInfinito=true}
[2025-09-30T22:53:39.278329] construccionGRASPParaUnaRuta: Pedido id=1 no factible, cantidad factible: 0
[2025-09-30T22:53:39.278331] construccionGRASPParaUnaRuta: rclPedidos: esta fue la iteración en rcl de pedidos N°1 en iter. ruta: 12
[2025-09-30T22:53:39.278333] construccionGRASPParaUnaRuta: La lista de vuelos no produjo asignaciones útiles para el pedido de RCL 
-> probando siguiente ruta (lista de vuelos) de la RCL.
[2025-09-30T22:53:39.278334] construccionGRASPParaUnaRuta: esta fue la iteración en rcl de rutas N°12
[2025-09-30T22:53:39.278337] construccionGRASPParaUnaRuta: Ruta seleccionada desde RCl, sus vuelos:
 184
255

[2025-09-30T22:53:39.278351] construccionGRASPParaUnaRuta: Pedidos que entraron a la RCL: 
PedidoParaAlgoritmo{id=1, idAlmacenDestino=17, pedidas=800, entregadas=0, programadas=414, restante=386}

[2025-09-30T22:53:39.278352] construccionGRASPParaUnaRuta: Máximo de intentos de pedidos: 2
[2025-09-30T22:53:39.278355] construccionGRASPParaUnaRuta: Pedido pretendiente para la ruta:  
PedidoParaAlgoritmo{id=1, idAlmacenDestino=17, pedidas=800, entregadas=0, programadas=414, restante=386}
[2025-09-30T22:53:39.278363] capacidadMaxAsignableEnRuta: Este es el primer almacén y es infinito, no lo simularé: AlmacenParaAlgoritmo{id=3, capacidadMaxima=1000000, capacidadOcupada=0, capacidadSinOcupar=1000000, nombrePais=Europa, nombreCiudad=Euro Hub, esInfinito=true}
[2025-09-30T22:53:39.278375] 
capacidadMaxAsignableEnRuta: Simulación del almDestino en el instante 2025-10-02 08:00:00: AlmacenParaAlgoritmo{id=16, capacidadMaxima=430, capacidadOcupada=0, capacidadSinOcupar=430, nombrePais=Austria, nombreCiudad=Viena, esInfinito=false}
[2025-09-30T22:53:39.278378] capacidadMaxAsignableEnRuta: Este es un vuelo intermedio o inicial en ruta:VueloParaAlgoritmo{id=184, inicio=2025-10-02T06:00:00Z, fin=2025-10-02T08:00:00Z, idAlmacenOrigen=3, idAlmacenDestino=16, capacidadMaximaProductos=460, capacidadOcupadaProductos=0, capacidadSinOcupar=460, capacidadSinOcuparCalc=460}
[2025-09-30T22:53:39.278389] capacidadMaxAsignableEnRuta: Simulación del almOrigen en el instante 2025-10-02 14:00:00: AlmacenParaAlgoritmo{id=16, capacidadMaxima=430, capacidadOcupada=0, capacidadSinOcupar=430, nombrePais=Austria, nombreCiudad=Viena, esInfinito=false}
[2025-09-30T22:53:39.278401] 
capacidadMaxAsignableEnRuta: Simulación del almDestino en el instante 2025-10-02 21:00:00: AlmacenParaAlgoritmo{id=17, capacidadMaxima=440, capacidadOcupada=27, capacidadSinOcupar=413, nombrePais=Bélgica, nombreCiudad=Bruselas, esInfinito=false}
[2025-09-30T22:53:39.278403] capacidadMaxAsignableEnRuta: Encontré al último vuelo de ruta: VueloParaAlgoritmo{id=255, inicio=2025-10-02T14:00:00Z, fin=2025-10-02T21:00:00Z, idAlmacenOrigen=16, idAlmacenDestino=17, capacidadMaximaProductos=320, capacidadOcupadaProductos=0, capacidadSinOcupar=320, capacidadSinOcuparCalc=320}
[2025-09-30T22:53:39.278405] minimaCapacidadVuelos 320
[2025-09-30T22:53:39.278413] minDispAlmacenes 413
[2025-09-30T22:53:39.278426] Simulación del almacén destino hasta siguiente inicio: AlmacenParaAlgoritmo{id=16, capacidadMaxima=430, capacidadOcupada=320, capacidadSinOcupar=110, nombrePais=Austria, nombreCiudad=Viena, esInfinito=false}=0
[2025-09-30T22:53:39.278437] Simulación del almacén destino hasta siguiente inicio: AlmacenParaAlgoritmo{id=17, capacidadMaxima=440, capacidadOcupada=440, capacidadSinOcupar=0, nombrePais=Bélgica, nombreCiudad=Bruselas, esInfinito=false}=413
[2025-09-30T22:53:39.278439] El almacén colapsaría con una diferencia de: 413
[2025-09-30T22:53:39.27844] maxDiferenciaColapso 413
[2025-09-30T22:53:39.278442] Asignable final: -93
[2025-09-30T22:53:39.278444] construccionGRASPParaUnaRuta: Pedido id=1 no factible, cantidad factible: 0
[2025-09-30T22:53:39.278447] construccionGRASPParaUnaRuta: rclPedidos: esta fue la iteración en rcl de pedidos N°0 en iter. ruta: 13
[2025-09-30T22:53:39.278451] construccionGRASPParaUnaRuta: Pedido pretendiente para la ruta:  
PedidoParaAlgoritmo{id=1, idAlmacenDestino=17, pedidas=800, entregadas=0, programadas=414, restante=386}
[2025-09-30T22:53:39.278462] capacidadMaxAsignableEnRuta: Este es el primer almacén y es infinito, no lo simularé: AlmacenParaAlgoritmo{id=3, capacidadMaxima=1000000, capacidadOcupada=0, capacidadSinOcupar=1000000, nombrePais=Europa, nombreCiudad=Euro Hub, esInfinito=true}
[2025-09-30T22:53:39.278472] 
capacidadMaxAsignableEnRuta: Simulación del almDestino en el instante 2025-10-02 08:00:00: AlmacenParaAlgoritmo{id=16, capacidadMaxima=430, capacidadOcupada=320, capacidadSinOcupar=110, nombrePais=Austria, nombreCiudad=Viena, esInfinito=false}
[2025-09-30T22:53:39.278475] capacidadMaxAsignableEnRuta: Este es un vuelo intermedio o inicial en ruta:VueloParaAlgoritmo{id=184, inicio=2025-10-02T06:00:00Z, fin=2025-10-02T08:00:00Z, idAlmacenOrigen=3, idAlmacenDestino=16, capacidadMaximaProductos=460, capacidadOcupadaProductos=0, capacidadSinOcupar=460, capacidadSinOcuparCalc=460}
[2025-09-30T22:53:39.278485] capacidadMaxAsignableEnRuta: Simulación del almOrigen en el instante 2025-10-02 14:00:00: AlmacenParaAlgoritmo{id=16, capacidadMaxima=430, capacidadOcupada=320, capacidadSinOcupar=110, nombrePais=Austria, nombreCiudad=Viena, esInfinito=false}
[2025-09-30T22:53:39.278495] 
capacidadMaxAsignableEnRuta: Simulación del almDestino en el instante 2025-10-02 21:00:00: AlmacenParaAlgoritmo{id=17, capacidadMaxima=440, capacidadOcupada=27, capacidadSinOcupar=413, nombrePais=Bélgica, nombreCiudad=Bruselas, esInfinito=false}
[2025-09-30T22:53:39.278498] capacidadMaxAsignableEnRuta: Encontré al último vuelo de ruta: VueloParaAlgoritmo{id=255, inicio=2025-10-02T14:00:00Z, fin=2025-10-02T21:00:00Z, idAlmacenOrigen=16, idAlmacenDestino=17, capacidadMaximaProductos=320, capacidadOcupadaProductos=0, capacidadSinOcupar=320, capacidadSinOcuparCalc=320}
[2025-09-30T22:53:39.2785] minimaCapacidadVuelos 320
[2025-09-30T22:53:39.278506] minDispAlmacenes 110
[2025-09-30T22:53:39.278517] Simulación del almacén destino hasta siguiente inicio: AlmacenParaAlgoritmo{id=16, capacidadMaxima=430, capacidadOcupada=430, capacidadSinOcupar=0, nombrePais=Austria, nombreCiudad=Viena, esInfinito=false}=0
[2025-09-30T22:53:39.278526] Simulación del almacén destino hasta siguiente inicio: AlmacenParaAlgoritmo{id=17, capacidadMaxima=440, capacidadOcupada=440, capacidadSinOcupar=0, nombrePais=Bélgica, nombreCiudad=Bruselas, esInfinito=false}=413
[2025-09-30T22:53:39.278528] El almacén colapsaría con una diferencia de: 413
[2025-09-30T22:53:39.278529] maxDiferenciaColapso 413
[2025-09-30T22:53:39.278531] Asignable final: -303
[2025-09-30T22:53:39.278533] construccionGRASPParaUnaRuta: Pedido id=1 no factible, cantidad factible: 0
[2025-09-30T22:53:39.278535] construccionGRASPParaUnaRuta: rclPedidos: esta fue la iteración en rcl de pedidos N°1 en iter. ruta: 13
[2025-09-30T22:53:39.278536] construccionGRASPParaUnaRuta: La lista de vuelos no produjo asignaciones útiles para el pedido de RCL 
-> probando siguiente ruta (lista de vuelos) de la RCL.
[2025-09-30T22:53:39.278538] construccionGRASPParaUnaRuta: esta fue la iteración en rcl de rutas N°13
[2025-09-30T22:53:39.278542] construccionGRASPParaUnaRuta: Ruta seleccionada desde RCl, sus vuelos:
 174
231
273

[2025-09-30T22:53:39.278563] construccionGRASPParaUnaRuta: Pedidos que entraron a la RCL: 
PedidoParaAlgoritmo{id=1, idAlmacenDestino=17, pedidas=800, entregadas=0, programadas=414, restante=386}

[2025-09-30T22:53:39.278565] construccionGRASPParaUnaRuta: Máximo de intentos de pedidos: 2
[2025-09-30T22:53:39.278569] construccionGRASPParaUnaRuta: Pedido pretendiente para la ruta:  
PedidoParaAlgoritmo{id=1, idAlmacenDestino=17, pedidas=800, entregadas=0, programadas=414, restante=386}
[2025-09-30T22:53:39.278581] capacidadMaxAsignableEnRuta: Este es el primer almacén y es infinito, no lo simularé: AlmacenParaAlgoritmo{id=2, capacidadMaxima=1000000, capacidadOcupada=0, capacidadSinOcupar=1000000, nombrePais=Universal, nombreCiudad=Mega Global Hub, esInfinito=true}
[2025-09-30T22:53:39.278593] 
capacidadMaxAsignableEnRuta: Simulación del almDestino en el instante 2025-10-02 10:00:00: AlmacenParaAlgoritmo{id=5, capacidadMaxima=430, capacidadOcupada=0, capacidadSinOcupar=430, nombrePais=Colombia, nombreCiudad=Bogotá, esInfinito=false}
[2025-09-30T22:53:39.278595] capacidadMaxAsignableEnRuta: Este es un vuelo intermedio o inicial en ruta:VueloParaAlgoritmo{id=174, inicio=2025-10-02T06:00:00Z, fin=2025-10-02T10:00:00Z, idAlmacenOrigen=2, idAlmacenDestino=5, capacidadMaximaProductos=520, capacidadOcupadaProductos=0, capacidadSinOcupar=520, capacidadSinOcuparCalc=520}
[2025-09-30T22:53:39.278606] capacidadMaxAsignableEnRuta: Simulación del almOrigen en el instante 2025-10-02 13:00:00: AlmacenParaAlgoritmo{id=5, capacidadMaxima=430, capacidadOcupada=0, capacidadSinOcupar=430, nombrePais=Colombia, nombreCiudad=Bogotá, esInfinito=false}
[2025-09-30T22:53:39.278613] construccionGRASPParaUnaRuta: Pedido id=1 no factible, cantidad factible: 0
[2025-09-30T22:53:39.278616] construccionGRASPParaUnaRuta: rclPedidos: esta fue la iteración en rcl de pedidos N°0 en iter. ruta: 14
[2025-09-30T22:53:39.278619] construccionGRASPParaUnaRuta: Pedido pretendiente para la ruta:  
PedidoParaAlgoritmo{id=1, idAlmacenDestino=17, pedidas=800, entregadas=0, programadas=414, restante=386}
[2025-09-30T22:53:39.278628] capacidadMaxAsignableEnRuta: Este es el primer almacén y es infinito, no lo simularé: AlmacenParaAlgoritmo{id=2, capacidadMaxima=1000000, capacidadOcupada=0, capacidadSinOcupar=1000000, nombrePais=Universal, nombreCiudad=Mega Global Hub, esInfinito=true}
[2025-09-30T22:53:39.278638] 
capacidadMaxAsignableEnRuta: Simulación del almDestino en el instante 2025-10-02 10:00:00: AlmacenParaAlgoritmo{id=5, capacidadMaxima=430, capacidadOcupada=0, capacidadSinOcupar=430, nombrePais=Colombia, nombreCiudad=Bogotá, esInfinito=false}
[2025-09-30T22:53:39.278641] capacidadMaxAsignableEnRuta: Este es un vuelo intermedio o inicial en ruta:VueloParaAlgoritmo{id=174, inicio=2025-10-02T06:00:00Z, fin=2025-10-02T10:00:00Z, idAlmacenOrigen=2, idAlmacenDestino=5, capacidadMaximaProductos=520, capacidadOcupadaProductos=0, capacidadSinOcupar=520, capacidadSinOcuparCalc=520}
[2025-09-30T22:53:39.278651] capacidadMaxAsignableEnRuta: Simulación del almOrigen en el instante 2025-10-02 13:00:00: AlmacenParaAlgoritmo{id=5, capacidadMaxima=430, capacidadOcupada=0, capacidadSinOcupar=430, nombrePais=Colombia, nombreCiudad=Bogotá, esInfinito=false}
[2025-09-30T22:53:39.278658] construccionGRASPParaUnaRuta: Pedido id=1 no factible, cantidad factible: 0
[2025-09-30T22:53:39.27866] construccionGRASPParaUnaRuta: rclPedidos: esta fue la iteración en rcl de pedidos N°1 en iter. ruta: 14
[2025-09-30T22:53:39.278661] construccionGRASPParaUnaRuta: La lista de vuelos no produjo asignaciones útiles para el pedido de RCL 
-> probando siguiente ruta (lista de vuelos) de la RCL.
[2025-09-30T22:53:39.278663] construccionGRASPParaUnaRuta: esta fue la iteración en rcl de rutas N°14
[2025-09-30T22:53:39.278666] construccionGRASPParaUnaRuta: Ruta seleccionada desde RCl, sus vuelos:
 185

[2025-09-30T22:53:39.278685] construccionGRASPParaUnaRuta: Pedidos que entraron a la RCL: 
PedidoParaAlgoritmo{id=1, idAlmacenDestino=17, pedidas=800, entregadas=0, programadas=414, restante=386}

[2025-09-30T22:53:39.278687] construccionGRASPParaUnaRuta: Máximo de intentos de pedidos: 2
[2025-09-30T22:53:39.27869] construccionGRASPParaUnaRuta: Pedido pretendiente para la ruta:  
PedidoParaAlgoritmo{id=1, idAlmacenDestino=17, pedidas=800, entregadas=0, programadas=414, restante=386}
[2025-09-30T22:53:39.278698] capacidadMaxAsignableEnRuta: Este es el primer almacén y es infinito, no lo simularé: AlmacenParaAlgoritmo{id=3, capacidadMaxima=1000000, capacidadOcupada=0, capacidadSinOcupar=1000000, nombrePais=Europa, nombreCiudad=Euro Hub, esInfinito=true}
[2025-09-30T22:53:39.27871] 
capacidadMaxAsignableEnRuta: Simulación del almDestino en el instante 2025-10-03 03:00:00: AlmacenParaAlgoritmo{id=17, capacidadMaxima=440, capacidadOcupada=27, capacidadSinOcupar=413, nombrePais=Bélgica, nombreCiudad=Bruselas, esInfinito=false}
[2025-09-30T22:53:39.278713] capacidadMaxAsignableEnRuta: Encontré al último vuelo de ruta: VueloParaAlgoritmo{id=185, inicio=2025-10-02T07:00:00Z, fin=2025-10-03T03:00:00Z, idAlmacenOrigen=3, idAlmacenDestino=17, capacidadMaximaProductos=440, capacidadOcupadaProductos=0, capacidadSinOcupar=440, capacidadSinOcuparCalc=440}
[2025-09-30T22:53:39.278714] minimaCapacidadVuelos 440
[2025-09-30T22:53:39.278721] minDispAlmacenes 413
[2025-09-30T22:53:39.278733] Simulación del almacén destino hasta siguiente inicio: AlmacenParaAlgoritmo{id=17, capacidadMaxima=440, capacidadOcupada=440, capacidadSinOcupar=0, nombrePais=Bélgica, nombreCiudad=Bruselas, esInfinito=false}=413
[2025-09-30T22:53:39.278734] El almacén colapsaría con una diferencia de: 413
[2025-09-30T22:53:39.278736] maxDiferenciaColapso 413
[2025-09-30T22:53:39.278738] Asignable final: -27
[2025-09-30T22:53:39.27874] construccionGRASPParaUnaRuta: Pedido id=1 no factible, cantidad factible: 0
[2025-09-30T22:53:39.278742] construccionGRASPParaUnaRuta: rclPedidos: esta fue la iteración en rcl de pedidos N°0 en iter. ruta: 15
[2025-09-30T22:53:39.278746] construccionGRASPParaUnaRuta: Pedido pretendiente para la ruta:  
PedidoParaAlgoritmo{id=1, idAlmacenDestino=17, pedidas=800, entregadas=0, programadas=414, restante=386}
[2025-09-30T22:53:39.278756] capacidadMaxAsignableEnRuta: Este es el primer almacén y es infinito, no lo simularé: AlmacenParaAlgoritmo{id=3, capacidadMaxima=1000000, capacidadOcupada=0, capacidadSinOcupar=1000000, nombrePais=Europa, nombreCiudad=Euro Hub, esInfinito=true}
[2025-09-30T22:53:39.278768] 
capacidadMaxAsignableEnRuta: Simulación del almDestino en el instante 2025-10-03 03:00:00: AlmacenParaAlgoritmo{id=17, capacidadMaxima=440, capacidadOcupada=27, capacidadSinOcupar=413, nombrePais=Bélgica, nombreCiudad=Bruselas, esInfinito=false}
[2025-09-30T22:53:39.27877] capacidadMaxAsignableEnRuta: Encontré al último vuelo de ruta: VueloParaAlgoritmo{id=185, inicio=2025-10-02T07:00:00Z, fin=2025-10-03T03:00:00Z, idAlmacenOrigen=3, idAlmacenDestino=17, capacidadMaximaProductos=440, capacidadOcupadaProductos=0, capacidadSinOcupar=440, capacidadSinOcuparCalc=440}
[2025-09-30T22:53:39.278772] minimaCapacidadVuelos 440
[2025-09-30T22:53:39.278777] minDispAlmacenes 413
[2025-09-30T22:53:39.278788] Simulación del almacén destino hasta siguiente inicio: AlmacenParaAlgoritmo{id=17, capacidadMaxima=440, capacidadOcupada=440, capacidadSinOcupar=0, nombrePais=Bélgica, nombreCiudad=Bruselas, esInfinito=false}=413
[2025-09-30T22:53:39.278791] El almacén colapsaría con una diferencia de: 413
[2025-09-30T22:53:39.278797] maxDiferenciaColapso 413
[2025-09-30T22:53:39.278799] Asignable final: -27
[2025-09-30T22:53:39.278801] construccionGRASPParaUnaRuta: Pedido id=1 no factible, cantidad factible: 0
[2025-09-30T22:53:39.278803] construccionGRASPParaUnaRuta: rclPedidos: esta fue la iteración en rcl de pedidos N°1 en iter. ruta: 15
[2025-09-30T22:53:39.278804] construccionGRASPParaUnaRuta: La lista de vuelos no produjo asignaciones útiles para el pedido de RCL 
-> probando siguiente ruta (lista de vuelos) de la RCL.
[2025-09-30T22:53:39.278805] construccionGRASPParaUnaRuta: esta fue la iteración en rcl de rutas N°15
[2025-09-30T22:53:39.278809] construccionGRASPParaUnaRuta: Ruta seleccionada desde RCl, sus vuelos:
 17
116

[2025-09-30T22:53:39.278828] construccionGRASPParaUnaRuta: Pedidos que entraron a la RCL: 
PedidoParaAlgoritmo{id=1, idAlmacenDestino=17, pedidas=800, entregadas=0, programadas=414, restante=386}

[2025-09-30T22:53:39.27883] construccionGRASPParaUnaRuta: Máximo de intentos de pedidos: 2
[2025-09-30T22:53:39.278833] construccionGRASPParaUnaRuta: Pedido pretendiente para la ruta:  
PedidoParaAlgoritmo{id=1, idAlmacenDestino=17, pedidas=800, entregadas=0, programadas=414, restante=386}
[2025-09-30T22:53:39.278843] capacidadMaxAsignableEnRuta: Este es el primer almacén y es infinito, no lo simularé: AlmacenParaAlgoritmo{id=1, capacidadMaxima=1000000, capacidadOcupada=0, capacidadSinOcupar=1000000, nombrePais=Global, nombreCiudad=Global Hub City, esInfinito=true}
[2025-09-30T22:53:39.278851] construccionGRASPParaUnaRuta: Pedido id=1 no factible, cantidad factible: 0
[2025-09-30T22:53:39.278853] construccionGRASPParaUnaRuta: rclPedidos: esta fue la iteración en rcl de pedidos N°0 en iter. ruta: 16
[2025-09-30T22:53:39.278856] construccionGRASPParaUnaRuta: Pedido pretendiente para la ruta:  
PedidoParaAlgoritmo{id=1, idAlmacenDestino=17, pedidas=800, entregadas=0, programadas=414, restante=386}
[2025-09-30T22:53:39.278863] capacidadMaxAsignableEnRuta: Este es el primer almacén y es infinito, no lo simularé: AlmacenParaAlgoritmo{id=1, capacidadMaxima=1000000, capacidadOcupada=0, capacidadSinOcupar=1000000, nombrePais=Global, nombreCiudad=Global Hub City, esInfinito=true}
[2025-09-30T22:53:39.27887] construccionGRASPParaUnaRuta: Pedido id=1 no factible, cantidad factible: 0
[2025-09-30T22:53:39.278872] construccionGRASPParaUnaRuta: rclPedidos: esta fue la iteración en rcl de pedidos N°1 en iter. ruta: 16
[2025-09-30T22:53:39.278873] construccionGRASPParaUnaRuta: La lista de vuelos no produjo asignaciones útiles para el pedido de RCL 
-> probando siguiente ruta (lista de vuelos) de la RCL.
[2025-09-30T22:53:39.278874] construccionGRASPParaUnaRuta: esta fue la iteración en rcl de rutas N°16
[2025-09-30T22:53:39.278877] construccionGRASPParaUnaRuta: Ruta seleccionada desde RCl, sus vuelos:
 37
96

[2025-09-30T22:53:39.278894] construccionGRASPParaUnaRuta: Pedidos que entraron a la RCL: 
PedidoParaAlgoritmo{id=1, idAlmacenDestino=17, pedidas=800, entregadas=0, programadas=414, restante=386}

[2025-09-30T22:53:39.278896] construccionGRASPParaUnaRuta: Máximo de intentos de pedidos: 2
[2025-09-30T22:53:39.278899] construccionGRASPParaUnaRuta: Pedido pretendiente para la ruta:  
PedidoParaAlgoritmo{id=1, idAlmacenDestino=17, pedidas=800, entregadas=0, programadas=414, restante=386}
[2025-09-30T22:53:39.278909] capacidadMaxAsignableEnRuta: Este es el primer almacén y es infinito, no lo simularé: AlmacenParaAlgoritmo{id=2, capacidadMaxima=1000000, capacidadOcupada=0, capacidadSinOcupar=1000000, nombrePais=Universal, nombreCiudad=Mega Global Hub, esInfinito=true}
[2025-09-30T22:53:39.278918] construccionGRASPParaUnaRuta: Pedido id=1 no factible, cantidad factible: 0
[2025-09-30T22:53:39.27892] construccionGRASPParaUnaRuta: rclPedidos: esta fue la iteración en rcl de pedidos N°0 en iter. ruta: 17
[2025-09-30T22:53:39.278923] construccionGRASPParaUnaRuta: Pedido pretendiente para la ruta:  
PedidoParaAlgoritmo{id=1, idAlmacenDestino=17, pedidas=800, entregadas=0, programadas=414, restante=386}
[2025-09-30T22:53:39.278932] capacidadMaxAsignableEnRuta: Este es el primer almacén y es infinito, no lo simularé: AlmacenParaAlgoritmo{id=2, capacidadMaxima=1000000, capacidadOcupada=0, capacidadSinOcupar=1000000, nombrePais=Universal, nombreCiudad=Mega Global Hub, esInfinito=true}
[2025-09-30T22:53:39.278939] construccionGRASPParaUnaRuta: Pedido id=1 no factible, cantidad factible: 0
[2025-09-30T22:53:39.27894] construccionGRASPParaUnaRuta: rclPedidos: esta fue la iteración en rcl de pedidos N°1 en iter. ruta: 17
[2025-09-30T22:53:39.278942] construccionGRASPParaUnaRuta: La lista de vuelos no produjo asignaciones útiles para el pedido de RCL 
-> probando siguiente ruta (lista de vuelos) de la RCL.
[2025-09-30T22:53:39.278943] construccionGRASPParaUnaRuta: esta fue la iteración en rcl de rutas N°17
[2025-09-30T22:53:39.278946] construccionGRASPParaUnaRuta: Ruta seleccionada desde RCl, sus vuelos:
 8
221
273

[2025-09-30T22:53:39.278961] construccionGRASPParaUnaRuta: Pedidos que entraron a la RCL: 
PedidoParaAlgoritmo{id=1, idAlmacenDestino=17, pedidas=800, entregadas=0, programadas=414, restante=386}

[2025-09-30T22:53:39.278963] construccionGRASPParaUnaRuta: Máximo de intentos de pedidos: 2
[2025-09-30T22:53:39.278965] construccionGRASPParaUnaRuta: Pedido pretendiente para la ruta:  
PedidoParaAlgoritmo{id=1, idAlmacenDestino=17, pedidas=800, entregadas=0, programadas=414, restante=386}
[2025-09-30T22:53:39.278974] capacidadMaxAsignableEnRuta: Este es el primer almacén y es infinito, no lo simularé: AlmacenParaAlgoritmo{id=1, capacidadMaxima=1000000, capacidadOcupada=0, capacidadSinOcupar=1000000, nombrePais=Global, nombreCiudad=Global Hub City, esInfinito=true}
[2025-09-30T22:53:39.278985] 
capacidadMaxAsignableEnRuta: Simulación del almDestino en el instante 2025-10-02 12:59:32: AlmacenParaAlgoritmo{id=12, capacidadMaxima=460, capacidadOcupada=0, capacidadSinOcupar=460, nombrePais=Argentina, nombreCiudad=Buenos Aires, esInfinito=false}
[2025-09-30T22:53:39.278988] capacidadMaxAsignableEnRuta: Este es un vuelo intermedio o inicial en ruta:VueloParaAlgoritmo{id=8, inicio=2025-10-02T05:10:11Z, fin=2025-10-02T12:59:32Z, idAlmacenOrigen=1, idAlmacenDestino=12, capacidadMaximaProductos=408, capacidadOcupadaProductos=0, capacidadSinOcupar=408, capacidadSinOcuparCalc=408}
[2025-09-30T22:53:39.278999] capacidadMaxAsignableEnRuta: Simulación del almOrigen en el instante 2025-10-02 15:00:00: AlmacenParaAlgoritmo{id=12, capacidadMaxima=460, capacidadOcupada=0, capacidadSinOcupar=460, nombrePais=Argentina, nombreCiudad=Buenos Aires, esInfinito=false}
[2025-09-30T22:53:39.279006] construccionGRASPParaUnaRuta: Pedido id=1 no factible, cantidad factible: 0
[2025-09-30T22:53:39.279008] construccionGRASPParaUnaRuta: rclPedidos: esta fue la iteración en rcl de pedidos N°0 en iter. ruta: 18
[2025-09-30T22:53:39.279011] construccionGRASPParaUnaRuta: Pedido pretendiente para la ruta:  
PedidoParaAlgoritmo{id=1, idAlmacenDestino=17, pedidas=800, entregadas=0, programadas=414, restante=386}
[2025-09-30T22:53:39.279021] capacidadMaxAsignableEnRuta: Este es el primer almacén y es infinito, no lo simularé: AlmacenParaAlgoritmo{id=1, capacidadMaxima=1000000, capacidadOcupada=0, capacidadSinOcupar=1000000, nombrePais=Global, nombreCiudad=Global Hub City, esInfinito=true}
[2025-09-30T22:53:39.279031] 
capacidadMaxAsignableEnRuta: Simulación del almDestino en el instante 2025-10-02 12:59:32: AlmacenParaAlgoritmo{id=12, capacidadMaxima=460, capacidadOcupada=0, capacidadSinOcupar=460, nombrePais=Argentina, nombreCiudad=Buenos Aires, esInfinito=false}
[2025-09-30T22:53:39.279034] capacidadMaxAsignableEnRuta: Este es un vuelo intermedio o inicial en ruta:VueloParaAlgoritmo{id=8, inicio=2025-10-02T05:10:11Z, fin=2025-10-02T12:59:32Z, idAlmacenOrigen=1, idAlmacenDestino=12, capacidadMaximaProductos=408, capacidadOcupadaProductos=0, capacidadSinOcupar=408, capacidadSinOcuparCalc=408}
[2025-09-30T22:53:39.279043] capacidadMaxAsignableEnRuta: Simulación del almOrigen en el instante 2025-10-02 15:00:00: AlmacenParaAlgoritmo{id=12, capacidadMaxima=460, capacidadOcupada=0, capacidadSinOcupar=460, nombrePais=Argentina, nombreCiudad=Buenos Aires, esInfinito=false}
[2025-09-30T22:53:39.27905] construccionGRASPParaUnaRuta: Pedido id=1 no factible, cantidad factible: 0
[2025-09-30T22:53:39.279052] construccionGRASPParaUnaRuta: rclPedidos: esta fue la iteración en rcl de pedidos N°1 en iter. ruta: 18
[2025-09-30T22:53:39.279053] construccionGRASPParaUnaRuta: La lista de vuelos no produjo asignaciones útiles para el pedido de RCL 
-> probando siguiente ruta (lista de vuelos) de la RCL.
[2025-09-30T22:53:39.279054] construccionGRASPParaUnaRuta: esta fue la iteración en rcl de rutas N°18
[2025-09-30T22:53:39.279057] construccionGRASPParaUnaRuta: Ruta seleccionada desde RCl, sus vuelos:
 55

[2025-09-30T22:53:39.279073] construccionGRASPParaUnaRuta: Pedidos que entraron a la RCL: 
PedidoParaAlgoritmo{id=1, idAlmacenDestino=17, pedidas=800, entregadas=0, programadas=414, restante=386}

[2025-09-30T22:53:39.279075] construccionGRASPParaUnaRuta: Máximo de intentos de pedidos: 2
[2025-09-30T22:53:39.279078] construccionGRASPParaUnaRuta: Pedido pretendiente para la ruta:  
PedidoParaAlgoritmo{id=1, idAlmacenDestino=17, pedidas=800, entregadas=0, programadas=414, restante=386}
[2025-09-30T22:53:39.279085] capacidadMaxAsignableEnRuta: Este es el primer almacén y es infinito, no lo simularé: AlmacenParaAlgoritmo{id=3, capacidadMaxima=1000000, capacidadOcupada=0, capacidadSinOcupar=1000000, nombrePais=Europa, nombreCiudad=Euro Hub, esInfinito=true}
[2025-09-30T22:53:39.279097] 
capacidadMaxAsignableEnRuta: Simulación del almDestino en el instante 2025-10-04 17:00:00: AlmacenParaAlgoritmo{id=17, capacidadMaxima=440, capacidadOcupada=27, capacidadSinOcupar=413, nombrePais=Bélgica, nombreCiudad=Bruselas, esInfinito=false}
[2025-09-30T22:53:39.2791] capacidadMaxAsignableEnRuta: Encontré al último vuelo de ruta: VueloParaAlgoritmo{id=55, inicio=2025-10-04T10:00:00Z, fin=2025-10-04T17:00:00Z, idAlmacenOrigen=3, idAlmacenDestino=17, capacidadMaximaProductos=453, capacidadOcupadaProductos=0, capacidadSinOcupar=453, capacidadSinOcuparCalc=453}
[2025-09-30T22:53:39.279102] minimaCapacidadVuelos 453
[2025-09-30T22:53:39.279108] minDispAlmacenes 413
[2025-09-30T22:53:39.27912] Simulación del almacén destino hasta siguiente inicio: AlmacenParaAlgoritmo{id=17, capacidadMaxima=440, capacidadOcupada=440, capacidadSinOcupar=0, nombrePais=Bélgica, nombreCiudad=Bruselas, esInfinito=false}=413
[2025-09-30T22:53:39.279122] El almacén colapsaría con una diferencia de: 413
[2025-09-30T22:53:39.279123] maxDiferenciaColapso 413
[2025-09-30T22:53:39.279125] Asignable final: -27
[2025-09-30T22:53:39.279127] construccionGRASPParaUnaRuta: Pedido id=1 no factible, cantidad factible: 0
[2025-09-30T22:53:39.279128] construccionGRASPParaUnaRuta: rclPedidos: esta fue la iteración en rcl de pedidos N°0 en iter. ruta: 19
[2025-09-30T22:53:39.279132] construccionGRASPParaUnaRuta: Pedido pretendiente para la ruta:  
PedidoParaAlgoritmo{id=1, idAlmacenDestino=17, pedidas=800, entregadas=0, programadas=414, restante=386}
[2025-09-30T22:53:39.279142] capacidadMaxAsignableEnRuta: Este es el primer almacén y es infinito, no lo simularé: AlmacenParaAlgoritmo{id=3, capacidadMaxima=1000000, capacidadOcupada=0, capacidadSinOcupar=1000000, nombrePais=Europa, nombreCiudad=Euro Hub, esInfinito=true}
[2025-09-30T22:53:39.279162] 
capacidadMaxAsignableEnRuta: Simulación del almDestino en el instante 2025-10-04 17:00:00: AlmacenParaAlgoritmo{id=17, capacidadMaxima=440, capacidadOcupada=27, capacidadSinOcupar=413, nombrePais=Bélgica, nombreCiudad=Bruselas, esInfinito=false}
[2025-09-30T22:53:39.279166] capacidadMaxAsignableEnRuta: Encontré al último vuelo de ruta: VueloParaAlgoritmo{id=55, inicio=2025-10-04T10:00:00Z, fin=2025-10-04T17:00:00Z, idAlmacenOrigen=3, idAlmacenDestino=17, capacidadMaximaProductos=453, capacidadOcupadaProductos=0, capacidadSinOcupar=453, capacidadSinOcuparCalc=453}
[2025-09-30T22:53:39.279167] minimaCapacidadVuelos 453
[2025-09-30T22:53:39.279172] minDispAlmacenes 413
[2025-09-30T22:53:39.279181] Simulación del almacén destino hasta siguiente inicio: AlmacenParaAlgoritmo{id=17, capacidadMaxima=440, capacidadOcupada=440, capacidadSinOcupar=0, nombrePais=Bélgica, nombreCiudad=Bruselas, esInfinito=false}=413
[2025-09-30T22:53:39.279183] El almacén colapsaría con una diferencia de: 413
[2025-09-30T22:53:39.279185] maxDiferenciaColapso 413
[2025-09-30T22:53:39.279186] Asignable final: -27
[2025-09-30T22:53:39.279188] construccionGRASPParaUnaRuta: Pedido id=1 no factible, cantidad factible: 0
[2025-09-30T22:53:39.279189] construccionGRASPParaUnaRuta: rclPedidos: esta fue la iteración en rcl de pedidos N°1 en iter. ruta: 19
[2025-09-30T22:53:39.279191] construccionGRASPParaUnaRuta: La lista de vuelos no produjo asignaciones útiles para el pedido de RCL 
-> probando siguiente ruta (lista de vuelos) de la RCL.
[2025-09-30T22:53:39.279192] construccionGRASPParaUnaRuta: esta fue la iteración en rcl de rutas N°19
[2025-09-30T22:53:39.279196] construccionGRASPParaUnaRuta: Ruta seleccionada desde RCl, sus vuelos:
 187
96

[2025-09-30T22:53:39.279215] construccionGRASPParaUnaRuta: Pedidos que entraron a la RCL: 
PedidoParaAlgoritmo{id=1, idAlmacenDestino=17, pedidas=800, entregadas=0, programadas=414, restante=386}

[2025-09-30T22:53:39.279216] construccionGRASPParaUnaRuta: Máximo de intentos de pedidos: 2
[2025-09-30T22:53:39.279219] construccionGRASPParaUnaRuta: Pedido pretendiente para la ruta:  
PedidoParaAlgoritmo{id=1, idAlmacenDestino=17, pedidas=800, entregadas=0, programadas=414, restante=386}
[2025-09-30T22:53:39.279229] capacidadMaxAsignableEnRuta: Este es el primer almacén y es infinito, no lo simularé: AlmacenParaAlgoritmo{id=3, capacidadMaxima=1000000, capacidadOcupada=0, capacidadSinOcupar=1000000, nombrePais=Europa, nombreCiudad=Euro Hub, esInfinito=true}
[2025-09-30T22:53:39.279236] construccionGRASPParaUnaRuta: Pedido id=1 no factible, cantidad factible: 0
[2025-09-30T22:53:39.279238] construccionGRASPParaUnaRuta: rclPedidos: esta fue la iteración en rcl de pedidos N°0 en iter. ruta: 20
[2025-09-30T22:53:39.279241] construccionGRASPParaUnaRuta: Pedido pretendiente para la ruta:  
PedidoParaAlgoritmo{id=1, idAlmacenDestino=17, pedidas=800, entregadas=0, programadas=414, restante=386}
[2025-09-30T22:53:39.27925] capacidadMaxAsignableEnRuta: Este es el primer almacén y es infinito, no lo simularé: AlmacenParaAlgoritmo{id=3, capacidadMaxima=1000000, capacidadOcupada=0, capacidadSinOcupar=1000000, nombrePais=Europa, nombreCiudad=Euro Hub, esInfinito=true}
[2025-09-30T22:53:39.279257] construccionGRASPParaUnaRuta: Pedido id=1 no factible, cantidad factible: 0
[2025-09-30T22:53:39.279259] construccionGRASPParaUnaRuta: rclPedidos: esta fue la iteración en rcl de pedidos N°1 en iter. ruta: 20
[2025-09-30T22:53:39.27926] construccionGRASPParaUnaRuta: La lista de vuelos no produjo asignaciones útiles para el pedido de RCL 
-> probando siguiente ruta (lista de vuelos) de la RCL.
[2025-09-30T22:53:39.279261] construccionGRASPParaUnaRuta: esta fue la iteración en rcl de rutas N°20
[2025-09-30T22:53:39.279265] construccionGRASPParaUnaRuta: Ruta seleccionada desde RCl, sus vuelos:
 17
96

[2025-09-30T22:53:39.279282] construccionGRASPParaUnaRuta: Pedidos que entraron a la RCL: 
PedidoParaAlgoritmo{id=1, idAlmacenDestino=17, pedidas=800, entregadas=0, programadas=414, restante=386}

[2025-09-30T22:53:39.279283] construccionGRASPParaUnaRuta: Máximo de intentos de pedidos: 2
[2025-09-30T22:53:39.279287] construccionGRASPParaUnaRuta: Pedido pretendiente para la ruta:  
PedidoParaAlgoritmo{id=1, idAlmacenDestino=17, pedidas=800, entregadas=0, programadas=414, restante=386}
[2025-09-30T22:53:39.279297] capacidadMaxAsignableEnRuta: Este es el primer almacén y es infinito, no lo simularé: AlmacenParaAlgoritmo{id=1, capacidadMaxima=1000000, capacidadOcupada=0, capacidadSinOcupar=1000000, nombrePais=Global, nombreCiudad=Global Hub City, esInfinito=true}
[2025-09-30T22:53:39.279304] construccionGRASPParaUnaRuta: Pedido id=1 no factible, cantidad factible: 0
[2025-09-30T22:53:39.279306] construccionGRASPParaUnaRuta: rclPedidos: esta fue la iteración en rcl de pedidos N°0 en iter. ruta: 21
[2025-09-30T22:53:39.279309] construccionGRASPParaUnaRuta: Pedido pretendiente para la ruta:  
PedidoParaAlgoritmo{id=1, idAlmacenDestino=17, pedidas=800, entregadas=0, programadas=414, restante=386}
[2025-09-30T22:53:39.279316] capacidadMaxAsignableEnRuta: Este es el primer almacén y es infinito, no lo simularé: AlmacenParaAlgoritmo{id=1, capacidadMaxima=1000000, capacidadOcupada=0, capacidadSinOcupar=1000000, nombrePais=Global, nombreCiudad=Global Hub City, esInfinito=true}
[2025-09-30T22:53:39.279323] construccionGRASPParaUnaRuta: Pedido id=1 no factible, cantidad factible: 0
[2025-09-30T22:53:39.279324] construccionGRASPParaUnaRuta: rclPedidos: esta fue la iteración en rcl de pedidos N°1 en iter. ruta: 21
[2025-09-30T22:53:39.279326] construccionGRASPParaUnaRuta: La lista de vuelos no produjo asignaciones útiles para el pedido de RCL 
-> probando siguiente ruta (lista de vuelos) de la RCL.
[2025-09-30T22:53:39.279327] construccionGRASPParaUnaRuta: esta fue la iteración en rcl de rutas N°21
[2025-09-30T22:53:39.27933] construccionGRASPParaUnaRuta: Ruta seleccionada desde RCl, sus vuelos:
 174
231
273

[2025-09-30T22:53:39.279344] construccionGRASPParaUnaRuta: Pedidos que entraron a la RCL: 
PedidoParaAlgoritmo{id=1, idAlmacenDestino=17, pedidas=800, entregadas=0, programadas=414, restante=386}

[2025-09-30T22:53:39.279346] construccionGRASPParaUnaRuta: Máximo de intentos de pedidos: 2
[2025-09-30T22:53:39.279348] construccionGRASPParaUnaRuta: Pedido pretendiente para la ruta:  
PedidoParaAlgoritmo{id=1, idAlmacenDestino=17, pedidas=800, entregadas=0, programadas=414, restante=386}
[2025-09-30T22:53:39.279357] capacidadMaxAsignableEnRuta: Este es el primer almacén y es infinito, no lo simularé: AlmacenParaAlgoritmo{id=2, capacidadMaxima=1000000, capacidadOcupada=0, capacidadSinOcupar=1000000, nombrePais=Universal, nombreCiudad=Mega Global Hub, esInfinito=true}
[2025-09-30T22:53:39.279368] 
capacidadMaxAsignableEnRuta: Simulación del almDestino en el instante 2025-10-02 10:00:00: AlmacenParaAlgoritmo{id=5, capacidadMaxima=430, capacidadOcupada=0, capacidadSinOcupar=430, nombrePais=Colombia, nombreCiudad=Bogotá, esInfinito=false}
[2025-09-30T22:53:39.279371] capacidadMaxAsignableEnRuta: Este es un vuelo intermedio o inicial en ruta:VueloParaAlgoritmo{id=174, inicio=2025-10-02T06:00:00Z, fin=2025-10-02T10:00:00Z, idAlmacenOrigen=2, idAlmacenDestino=5, capacidadMaximaProductos=520, capacidadOcupadaProductos=0, capacidadSinOcupar=520, capacidadSinOcuparCalc=520}
[2025-09-30T22:53:39.279383] capacidadMaxAsignableEnRuta: Simulación del almOrigen en el instante 2025-10-02 13:00:00: AlmacenParaAlgoritmo{id=5, capacidadMaxima=430, capacidadOcupada=0, capacidadSinOcupar=430, nombrePais=Colombia, nombreCiudad=Bogotá, esInfinito=false}
[2025-09-30T22:53:39.27939] construccionGRASPParaUnaRuta: Pedido id=1 no factible, cantidad factible: 0
[2025-09-30T22:53:39.279392] construccionGRASPParaUnaRuta: rclPedidos: esta fue la iteración en rcl de pedidos N°0 en iter. ruta: 22
[2025-09-30T22:53:39.279395] construccionGRASPParaUnaRuta: Pedido pretendiente para la ruta:  
PedidoParaAlgoritmo{id=1, idAlmacenDestino=17, pedidas=800, entregadas=0, programadas=414, restante=386}
[2025-09-30T22:53:39.279404] capacidadMaxAsignableEnRuta: Este es el primer almacén y es infinito, no lo simularé: AlmacenParaAlgoritmo{id=2, capacidadMaxima=1000000, capacidadOcupada=0, capacidadSinOcupar=1000000, nombrePais=Universal, nombreCiudad=Mega Global Hub, esInfinito=true}
[2025-09-30T22:53:39.279414] 
capacidadMaxAsignableEnRuta: Simulación del almDestino en el instante 2025-10-02 10:00:00: AlmacenParaAlgoritmo{id=5, capacidadMaxima=430, capacidadOcupada=0, capacidadSinOcupar=430, nombrePais=Colombia, nombreCiudad=Bogotá, esInfinito=false}
[2025-09-30T22:53:39.279416] capacidadMaxAsignableEnRuta: Este es un vuelo intermedio o inicial en ruta:VueloParaAlgoritmo{id=174, inicio=2025-10-02T06:00:00Z, fin=2025-10-02T10:00:00Z, idAlmacenOrigen=2, idAlmacenDestino=5, capacidadMaximaProductos=520, capacidadOcupadaProductos=0, capacidadSinOcupar=520, capacidadSinOcuparCalc=520}
[2025-09-30T22:53:39.279426] capacidadMaxAsignableEnRuta: Simulación del almOrigen en el instante 2025-10-02 13:00:00: AlmacenParaAlgoritmo{id=5, capacidadMaxima=430, capacidadOcupada=0, capacidadSinOcupar=430, nombrePais=Colombia, nombreCiudad=Bogotá, esInfinito=false}
[2025-09-30T22:53:39.279433] construccionGRASPParaUnaRuta: Pedido id=1 no factible, cantidad factible: 0
[2025-09-30T22:53:39.279435] construccionGRASPParaUnaRuta: rclPedidos: esta fue la iteración en rcl de pedidos N°1 en iter. ruta: 22
[2025-09-30T22:53:39.279436] construccionGRASPParaUnaRuta: La lista de vuelos no produjo asignaciones útiles para el pedido de RCL 
-> probando siguiente ruta (lista de vuelos) de la RCL.
[2025-09-30T22:53:39.279437] construccionGRASPParaUnaRuta: esta fue la iteración en rcl de rutas N°22
[2025-09-30T22:53:39.279441] construccionGRASPParaUnaRuta: Ruta seleccionada desde RCl, sus vuelos:
 17
136

[2025-09-30T22:53:39.279457] construccionGRASPParaUnaRuta: Pedidos que entraron a la RCL: 
PedidoParaAlgoritmo{id=1, idAlmacenDestino=17, pedidas=800, entregadas=0, programadas=414, restante=386}

[2025-09-30T22:53:39.279459] construccionGRASPParaUnaRuta: Máximo de intentos de pedidos: 2
[2025-09-30T22:53:39.279462] construccionGRASPParaUnaRuta: Pedido pretendiente para la ruta:  
PedidoParaAlgoritmo{id=1, idAlmacenDestino=17, pedidas=800, entregadas=0, programadas=414, restante=386}
[2025-09-30T22:53:39.27947] capacidadMaxAsignableEnRuta: Este es el primer almacén y es infinito, no lo simularé: AlmacenParaAlgoritmo{id=1, capacidadMaxima=1000000, capacidadOcupada=0, capacidadSinOcupar=1000000, nombrePais=Global, nombreCiudad=Global Hub City, esInfinito=true}
[2025-09-30T22:53:39.279477] construccionGRASPParaUnaRuta: Pedido id=1 no factible, cantidad factible: 0
[2025-09-30T22:53:39.279478] construccionGRASPParaUnaRuta: rclPedidos: esta fue la iteración en rcl de pedidos N°0 en iter. ruta: 23
[2025-09-30T22:53:39.279481] construccionGRASPParaUnaRuta: Pedido pretendiente para la ruta:  
PedidoParaAlgoritmo{id=1, idAlmacenDestino=17, pedidas=800, entregadas=0, programadas=414, restante=386}
[2025-09-30T22:53:39.279488] capacidadMaxAsignableEnRuta: Este es el primer almacén y es infinito, no lo simularé: AlmacenParaAlgoritmo{id=1, capacidadMaxima=1000000, capacidadOcupada=0, capacidadSinOcupar=1000000, nombrePais=Global, nombreCiudad=Global Hub City, esInfinito=true}
[2025-09-30T22:53:39.279494] construccionGRASPParaUnaRuta: Pedido id=1 no factible, cantidad factible: 0
[2025-09-30T22:53:39.279496] construccionGRASPParaUnaRuta: rclPedidos: esta fue la iteración en rcl de pedidos N°1 en iter. ruta: 23
[2025-09-30T22:53:39.279497] construccionGRASPParaUnaRuta: La lista de vuelos no produjo asignaciones útiles para el pedido de RCL 
-> probando siguiente ruta (lista de vuelos) de la RCL.
[2025-09-30T22:53:39.279498] construccionGRASPParaUnaRuta: esta fue la iteración en rcl de rutas N°23
[2025-09-30T22:53:39.279502] construccionGRASPParaUnaRuta: Ruta seleccionada desde RCl, sus vuelos:
 164
231
273

[2025-09-30T22:53:39.279517] construccionGRASPParaUnaRuta: Pedidos que entraron a la RCL: 
PedidoParaAlgoritmo{id=1, idAlmacenDestino=17, pedidas=800, entregadas=0, programadas=414, restante=386}

[2025-09-30T22:53:39.279518] construccionGRASPParaUnaRuta: Máximo de intentos de pedidos: 2
[2025-09-30T22:53:39.279521] construccionGRASPParaUnaRuta: Pedido pretendiente para la ruta:  
PedidoParaAlgoritmo{id=1, idAlmacenDestino=17, pedidas=800, entregadas=0, programadas=414, restante=386}
[2025-09-30T22:53:39.279528] capacidadMaxAsignableEnRuta: Este es el primer almacén y es infinito, no lo simularé: AlmacenParaAlgoritmo{id=1, capacidadMaxima=1000000, capacidadOcupada=0, capacidadSinOcupar=1000000, nombrePais=Global, nombreCiudad=Global Hub City, esInfinito=true}
[2025-09-30T22:53:39.279539] 
capacidadMaxAsignableEnRuta: Simulación del almDestino en el instante 2025-10-02 08:00:00: AlmacenParaAlgoritmo{id=5, capacidadMaxima=430, capacidadOcupada=0, capacidadSinOcupar=430, nombrePais=Colombia, nombreCiudad=Bogotá, esInfinito=false}
[2025-09-30T22:53:39.279542] capacidadMaxAsignableEnRuta: Este es un vuelo intermedio o inicial en ruta:VueloParaAlgoritmo{id=164, inicio=2025-10-02T06:00:00Z, fin=2025-10-02T08:00:00Z, idAlmacenOrigen=1, idAlmacenDestino=5, capacidadMaximaProductos=520, capacidadOcupadaProductos=0, capacidadSinOcupar=520, capacidadSinOcuparCalc=520}
[2025-09-30T22:53:39.279552] capacidadMaxAsignableEnRuta: Simulación del almOrigen en el instante 2025-10-02 13:00:00: AlmacenParaAlgoritmo{id=5, capacidadMaxima=430, capacidadOcupada=0, capacidadSinOcupar=430, nombrePais=Colombia, nombreCiudad=Bogotá, esInfinito=false}
[2025-09-30T22:53:39.279559] construccionGRASPParaUnaRuta: Pedido id=1 no factible, cantidad factible: 0
[2025-09-30T22:53:39.279561] construccionGRASPParaUnaRuta: rclPedidos: esta fue la iteración en rcl de pedidos N°0 en iter. ruta: 24
[2025-09-30T22:53:39.279565] construccionGRASPParaUnaRuta: Pedido pretendiente para la ruta:  
PedidoParaAlgoritmo{id=1, idAlmacenDestino=17, pedidas=800, entregadas=0, programadas=414, restante=386}
[2025-09-30T22:53:39.279572] capacidadMaxAsignableEnRuta: Este es el primer almacén y es infinito, no lo simularé: AlmacenParaAlgoritmo{id=1, capacidadMaxima=1000000, capacidadOcupada=0, capacidadSinOcupar=1000000, nombrePais=Global, nombreCiudad=Global Hub City, esInfinito=true}
[2025-09-30T22:53:39.279581] 
capacidadMaxAsignableEnRuta: Simulación del almDestino en el instante 2025-10-02 08:00:00: AlmacenParaAlgoritmo{id=5, capacidadMaxima=430, capacidadOcupada=0, capacidadSinOcupar=430, nombrePais=Colombia, nombreCiudad=Bogotá, esInfinito=false}
[2025-09-30T22:53:39.279592] capacidadMaxAsignableEnRuta: Este es un vuelo intermedio o inicial en ruta:VueloParaAlgoritmo{id=164, inicio=2025-10-02T06:00:00Z, fin=2025-10-02T08:00:00Z, idAlmacenOrigen=1, idAlmacenDestino=5, capacidadMaximaProductos=520, capacidadOcupadaProductos=0, capacidadSinOcupar=520, capacidadSinOcuparCalc=520}
[2025-09-30T22:53:39.279635] capacidadMaxAsignableEnRuta: Simulación del almOrigen en el instante 2025-10-02 13:00:00: AlmacenParaAlgoritmo{id=5, capacidadMaxima=430, capacidadOcupada=0, capacidadSinOcupar=430, nombrePais=Colombia, nombreCiudad=Bogotá, esInfinito=false}
[2025-09-30T22:53:39.279642] construccionGRASPParaUnaRuta: Pedido id=1 no factible, cantidad factible: 0
[2025-09-30T22:53:39.279643] construccionGRASPParaUnaRuta: rclPedidos: esta fue la iteración en rcl de pedidos N°1 en iter. ruta: 24
[2025-09-30T22:53:39.279645] construccionGRASPParaUnaRuta: La lista de vuelos no produjo asignaciones útiles para el pedido de RCL 
-> probando siguiente ruta (lista de vuelos) de la RCL.
[2025-09-30T22:53:39.279646] construccionGRASPParaUnaRuta: esta fue la iteración en rcl de rutas N°24
[2025-09-30T22:53:39.279649] construccionGRASPParaUnaRuta: Ruta seleccionada desde RCl, sus vuelos:
 17
136

[2025-09-30T22:53:39.279664] construccionGRASPParaUnaRuta: Pedidos que entraron a la RCL: 
PedidoParaAlgoritmo{id=1, idAlmacenDestino=17, pedidas=800, entregadas=0, programadas=414, restante=386}

[2025-09-30T22:53:39.279666] construccionGRASPParaUnaRuta: Máximo de intentos de pedidos: 2
[2025-09-30T22:53:39.279668] construccionGRASPParaUnaRuta: Pedido pretendiente para la ruta:  
PedidoParaAlgoritmo{id=1, idAlmacenDestino=17, pedidas=800, entregadas=0, programadas=414, restante=386}
[2025-09-30T22:53:39.279676] capacidadMaxAsignableEnRuta: Este es el primer almacén y es infinito, no lo simularé: AlmacenParaAlgoritmo{id=1, capacidadMaxima=1000000, capacidadOcupada=0, capacidadSinOcupar=1000000, nombrePais=Global, nombreCiudad=Global Hub City, esInfinito=true}
[2025-09-30T22:53:39.279683] construccionGRASPParaUnaRuta: Pedido id=1 no factible, cantidad factible: 0
[2025-09-30T22:53:39.279685] construccionGRASPParaUnaRuta: rclPedidos: esta fue la iteración en rcl de pedidos N°0 en iter. ruta: 25
[2025-09-30T22:53:39.279687] construccionGRASPParaUnaRuta: Pedido pretendiente para la ruta:  
PedidoParaAlgoritmo{id=1, idAlmacenDestino=17, pedidas=800, entregadas=0, programadas=414, restante=386}
[2025-09-30T22:53:39.279695] capacidadMaxAsignableEnRuta: Este es el primer almacén y es infinito, no lo simularé: AlmacenParaAlgoritmo{id=1, capacidadMaxima=1000000, capacidadOcupada=0, capacidadSinOcupar=1000000, nombrePais=Global, nombreCiudad=Global Hub City, esInfinito=true}
[2025-09-30T22:53:39.279701] construccionGRASPParaUnaRuta: Pedido id=1 no factible, cantidad factible: 0
[2025-09-30T22:53:39.279702] construccionGRASPParaUnaRuta: rclPedidos: esta fue la iteración en rcl de pedidos N°1 en iter. ruta: 25
[2025-09-30T22:53:39.279703] construccionGRASPParaUnaRuta: La lista de vuelos no produjo asignaciones útiles para el pedido de RCL 
-> probando siguiente ruta (lista de vuelos) de la RCL.
[2025-09-30T22:53:39.279704] construccionGRASPParaUnaRuta: esta fue la iteración en rcl de rutas N°25
[2025-09-30T22:53:39.279707] construccionGRASPParaUnaRuta: Ruta seleccionada desde RCl, sus vuelos:
 187
136

[2025-09-30T22:53:39.279722] construccionGRASPParaUnaRuta: Pedidos que entraron a la RCL: 
PedidoParaAlgoritmo{id=1, idAlmacenDestino=17, pedidas=800, entregadas=0, programadas=414, restante=386}

[2025-09-30T22:53:39.279723] construccionGRASPParaUnaRuta: Máximo de intentos de pedidos: 2
[2025-09-30T22:53:39.279725] construccionGRASPParaUnaRuta: Pedido pretendiente para la ruta:  
PedidoParaAlgoritmo{id=1, idAlmacenDestino=17, pedidas=800, entregadas=0, programadas=414, restante=386}
[2025-09-30T22:53:39.279733] capacidadMaxAsignableEnRuta: Este es el primer almacén y es infinito, no lo simularé: AlmacenParaAlgoritmo{id=3, capacidadMaxima=1000000, capacidadOcupada=0, capacidadSinOcupar=1000000, nombrePais=Europa, nombreCiudad=Euro Hub, esInfinito=true}
[2025-09-30T22:53:39.279739] construccionGRASPParaUnaRuta: Pedido id=1 no factible, cantidad factible: 0
[2025-09-30T22:53:39.279741] construccionGRASPParaUnaRuta: rclPedidos: esta fue la iteración en rcl de pedidos N°0 en iter. ruta: 26
[2025-09-30T22:53:39.279743] construccionGRASPParaUnaRuta: Pedido pretendiente para la ruta:  
PedidoParaAlgoritmo{id=1, idAlmacenDestino=17, pedidas=800, entregadas=0, programadas=414, restante=386}
[2025-09-30T22:53:39.27975] capacidadMaxAsignableEnRuta: Este es el primer almacén y es infinito, no lo simularé: AlmacenParaAlgoritmo{id=3, capacidadMaxima=1000000, capacidadOcupada=0, capacidadSinOcupar=1000000, nombrePais=Europa, nombreCiudad=Euro Hub, esInfinito=true}
[2025-09-30T22:53:39.279756] construccionGRASPParaUnaRuta: Pedido id=1 no factible, cantidad factible: 0
[2025-09-30T22:53:39.279758] construccionGRASPParaUnaRuta: rclPedidos: esta fue la iteración en rcl de pedidos N°1 en iter. ruta: 26
[2025-09-30T22:53:39.279759] construccionGRASPParaUnaRuta: La lista de vuelos no produjo asignaciones útiles para el pedido de RCL 
-> probando siguiente ruta (lista de vuelos) de la RCL.
[2025-09-30T22:53:39.27976] construccionGRASPParaUnaRuta: esta fue la iteración en rcl de rutas N°26
[2025-09-30T22:53:39.279762] construccionGRASPParaUnaRuta: Ruta seleccionada desde RCl, sus vuelos:
 13

[2025-09-30T22:53:39.279777] construccionGRASPParaUnaRuta: Pedidos que entraron a la RCL: 
PedidoParaAlgoritmo{id=1, idAlmacenDestino=17, pedidas=800, entregadas=0, programadas=414, restante=386}

[2025-09-30T22:53:39.279778] construccionGRASPParaUnaRuta: Máximo de intentos de pedidos: 2
[2025-09-30T22:53:39.279781] construccionGRASPParaUnaRuta: Pedido pretendiente para la ruta:  
PedidoParaAlgoritmo{id=1, idAlmacenDestino=17, pedidas=800, entregadas=0, programadas=414, restante=386}
[2025-09-30T22:53:39.27979] capacidadMaxAsignableEnRuta: Este es el primer almacén y es infinito, no lo simularé: AlmacenParaAlgoritmo{id=1, capacidadMaxima=1000000, capacidadOcupada=0, capacidadSinOcupar=1000000, nombrePais=Global, nombreCiudad=Global Hub City, esInfinito=true}
[2025-09-30T22:53:39.279798] construccionGRASPParaUnaRuta: Pedido id=1 no factible, cantidad factible: 0
[2025-09-30T22:53:39.279799] construccionGRASPParaUnaRuta: rclPedidos: esta fue la iteración en rcl de pedidos N°0 en iter. ruta: 27
[2025-09-30T22:53:39.279802] construccionGRASPParaUnaRuta: Pedido pretendiente para la ruta:  
PedidoParaAlgoritmo{id=1, idAlmacenDestino=17, pedidas=800, entregadas=0, programadas=414, restante=386}
[2025-09-30T22:53:39.279809] capacidadMaxAsignableEnRuta: Este es el primer almacén y es infinito, no lo simularé: AlmacenParaAlgoritmo{id=1, capacidadMaxima=1000000, capacidadOcupada=0, capacidadSinOcupar=1000000, nombrePais=Global, nombreCiudad=Global Hub City, esInfinito=true}
[2025-09-30T22:53:39.279817] construccionGRASPParaUnaRuta: Pedido id=1 no factible, cantidad factible: 0
[2025-09-30T22:53:39.279818] construccionGRASPParaUnaRuta: rclPedidos: esta fue la iteración en rcl de pedidos N°1 en iter. ruta: 27
[2025-09-30T22:53:39.279819] construccionGRASPParaUnaRuta: La lista de vuelos no produjo asignaciones útiles para el pedido de RCL 
-> probando siguiente ruta (lista de vuelos) de la RCL.
[2025-09-30T22:53:39.27982] construccionGRASPParaUnaRuta: esta fue la iteración en rcl de rutas N°27
[2025-09-30T22:53:39.279823] construccionGRASPParaUnaRuta: Ruta seleccionada desde RCl, sus vuelos:
 169
221
273

[2025-09-30T22:53:39.279844] construccionGRASPParaUnaRuta: Pedidos que entraron a la RCL: 
PedidoParaAlgoritmo{id=1, idAlmacenDestino=17, pedidas=800, entregadas=0, programadas=414, restante=386}

[2025-09-30T22:53:39.279845] construccionGRASPParaUnaRuta: Máximo de intentos de pedidos: 2
[2025-09-30T22:53:39.279848] construccionGRASPParaUnaRuta: Pedido pretendiente para la ruta:  
PedidoParaAlgoritmo{id=1, idAlmacenDestino=17, pedidas=800, entregadas=0, programadas=414, restante=386}
[2025-09-30T22:53:39.279856] capacidadMaxAsignableEnRuta: Este es el primer almacén y es infinito, no lo simularé: AlmacenParaAlgoritmo{id=1, capacidadMaxima=1000000, capacidadOcupada=0, capacidadSinOcupar=1000000, nombrePais=Global, nombreCiudad=Global Hub City, esInfinito=true}
[2025-09-30T22:53:39.27987] 
capacidadMaxAsignableEnRuta: Simulación del almDestino en el instante 2025-10-02 14:00:00: AlmacenParaAlgoritmo{id=12, capacidadMaxima=460, capacidadOcupada=0, capacidadSinOcupar=460, nombrePais=Argentina, nombreCiudad=Buenos Aires, esInfinito=false}
[2025-09-30T22:53:39.279872] capacidadMaxAsignableEnRuta: Este es un vuelo intermedio o inicial en ruta:VueloParaAlgoritmo{id=169, inicio=2025-10-02T11:00:00Z, fin=2025-10-02T14:00:00Z, idAlmacenOrigen=1, idAlmacenDestino=12, capacidadMaximaProductos=580, capacidadOcupadaProductos=0, capacidadSinOcupar=580, capacidadSinOcuparCalc=580}
[2025-09-30T22:53:39.279883] capacidadMaxAsignableEnRuta: Simulación del almOrigen en el instante 2025-10-02 15:00:00: AlmacenParaAlgoritmo{id=12, capacidadMaxima=460, capacidadOcupada=0, capacidadSinOcupar=460, nombrePais=Argentina, nombreCiudad=Buenos Aires, esInfinito=false}
[2025-09-30T22:53:39.279889] construccionGRASPParaUnaRuta: Pedido id=1 no factible, cantidad factible: 0
[2025-09-30T22:53:39.279891] construccionGRASPParaUnaRuta: rclPedidos: esta fue la iteración en rcl de pedidos N°0 en iter. ruta: 28
[2025-09-30T22:53:39.279894] construccionGRASPParaUnaRuta: Pedido pretendiente para la ruta:  
PedidoParaAlgoritmo{id=1, idAlmacenDestino=17, pedidas=800, entregadas=0, programadas=414, restante=386}
[2025-09-30T22:53:39.279902] capacidadMaxAsignableEnRuta: Este es el primer almacén y es infinito, no lo simularé: AlmacenParaAlgoritmo{id=1, capacidadMaxima=1000000, capacidadOcupada=0, capacidadSinOcupar=1000000, nombrePais=Global, nombreCiudad=Global Hub City, esInfinito=true}
[2025-09-30T22:53:39.279911] 
capacidadMaxAsignableEnRuta: Simulación del almDestino en el instante 2025-10-02 14:00:00: AlmacenParaAlgoritmo{id=12, capacidadMaxima=460, capacidadOcupada=0, capacidadSinOcupar=460, nombrePais=Argentina, nombreCiudad=Buenos Aires, esInfinito=false}
[2025-09-30T22:53:39.279913] capacidadMaxAsignableEnRuta: Este es un vuelo intermedio o inicial en ruta:VueloParaAlgoritmo{id=169, inicio=2025-10-02T11:00:00Z, fin=2025-10-02T14:00:00Z, idAlmacenOrigen=1, idAlmacenDestino=12, capacidadMaximaProductos=580, capacidadOcupadaProductos=0, capacidadSinOcupar=580, capacidadSinOcuparCalc=580}
[2025-09-30T22:53:39.279921] capacidadMaxAsignableEnRuta: Simulación del almOrigen en el instante 2025-10-02 15:00:00: AlmacenParaAlgoritmo{id=12, capacidadMaxima=460, capacidadOcupada=0, capacidadSinOcupar=460, nombrePais=Argentina, nombreCiudad=Buenos Aires, esInfinito=false}
[2025-09-30T22:53:39.279927] construccionGRASPParaUnaRuta: Pedido id=1 no factible, cantidad factible: 0
[2025-09-30T22:53:39.279929] construccionGRASPParaUnaRuta: rclPedidos: esta fue la iteración en rcl de pedidos N°1 en iter. ruta: 28
[2025-09-30T22:53:39.27993] construccionGRASPParaUnaRuta: La lista de vuelos no produjo asignaciones útiles para el pedido de RCL 
-> probando siguiente ruta (lista de vuelos) de la RCL.
[2025-09-30T22:53:39.279931] construccionGRASPParaUnaRuta: esta fue la iteración en rcl de rutas N°28
[2025-09-30T22:53:39.279934] construccionGRASPParaUnaRuta: Ruta seleccionada desde RCl, sus vuelos:
 185

[2025-09-30T22:53:39.279949] construccionGRASPParaUnaRuta: Pedidos que entraron a la RCL: 
PedidoParaAlgoritmo{id=1, idAlmacenDestino=17, pedidas=800, entregadas=0, programadas=414, restante=386}

[2025-09-30T22:53:39.27995] construccionGRASPParaUnaRuta: Máximo de intentos de pedidos: 2
[2025-09-30T22:53:39.279953] construccionGRASPParaUnaRuta: Pedido pretendiente para la ruta:  
PedidoParaAlgoritmo{id=1, idAlmacenDestino=17, pedidas=800, entregadas=0, programadas=414, restante=386}
[2025-09-30T22:53:39.279961] capacidadMaxAsignableEnRuta: Este es el primer almacén y es infinito, no lo simularé: AlmacenParaAlgoritmo{id=3, capacidadMaxima=1000000, capacidadOcupada=0, capacidadSinOcupar=1000000, nombrePais=Europa, nombreCiudad=Euro Hub, esInfinito=true}
[2025-09-30T22:53:39.279971] 
capacidadMaxAsignableEnRuta: Simulación del almDestino en el instante 2025-10-03 03:00:00: AlmacenParaAlgoritmo{id=17, capacidadMaxima=440, capacidadOcupada=27, capacidadSinOcupar=413, nombrePais=Bélgica, nombreCiudad=Bruselas, esInfinito=false}
[2025-09-30T22:53:39.279974] capacidadMaxAsignableEnRuta: Encontré al último vuelo de ruta: VueloParaAlgoritmo{id=185, inicio=2025-10-02T07:00:00Z, fin=2025-10-03T03:00:00Z, idAlmacenOrigen=3, idAlmacenDestino=17, capacidadMaximaProductos=440, capacidadOcupadaProductos=0, capacidadSinOcupar=440, capacidadSinOcuparCalc=440}
[2025-09-30T22:53:39.279976] minimaCapacidadVuelos 440
[2025-09-30T22:53:39.279982] minDispAlmacenes 413
[2025-09-30T22:53:39.279993] Simulación del almacén destino hasta siguiente inicio: AlmacenParaAlgoritmo{id=17, capacidadMaxima=440, capacidadOcupada=440, capacidadSinOcupar=0, nombrePais=Bélgica, nombreCiudad=Bruselas, esInfinito=false}=413
[2025-09-30T22:53:39.279995] El almacén colapsaría con una diferencia de: 413
[2025-09-30T22:53:39.279996] maxDiferenciaColapso 413
[2025-09-30T22:53:39.279997] Asignable final: -27
[2025-09-30T22:53:39.28] construccionGRASPParaUnaRuta: Pedido id=1 no factible, cantidad factible: 0
[2025-09-30T22:53:39.280002] construccionGRASPParaUnaRuta: rclPedidos: esta fue la iteración en rcl de pedidos N°0 en iter. ruta: 29
[2025-09-30T22:53:39.280005] construccionGRASPParaUnaRuta: Pedido pretendiente para la ruta:  
PedidoParaAlgoritmo{id=1, idAlmacenDestino=17, pedidas=800, entregadas=0, programadas=414, restante=386}
[2025-09-30T22:53:39.280015] capacidadMaxAsignableEnRuta: Este es el primer almacén y es infinito, no lo simularé: AlmacenParaAlgoritmo{id=3, capacidadMaxima=1000000, capacidadOcupada=0, capacidadSinOcupar=1000000, nombrePais=Europa, nombreCiudad=Euro Hub, esInfinito=true}
[2025-09-30T22:53:39.280026] 
capacidadMaxAsignableEnRuta: Simulación del almDestino en el instante 2025-10-03 03:00:00: AlmacenParaAlgoritmo{id=17, capacidadMaxima=440, capacidadOcupada=27, capacidadSinOcupar=413, nombrePais=Bélgica, nombreCiudad=Bruselas, esInfinito=false}
[2025-09-30T22:53:39.280028] capacidadMaxAsignableEnRuta: Encontré al último vuelo de ruta: VueloParaAlgoritmo{id=185, inicio=2025-10-02T07:00:00Z, fin=2025-10-03T03:00:00Z, idAlmacenOrigen=3, idAlmacenDestino=17, capacidadMaximaProductos=440, capacidadOcupadaProductos=0, capacidadSinOcupar=440, capacidadSinOcuparCalc=440}
[2025-09-30T22:53:39.28003] minimaCapacidadVuelos 440
[2025-09-30T22:53:39.280034] minDispAlmacenes 413
[2025-09-30T22:53:39.280043] Simulación del almacén destino hasta siguiente inicio: AlmacenParaAlgoritmo{id=17, capacidadMaxima=440, capacidadOcupada=440, capacidadSinOcupar=0, nombrePais=Bélgica, nombreCiudad=Bruselas, esInfinito=false}=413
[2025-09-30T22:53:39.280045] El almacén colapsaría con una diferencia de: 413
[2025-09-30T22:53:39.280046] maxDiferenciaColapso 413
[2025-09-30T22:53:39.280047] Asignable final: -27
[2025-09-30T22:53:39.280049] construccionGRASPParaUnaRuta: Pedido id=1 no factible, cantidad factible: 0
[2025-09-30T22:53:39.28005] construccionGRASPParaUnaRuta: rclPedidos: esta fue la iteración en rcl de pedidos N°1 en iter. ruta: 29
[2025-09-30T22:53:39.280052] construccionGRASPParaUnaRuta: La lista de vuelos no produjo asignaciones útiles para el pedido de RCL 
-> probando siguiente ruta (lista de vuelos) de la RCL.
[2025-09-30T22:53:39.280053] construccionGRASPParaUnaRuta: esta fue la iteración en rcl de rutas N°29
[2025-09-30T22:53:39.280056] construccionGRASPParaUnaRuta: Ruta seleccionada desde RCl, sus vuelos:
 185

[2025-09-30T22:53:39.280074] construccionGRASPParaUnaRuta: Pedidos que entraron a la RCL: 
PedidoParaAlgoritmo{id=1, idAlmacenDestino=17, pedidas=800, entregadas=0, programadas=414, restante=386}

[2025-09-30T22:53:39.280076] construccionGRASPParaUnaRuta: Máximo de intentos de pedidos: 2
[2025-09-30T22:53:39.280078] construccionGRASPParaUnaRuta: Pedido pretendiente para la ruta:  
PedidoParaAlgoritmo{id=1, idAlmacenDestino=17, pedidas=800, entregadas=0, programadas=414, restante=386}
[2025-09-30T22:53:39.280094] capacidadMaxAsignableEnRuta: Este es el primer almacén y es infinito, no lo simularé: AlmacenParaAlgoritmo{id=3, capacidadMaxima=1000000, capacidadOcupada=0, capacidadSinOcupar=1000000, nombrePais=Europa, nombreCiudad=Euro Hub, esInfinito=true}
[2025-09-30T22:53:39.280104] 
capacidadMaxAsignableEnRuta: Simulación del almDestino en el instante 2025-10-03 03:00:00: AlmacenParaAlgoritmo{id=17, capacidadMaxima=440, capacidadOcupada=27, capacidadSinOcupar=413, nombrePais=Bélgica, nombreCiudad=Bruselas, esInfinito=false}
[2025-09-30T22:53:39.280106] capacidadMaxAsignableEnRuta: Encontré al último vuelo de ruta: VueloParaAlgoritmo{id=185, inicio=2025-10-02T07:00:00Z, fin=2025-10-03T03:00:00Z, idAlmacenOrigen=3, idAlmacenDestino=17, capacidadMaximaProductos=440, capacidadOcupadaProductos=0, capacidadSinOcupar=440, capacidadSinOcuparCalc=440}
[2025-09-30T22:53:39.280107] minimaCapacidadVuelos 440
[2025-09-30T22:53:39.280112] minDispAlmacenes 413
[2025-09-30T22:53:39.280121] Simulación del almacén destino hasta siguiente inicio: AlmacenParaAlgoritmo{id=17, capacidadMaxima=440, capacidadOcupada=440, capacidadSinOcupar=0, nombrePais=Bélgica, nombreCiudad=Bruselas, esInfinito=false}=413
[2025-09-30T22:53:39.280122] El almacén colapsaría con una diferencia de: 413
[2025-09-30T22:53:39.280123] maxDiferenciaColapso 413
[2025-09-30T22:53:39.280124] Asignable final: -27
[2025-09-30T22:53:39.280126] construccionGRASPParaUnaRuta: Pedido id=1 no factible, cantidad factible: 0
[2025-09-30T22:53:39.280127] construccionGRASPParaUnaRuta: rclPedidos: esta fue la iteración en rcl de pedidos N°0 en iter. ruta: 30
[2025-09-30T22:53:39.28013] construccionGRASPParaUnaRuta: Pedido pretendiente para la ruta:  
PedidoParaAlgoritmo{id=1, idAlmacenDestino=17, pedidas=800, entregadas=0, programadas=414, restante=386}
[2025-09-30T22:53:39.280139] capacidadMaxAsignableEnRuta: Este es el primer almacén y es infinito, no lo simularé: AlmacenParaAlgoritmo{id=3, capacidadMaxima=1000000, capacidadOcupada=0, capacidadSinOcupar=1000000, nombrePais=Europa, nombreCiudad=Euro Hub, esInfinito=true}
[2025-09-30T22:53:39.280149] 
capacidadMaxAsignableEnRuta: Simulación del almDestino en el instante 2025-10-03 03:00:00: AlmacenParaAlgoritmo{id=17, capacidadMaxima=440, capacidadOcupada=27, capacidadSinOcupar=413, nombrePais=Bélgica, nombreCiudad=Bruselas, esInfinito=false}
[2025-09-30T22:53:39.280152] capacidadMaxAsignableEnRuta: Encontré al último vuelo de ruta: VueloParaAlgoritmo{id=185, inicio=2025-10-02T07:00:00Z, fin=2025-10-03T03:00:00Z, idAlmacenOrigen=3, idAlmacenDestino=17, capacidadMaximaProductos=440, capacidadOcupadaProductos=0, capacidadSinOcupar=440, capacidadSinOcuparCalc=440}
[2025-09-30T22:53:39.280153] minimaCapacidadVuelos 440
[2025-09-30T22:53:39.28016] minDispAlmacenes 413
[2025-09-30T22:53:39.280169] Simulación del almacén destino hasta siguiente inicio: AlmacenParaAlgoritmo{id=17, capacidadMaxima=440, capacidadOcupada=440, capacidadSinOcupar=0, nombrePais=Bélgica, nombreCiudad=Bruselas, esInfinito=false}=413
[2025-09-30T22:53:39.28017] El almacén colapsaría con una diferencia de: 413
[2025-09-30T22:53:39.280171] maxDiferenciaColapso 413
[2025-09-30T22:53:39.280172] Asignable final: -27
[2025-09-30T22:53:39.280174] construccionGRASPParaUnaRuta: Pedido id=1 no factible, cantidad factible: 0
[2025-09-30T22:53:39.280175] construccionGRASPParaUnaRuta: rclPedidos: esta fue la iteración en rcl de pedidos N°1 en iter. ruta: 30
[2025-09-30T22:53:39.280176] construccionGRASPParaUnaRuta: La lista de vuelos no produjo asignaciones útiles para el pedido de RCL 
-> probando siguiente ruta (lista de vuelos) de la RCL.
[2025-09-30T22:53:39.280177] construccionGRASPParaUnaRuta: esta fue la iteración en rcl de rutas N°30
[2025-09-30T22:53:39.280181] construccionGRASPParaUnaRuta: Ruta seleccionada desde RCl, sus vuelos:
 164
231
273

[2025-09-30T22:53:39.280198] construccionGRASPParaUnaRuta: Pedidos que entraron a la RCL: 
PedidoParaAlgoritmo{id=1, idAlmacenDestino=17, pedidas=800, entregadas=0, programadas=414, restante=386}

[2025-09-30T22:53:39.2802] construccionGRASPParaUnaRuta: Máximo de intentos de pedidos: 2
[2025-09-30T22:53:39.280203] construccionGRASPParaUnaRuta: Pedido pretendiente para la ruta:  
PedidoParaAlgoritmo{id=1, idAlmacenDestino=17, pedidas=800, entregadas=0, programadas=414, restante=386}
[2025-09-30T22:53:39.280213] capacidadMaxAsignableEnRuta: Este es el primer almacén y es infinito, no lo simularé: AlmacenParaAlgoritmo{id=1, capacidadMaxima=1000000, capacidadOcupada=0, capacidadSinOcupar=1000000, nombrePais=Global, nombreCiudad=Global Hub City, esInfinito=true}
[2025-09-30T22:53:39.280224] 
capacidadMaxAsignableEnRuta: Simulación del almDestino en el instante 2025-10-02 08:00:00: AlmacenParaAlgoritmo{id=5, capacidadMaxima=430, capacidadOcupada=0, capacidadSinOcupar=430, nombrePais=Colombia, nombreCiudad=Bogotá, esInfinito=false}
[2025-09-30T22:53:39.280227] capacidadMaxAsignableEnRuta: Este es un vuelo intermedio o inicial en ruta:VueloParaAlgoritmo{id=164, inicio=2025-10-02T06:00:00Z, fin=2025-10-02T08:00:00Z, idAlmacenOrigen=1, idAlmacenDestino=5, capacidadMaximaProductos=520, capacidadOcupadaProductos=0, capacidadSinOcupar=520, capacidadSinOcuparCalc=520}
[2025-09-30T22:53:39.280237] capacidadMaxAsignableEnRuta: Simulación del almOrigen en el instante 2025-10-02 13:00:00: AlmacenParaAlgoritmo{id=5, capacidadMaxima=430, capacidadOcupada=0, capacidadSinOcupar=430, nombrePais=Colombia, nombreCiudad=Bogotá, esInfinito=false}
[2025-09-30T22:53:39.280243] construccionGRASPParaUnaRuta: Pedido id=1 no factible, cantidad factible: 0
[2025-09-30T22:53:39.280245] construccionGRASPParaUnaRuta: rclPedidos: esta fue la iteración en rcl de pedidos N°0 en iter. ruta: 31
[2025-09-30T22:53:39.280248] construccionGRASPParaUnaRuta: Pedido pretendiente para la ruta:  
PedidoParaAlgoritmo{id=1, idAlmacenDestino=17, pedidas=800, entregadas=0, programadas=414, restante=386}
[2025-09-30T22:53:39.280256] capacidadMaxAsignableEnRuta: Este es el primer almacén y es infinito, no lo simularé: AlmacenParaAlgoritmo{id=1, capacidadMaxima=1000000, capacidadOcupada=0, capacidadSinOcupar=1000000, nombrePais=Global, nombreCiudad=Global Hub City, esInfinito=true}
[2025-09-30T22:53:39.280267] 
capacidadMaxAsignableEnRuta: Simulación del almDestino en el instante 2025-10-02 08:00:00: AlmacenParaAlgoritmo{id=5, capacidadMaxima=430, capacidadOcupada=0, capacidadSinOcupar=430, nombrePais=Colombia, nombreCiudad=Bogotá, esInfinito=false}
[2025-09-30T22:53:39.28027] capacidadMaxAsignableEnRuta: Este es un vuelo intermedio o inicial en ruta:VueloParaAlgoritmo{id=164, inicio=2025-10-02T06:00:00Z, fin=2025-10-02T08:00:00Z, idAlmacenOrigen=1, idAlmacenDestino=5, capacidadMaximaProductos=520, capacidadOcupadaProductos=0, capacidadSinOcupar=520, capacidadSinOcuparCalc=520}
[2025-09-30T22:53:39.280279] capacidadMaxAsignableEnRuta: Simulación del almOrigen en el instante 2025-10-02 13:00:00: AlmacenParaAlgoritmo{id=5, capacidadMaxima=430, capacidadOcupada=0, capacidadSinOcupar=430, nombrePais=Colombia, nombreCiudad=Bogotá, esInfinito=false}
[2025-09-30T22:53:39.280285] construccionGRASPParaUnaRuta: Pedido id=1 no factible, cantidad factible: 0
[2025-09-30T22:53:39.280287] construccionGRASPParaUnaRuta: rclPedidos: esta fue la iteración en rcl de pedidos N°1 en iter. ruta: 31
[2025-09-30T22:53:39.280288] construccionGRASPParaUnaRuta: La lista de vuelos no produjo asignaciones útiles para el pedido de RCL 
-> probando siguiente ruta (lista de vuelos) de la RCL.
[2025-09-30T22:53:39.280289] construccionGRASPParaUnaRuta: esta fue la iteración en rcl de rutas N°31
[2025-09-30T22:53:39.280292] construccionGRASPParaUnaRuta: Ruta seleccionada desde RCl, sus vuelos:
 17
116

[2025-09-30T22:53:39.280308] construccionGRASPParaUnaRuta: Pedidos que entraron a la RCL: 
PedidoParaAlgoritmo{id=1, idAlmacenDestino=17, pedidas=800, entregadas=0, programadas=414, restante=386}

[2025-09-30T22:53:39.28031] construccionGRASPParaUnaRuta: Máximo de intentos de pedidos: 2
[2025-09-30T22:53:39.280312] construccionGRASPParaUnaRuta: Pedido pretendiente para la ruta:  
PedidoParaAlgoritmo{id=1, idAlmacenDestino=17, pedidas=800, entregadas=0, programadas=414, restante=386}
[2025-09-30T22:53:39.280323] capacidadMaxAsignableEnRuta: Este es el primer almacén y es infinito, no lo simularé: AlmacenParaAlgoritmo{id=1, capacidadMaxima=1000000, capacidadOcupada=0, capacidadSinOcupar=1000000, nombrePais=Global, nombreCiudad=Global Hub City, esInfinito=true}
[2025-09-30T22:53:39.280331] construccionGRASPParaUnaRuta: Pedido id=1 no factible, cantidad factible: 0
[2025-09-30T22:53:39.280332] construccionGRASPParaUnaRuta: rclPedidos: esta fue la iteración en rcl de pedidos N°0 en iter. ruta: 32
[2025-09-30T22:53:39.280335] construccionGRASPParaUnaRuta: Pedido pretendiente para la ruta:  
PedidoParaAlgoritmo{id=1, idAlmacenDestino=17, pedidas=800, entregadas=0, programadas=414, restante=386}
[2025-09-30T22:53:39.280342] capacidadMaxAsignableEnRuta: Este es el primer almacén y es infinito, no lo simularé: AlmacenParaAlgoritmo{id=1, capacidadMaxima=1000000, capacidadOcupada=0, capacidadSinOcupar=1000000, nombrePais=Global, nombreCiudad=Global Hub City, esInfinito=true}
[2025-09-30T22:53:39.280349] construccionGRASPParaUnaRuta: Pedido id=1 no factible, cantidad factible: 0
[2025-09-30T22:53:39.28035] construccionGRASPParaUnaRuta: rclPedidos: esta fue la iteración en rcl de pedidos N°1 en iter. ruta: 32
[2025-09-30T22:53:39.280351] construccionGRASPParaUnaRuta: La lista de vuelos no produjo asignaciones útiles para el pedido de RCL 
-> probando siguiente ruta (lista de vuelos) de la RCL.
[2025-09-30T22:53:39.280352] construccionGRASPParaUnaRuta: esta fue la iteración en rcl de rutas N°32
[2025-09-30T22:53:39.280355] construccionGRASPParaUnaRuta: Ruta seleccionada desde RCl, sus vuelos:
 17
96

[2025-09-30T22:53:39.280368] construccionGRASPParaUnaRuta: Pedidos que entraron a la RCL: 
PedidoParaAlgoritmo{id=1, idAlmacenDestino=17, pedidas=800, entregadas=0, programadas=414, restante=386}

[2025-09-30T22:53:39.28037] construccionGRASPParaUnaRuta: Máximo de intentos de pedidos: 2
[2025-09-30T22:53:39.280372] construccionGRASPParaUnaRuta: Pedido pretendiente para la ruta:  
PedidoParaAlgoritmo{id=1, idAlmacenDestino=17, pedidas=800, entregadas=0, programadas=414, restante=386}
[2025-09-30T22:53:39.280379] capacidadMaxAsignableEnRuta: Este es el primer almacén y es infinito, no lo simularé: AlmacenParaAlgoritmo{id=1, capacidadMaxima=1000000, capacidadOcupada=0, capacidadSinOcupar=1000000, nombrePais=Global, nombreCiudad=Global Hub City, esInfinito=true}
[2025-09-30T22:53:39.280386] construccionGRASPParaUnaRuta: Pedido id=1 no factible, cantidad factible: 0
[2025-09-30T22:53:39.280387] construccionGRASPParaUnaRuta: rclPedidos: esta fue la iteración en rcl de pedidos N°0 en iter. ruta: 33
[2025-09-30T22:53:39.28039] construccionGRASPParaUnaRuta: Pedido pretendiente para la ruta:  
PedidoParaAlgoritmo{id=1, idAlmacenDestino=17, pedidas=800, entregadas=0, programadas=414, restante=386}
[2025-09-30T22:53:39.280396] capacidadMaxAsignableEnRuta: Este es el primer almacén y es infinito, no lo simularé: AlmacenParaAlgoritmo{id=1, capacidadMaxima=1000000, capacidadOcupada=0, capacidadSinOcupar=1000000, nombrePais=Global, nombreCiudad=Global Hub City, esInfinito=true}
[2025-09-30T22:53:39.280402] construccionGRASPParaUnaRuta: Pedido id=1 no factible, cantidad factible: 0
[2025-09-30T22:53:39.280404] construccionGRASPParaUnaRuta: rclPedidos: esta fue la iteración en rcl de pedidos N°1 en iter. ruta: 33
[2025-09-30T22:53:39.280405] construccionGRASPParaUnaRuta: La lista de vuelos no produjo asignaciones útiles para el pedido de RCL 
-> probando siguiente ruta (lista de vuelos) de la RCL.
[2025-09-30T22:53:39.280406] construccionGRASPParaUnaRuta: esta fue la iteración en rcl de rutas N°33
[2025-09-30T22:53:39.280408] construccionGRASPParaUnaRuta: Ruta seleccionada desde RCl, sus vuelos:
 185

[2025-09-30T22:53:39.280421] construccionGRASPParaUnaRuta: Pedidos que entraron a la RCL: 
PedidoParaAlgoritmo{id=1, idAlmacenDestino=17, pedidas=800, entregadas=0, programadas=414, restante=386}

[2025-09-30T22:53:39.280422] construccionGRASPParaUnaRuta: Máximo de intentos de pedidos: 2
[2025-09-30T22:53:39.280425] construccionGRASPParaUnaRuta: Pedido pretendiente para la ruta:  
PedidoParaAlgoritmo{id=1, idAlmacenDestino=17, pedidas=800, entregadas=0, programadas=414, restante=386}
[2025-09-30T22:53:39.280433] capacidadMaxAsignableEnRuta: Este es el primer almacén y es infinito, no lo simularé: AlmacenParaAlgoritmo{id=3, capacidadMaxima=1000000, capacidadOcupada=0, capacidadSinOcupar=1000000, nombrePais=Europa, nombreCiudad=Euro Hub, esInfinito=true}
[2025-09-30T22:53:39.280444] 
capacidadMaxAsignableEnRuta: Simulación del almDestino en el instante 2025-10-03 03:00:00: AlmacenParaAlgoritmo{id=17, capacidadMaxima=440, capacidadOcupada=27, capacidadSinOcupar=413, nombrePais=Bélgica, nombreCiudad=Bruselas, esInfinito=false}
[2025-09-30T22:53:39.280446] capacidadMaxAsignableEnRuta: Encontré al último vuelo de ruta: VueloParaAlgoritmo{id=185, inicio=2025-10-02T07:00:00Z, fin=2025-10-03T03:00:00Z, idAlmacenOrigen=3, idAlmacenDestino=17, capacidadMaximaProductos=440, capacidadOcupadaProductos=0, capacidadSinOcupar=440, capacidadSinOcuparCalc=440}
[2025-09-30T22:53:39.280448] minimaCapacidadVuelos 440
[2025-09-30T22:53:39.280456] minDispAlmacenes 413
[2025-09-30T22:53:39.280468] Simulación del almacén destino hasta siguiente inicio: AlmacenParaAlgoritmo{id=17, capacidadMaxima=440, capacidadOcupada=440, capacidadSinOcupar=0, nombrePais=Bélgica, nombreCiudad=Bruselas, esInfinito=false}=413
[2025-09-30T22:53:39.280469] El almacén colapsaría con una diferencia de: 413
[2025-09-30T22:53:39.280471] maxDiferenciaColapso 413
[2025-09-30T22:53:39.280472] Asignable final: -27
[2025-09-30T22:53:39.280474] construccionGRASPParaUnaRuta: Pedido id=1 no factible, cantidad factible: 0
[2025-09-30T22:53:39.280475] construccionGRASPParaUnaRuta: rclPedidos: esta fue la iteración en rcl de pedidos N°0 en iter. ruta: 34
[2025-09-30T22:53:39.280478] construccionGRASPParaUnaRuta: Pedido pretendiente para la ruta:  
PedidoParaAlgoritmo{id=1, idAlmacenDestino=17, pedidas=800, entregadas=0, programadas=414, restante=386}
[2025-09-30T22:53:39.280487] capacidadMaxAsignableEnRuta: Este es el primer almacén y es infinito, no lo simularé: AlmacenParaAlgoritmo{id=3, capacidadMaxima=1000000, capacidadOcupada=0, capacidadSinOcupar=1000000, nombrePais=Europa, nombreCiudad=Euro Hub, esInfinito=true}
[2025-09-30T22:53:39.280519] 
capacidadMaxAsignableEnRuta: Simulación del almDestino en el instante 2025-10-03 03:00:00: AlmacenParaAlgoritmo{id=17, capacidadMaxima=440, capacidadOcupada=27, capacidadSinOcupar=413, nombrePais=Bélgica, nombreCiudad=Bruselas, esInfinito=false}
[2025-09-30T22:53:39.280522] capacidadMaxAsignableEnRuta: Encontré al último vuelo de ruta: VueloParaAlgoritmo{id=185, inicio=2025-10-02T07:00:00Z, fin=2025-10-03T03:00:00Z, idAlmacenOrigen=3, idAlmacenDestino=17, capacidadMaximaProductos=440, capacidadOcupadaProductos=0, capacidadSinOcupar=440, capacidadSinOcuparCalc=440}
[2025-09-30T22:53:39.280523] minimaCapacidadVuelos 440
[2025-09-30T22:53:39.280528] minDispAlmacenes 413
[2025-09-30T22:53:39.280537] Simulación del almacén destino hasta siguiente inicio: AlmacenParaAlgoritmo{id=17, capacidadMaxima=440, capacidadOcupada=440, capacidadSinOcupar=0, nombrePais=Bélgica, nombreCiudad=Bruselas, esInfinito=false}=413
[2025-09-30T22:53:39.280538] El almacén colapsaría con una diferencia de: 413
[2025-09-30T22:53:39.280539] maxDiferenciaColapso 413
[2025-09-30T22:53:39.280541] Asignable final: -27
[2025-09-30T22:53:39.280543] construccionGRASPParaUnaRuta: Pedido id=1 no factible, cantidad factible: 0
[2025-09-30T22:53:39.280544] construccionGRASPParaUnaRuta: rclPedidos: esta fue la iteración en rcl de pedidos N°1 en iter. ruta: 34
[2025-09-30T22:53:39.280545] construccionGRASPParaUnaRuta: La lista de vuelos no produjo asignaciones útiles para el pedido de RCL 
-> probando siguiente ruta (lista de vuelos) de la RCL.
[2025-09-30T22:53:39.280546] construccionGRASPParaUnaRuta: esta fue la iteración en rcl de rutas N°34
[2025-09-30T22:53:39.28055] construccionGRASPParaUnaRuta: Ruta seleccionada desde RCl, sus vuelos:
 187
116

[2025-09-30T22:53:39.280571] construccionGRASPParaUnaRuta: Pedidos que entraron a la RCL: 
PedidoParaAlgoritmo{id=1, idAlmacenDestino=17, pedidas=800, entregadas=0, programadas=414, restante=386}

[2025-09-30T22:53:39.280573] construccionGRASPParaUnaRuta: Máximo de intentos de pedidos: 2
[2025-09-30T22:53:39.280576] construccionGRASPParaUnaRuta: Pedido pretendiente para la ruta:  
PedidoParaAlgoritmo{id=1, idAlmacenDestino=17, pedidas=800, entregadas=0, programadas=414, restante=386}
[2025-09-30T22:53:39.280585] capacidadMaxAsignableEnRuta: Este es el primer almacén y es infinito, no lo simularé: AlmacenParaAlgoritmo{id=3, capacidadMaxima=1000000, capacidadOcupada=0, capacidadSinOcupar=1000000, nombrePais=Europa, nombreCiudad=Euro Hub, esInfinito=true}
[2025-09-30T22:53:39.280592] construccionGRASPParaUnaRuta: Pedido id=1 no factible, cantidad factible: 0
[2025-09-30T22:53:39.280593] construccionGRASPParaUnaRuta: rclPedidos: esta fue la iteración en rcl de pedidos N°0 en iter. ruta: 35
[2025-09-30T22:53:39.280596] construccionGRASPParaUnaRuta: Pedido pretendiente para la ruta:  
PedidoParaAlgoritmo{id=1, idAlmacenDestino=17, pedidas=800, entregadas=0, programadas=414, restante=386}
[2025-09-30T22:53:39.280603] capacidadMaxAsignableEnRuta: Este es el primer almacén y es infinito, no lo simularé: AlmacenParaAlgoritmo{id=3, capacidadMaxima=1000000, capacidadOcupada=0, capacidadSinOcupar=1000000, nombrePais=Europa, nombreCiudad=Euro Hub, esInfinito=true}
[2025-09-30T22:53:39.280609] construccionGRASPParaUnaRuta: Pedido id=1 no factible, cantidad factible: 0
[2025-09-30T22:53:39.28061] construccionGRASPParaUnaRuta: rclPedidos: esta fue la iteración en rcl de pedidos N°1 en iter. ruta: 35
[2025-09-30T22:53:39.280611] construccionGRASPParaUnaRuta: La lista de vuelos no produjo asignaciones útiles para el pedido de RCL 
-> probando siguiente ruta (lista de vuelos) de la RCL.
[2025-09-30T22:53:39.280612] construccionGRASPParaUnaRuta: esta fue la iteración en rcl de rutas N°35
[2025-09-30T22:53:39.280615] construccionGRASPParaUnaRuta: Ruta seleccionada desde RCl, sus vuelos:
 8
221
273

[2025-09-30T22:53:39.28063] construccionGRASPParaUnaRuta: Pedidos que entraron a la RCL: 
PedidoParaAlgoritmo{id=1, idAlmacenDestino=17, pedidas=800, entregadas=0, programadas=414, restante=386}

[2025-09-30T22:53:39.280632] construccionGRASPParaUnaRuta: Máximo de intentos de pedidos: 2
[2025-09-30T22:53:39.280635] construccionGRASPParaUnaRuta: Pedido pretendiente para la ruta:  
PedidoParaAlgoritmo{id=1, idAlmacenDestino=17, pedidas=800, entregadas=0, programadas=414, restante=386}
[2025-09-30T22:53:39.280645] capacidadMaxAsignableEnRuta: Este es el primer almacén y es infinito, no lo simularé: AlmacenParaAlgoritmo{id=1, capacidadMaxima=1000000, capacidadOcupada=0, capacidadSinOcupar=1000000, nombrePais=Global, nombreCiudad=Global Hub City, esInfinito=true}
[2025-09-30T22:53:39.280656] 
capacidadMaxAsignableEnRuta: Simulación del almDestino en el instante 2025-10-02 12:59:32: AlmacenParaAlgoritmo{id=12, capacidadMaxima=460, capacidadOcupada=0, capacidadSinOcupar=460, nombrePais=Argentina, nombreCiudad=Buenos Aires, esInfinito=false}
[2025-09-30T22:53:39.280659] capacidadMaxAsignableEnRuta: Este es un vuelo intermedio o inicial en ruta:VueloParaAlgoritmo{id=8, inicio=2025-10-02T05:10:11Z, fin=2025-10-02T12:59:32Z, idAlmacenOrigen=1, idAlmacenDestino=12, capacidadMaximaProductos=408, capacidadOcupadaProductos=0, capacidadSinOcupar=408, capacidadSinOcuparCalc=408}
[2025-09-30T22:53:39.280668] capacidadMaxAsignableEnRuta: Simulación del almOrigen en el instante 2025-10-02 15:00:00: AlmacenParaAlgoritmo{id=12, capacidadMaxima=460, capacidadOcupada=0, capacidadSinOcupar=460, nombrePais=Argentina, nombreCiudad=Buenos Aires, esInfinito=false}
[2025-09-30T22:53:39.280678] construccionGRASPParaUnaRuta: Pedido id=1 no factible, cantidad factible: 0
[2025-09-30T22:53:39.28068] construccionGRASPParaUnaRuta: rclPedidos: esta fue la iteración en rcl de pedidos N°0 en iter. ruta: 36
[2025-09-30T22:53:39.280683] construccionGRASPParaUnaRuta: Pedido pretendiente para la ruta:  
PedidoParaAlgoritmo{id=1, idAlmacenDestino=17, pedidas=800, entregadas=0, programadas=414, restante=386}
[2025-09-30T22:53:39.280691] capacidadMaxAsignableEnRuta: Este es el primer almacén y es infinito, no lo simularé: AlmacenParaAlgoritmo{id=1, capacidadMaxima=1000000, capacidadOcupada=0, capacidadSinOcupar=1000000, nombrePais=Global, nombreCiudad=Global Hub City, esInfinito=true}
[2025-09-30T22:53:39.280704] 
capacidadMaxAsignableEnRuta: Simulación del almDestino en el instante 2025-10-02 12:59:32: AlmacenParaAlgoritmo{id=12, capacidadMaxima=460, capacidadOcupada=0, capacidadSinOcupar=460, nombrePais=Argentina, nombreCiudad=Buenos Aires, esInfinito=false}
[2025-09-30T22:53:39.280706] capacidadMaxAsignableEnRuta: Este es un vuelo intermedio o inicial en ruta:VueloParaAlgoritmo{id=8, inicio=2025-10-02T05:10:11Z, fin=2025-10-02T12:59:32Z, idAlmacenOrigen=1, idAlmacenDestino=12, capacidadMaximaProductos=408, capacidadOcupadaProductos=0, capacidadSinOcupar=408, capacidadSinOcuparCalc=408}
[2025-09-30T22:53:39.280715] capacidadMaxAsignableEnRuta: Simulación del almOrigen en el instante 2025-10-02 15:00:00: AlmacenParaAlgoritmo{id=12, capacidadMaxima=460, capacidadOcupada=0, capacidadSinOcupar=460, nombrePais=Argentina, nombreCiudad=Buenos Aires, esInfinito=false}
[2025-09-30T22:53:39.280721] construccionGRASPParaUnaRuta: Pedido id=1 no factible, cantidad factible: 0
[2025-09-30T22:53:39.280723] construccionGRASPParaUnaRuta: rclPedidos: esta fue la iteración en rcl de pedidos N°1 en iter. ruta: 36
[2025-09-30T22:53:39.280724] construccionGRASPParaUnaRuta: La lista de vuelos no produjo asignaciones útiles para el pedido de RCL 
-> probando siguiente ruta (lista de vuelos) de la RCL.
[2025-09-30T22:53:39.280725] construccionGRASPParaUnaRuta: esta fue la iteración en rcl de rutas N°36
[2025-09-30T22:53:39.280728] construccionGRASPParaUnaRuta: Ruta seleccionada desde RCl, sus vuelos:
 164
231
273

[2025-09-30T22:53:39.280744] construccionGRASPParaUnaRuta: Pedidos que entraron a la RCL: 
PedidoParaAlgoritmo{id=1, idAlmacenDestino=17, pedidas=800, entregadas=0, programadas=414, restante=386}

[2025-09-30T22:53:39.280745] construccionGRASPParaUnaRuta: Máximo de intentos de pedidos: 2
[2025-09-30T22:53:39.280748] construccionGRASPParaUnaRuta: Pedido pretendiente para la ruta:  
PedidoParaAlgoritmo{id=1, idAlmacenDestino=17, pedidas=800, entregadas=0, programadas=414, restante=386}
[2025-09-30T22:53:39.280757] capacidadMaxAsignableEnRuta: Este es el primer almacén y es infinito, no lo simularé: AlmacenParaAlgoritmo{id=1, capacidadMaxima=1000000, capacidadOcupada=0, capacidadSinOcupar=1000000, nombrePais=Global, nombreCiudad=Global Hub City, esInfinito=true}
[2025-09-30T22:53:39.280767] 
capacidadMaxAsignableEnRuta: Simulación del almDestino en el instante 2025-10-02 08:00:00: AlmacenParaAlgoritmo{id=5, capacidadMaxima=430, capacidadOcupada=0, capacidadSinOcupar=430, nombrePais=Colombia, nombreCiudad=Bogotá, esInfinito=false}
[2025-09-30T22:53:39.280769] capacidadMaxAsignableEnRuta: Este es un vuelo intermedio o inicial en ruta:VueloParaAlgoritmo{id=164, inicio=2025-10-02T06:00:00Z, fin=2025-10-02T08:00:00Z, idAlmacenOrigen=1, idAlmacenDestino=5, capacidadMaximaProductos=520, capacidadOcupadaProductos=0, capacidadSinOcupar=520, capacidadSinOcuparCalc=520}
[2025-09-30T22:53:39.280778] capacidadMaxAsignableEnRuta: Simulación del almOrigen en el instante 2025-10-02 13:00:00: AlmacenParaAlgoritmo{id=5, capacidadMaxima=430, capacidadOcupada=0, capacidadSinOcupar=430, nombrePais=Colombia, nombreCiudad=Bogotá, esInfinito=false}
[2025-09-30T22:53:39.280784] construccionGRASPParaUnaRuta: Pedido id=1 no factible, cantidad factible: 0
[2025-09-30T22:53:39.280786] construccionGRASPParaUnaRuta: rclPedidos: esta fue la iteración en rcl de pedidos N°0 en iter. ruta: 37
[2025-09-30T22:53:39.280789] construccionGRASPParaUnaRuta: Pedido pretendiente para la ruta:  
PedidoParaAlgoritmo{id=1, idAlmacenDestino=17, pedidas=800, entregadas=0, programadas=414, restante=386}
[2025-09-30T22:53:39.280796] capacidadMaxAsignableEnRuta: Este es el primer almacén y es infinito, no lo simularé: AlmacenParaAlgoritmo{id=1, capacidadMaxima=1000000, capacidadOcupada=0, capacidadSinOcupar=1000000, nombrePais=Global, nombreCiudad=Global Hub City, esInfinito=true}
[2025-09-30T22:53:39.280805] 
capacidadMaxAsignableEnRuta: Simulación del almDestino en el instante 2025-10-02 08:00:00: AlmacenParaAlgoritmo{id=5, capacidadMaxima=430, capacidadOcupada=0, capacidadSinOcupar=430, nombrePais=Colombia, nombreCiudad=Bogotá, esInfinito=false}
[2025-09-30T22:53:39.280807] capacidadMaxAsignableEnRuta: Este es un vuelo intermedio o inicial en ruta:VueloParaAlgoritmo{id=164, inicio=2025-10-02T06:00:00Z, fin=2025-10-02T08:00:00Z, idAlmacenOrigen=1, idAlmacenDestino=5, capacidadMaximaProductos=520, capacidadOcupadaProductos=0, capacidadSinOcupar=520, capacidadSinOcuparCalc=520}
[2025-09-30T22:53:39.28082] capacidadMaxAsignableEnRuta: Simulación del almOrigen en el instante 2025-10-02 13:00:00: AlmacenParaAlgoritmo{id=5, capacidadMaxima=430, capacidadOcupada=0, capacidadSinOcupar=430, nombrePais=Colombia, nombreCiudad=Bogotá, esInfinito=false}
[2025-09-30T22:53:39.280825] construccionGRASPParaUnaRuta: Pedido id=1 no factible, cantidad factible: 0
[2025-09-30T22:53:39.280827] construccionGRASPParaUnaRuta: rclPedidos: esta fue la iteración en rcl de pedidos N°1 en iter. ruta: 37
[2025-09-30T22:53:39.280828] construccionGRASPParaUnaRuta: La lista de vuelos no produjo asignaciones útiles para el pedido de RCL 
-> probando siguiente ruta (lista de vuelos) de la RCL.
[2025-09-30T22:53:39.280829] construccionGRASPParaUnaRuta: esta fue la iteración en rcl de rutas N°37
[2025-09-30T22:53:39.280832] construccionGRASPParaUnaRuta: Ruta seleccionada desde RCl, sus vuelos:
 187
96

[2025-09-30T22:53:39.280847] construccionGRASPParaUnaRuta: Pedidos que entraron a la RCL: 
PedidoParaAlgoritmo{id=1, idAlmacenDestino=17, pedidas=800, entregadas=0, programadas=414, restante=386}

[2025-09-30T22:53:39.280849] construccionGRASPParaUnaRuta: Máximo de intentos de pedidos: 2
[2025-09-30T22:53:39.280851] construccionGRASPParaUnaRuta: Pedido pretendiente para la ruta:  
PedidoParaAlgoritmo{id=1, idAlmacenDestino=17, pedidas=800, entregadas=0, programadas=414, restante=386}
[2025-09-30T22:53:39.28086] capacidadMaxAsignableEnRuta: Este es el primer almacén y es infinito, no lo simularé: AlmacenParaAlgoritmo{id=3, capacidadMaxima=1000000, capacidadOcupada=0, capacidadSinOcupar=1000000, nombrePais=Europa, nombreCiudad=Euro Hub, esInfinito=true}
[2025-09-30T22:53:39.280867] construccionGRASPParaUnaRuta: Pedido id=1 no factible, cantidad factible: 0
[2025-09-30T22:53:39.280869] construccionGRASPParaUnaRuta: rclPedidos: esta fue la iteración en rcl de pedidos N°0 en iter. ruta: 38
[2025-09-30T22:53:39.280871] construccionGRASPParaUnaRuta: Pedido pretendiente para la ruta:  
PedidoParaAlgoritmo{id=1, idAlmacenDestino=17, pedidas=800, entregadas=0, programadas=414, restante=386}
[2025-09-30T22:53:39.280878] capacidadMaxAsignableEnRuta: Este es el primer almacén y es infinito, no lo simularé: AlmacenParaAlgoritmo{id=3, capacidadMaxima=1000000, capacidadOcupada=0, capacidadSinOcupar=1000000, nombrePais=Europa, nombreCiudad=Euro Hub, esInfinito=true}
[2025-09-30T22:53:39.280883] construccionGRASPParaUnaRuta: Pedido id=1 no factible, cantidad factible: 0
[2025-09-30T22:53:39.280885] construccionGRASPParaUnaRuta: rclPedidos: esta fue la iteración en rcl de pedidos N°1 en iter. ruta: 38
[2025-09-30T22:53:39.280886] construccionGRASPParaUnaRuta: La lista de vuelos no produjo asignaciones útiles para el pedido de RCL 
-> probando siguiente ruta (lista de vuelos) de la RCL.
[2025-09-30T22:53:39.280887] construccionGRASPParaUnaRuta: esta fue la iteración en rcl de rutas N°38
[2025-09-30T22:53:39.280889] construccionGRASPParaUnaRuta: Ruta seleccionada desde RCl, sus vuelos:
 187
136

[2025-09-30T22:53:39.280901] construccionGRASPParaUnaRuta: Pedidos que entraron a la RCL: 
PedidoParaAlgoritmo{id=1, idAlmacenDestino=17, pedidas=800, entregadas=0, programadas=414, restante=386}

[2025-09-30T22:53:39.280902] construccionGRASPParaUnaRuta: Máximo de intentos de pedidos: 2
[2025-09-30T22:53:39.280905] construccionGRASPParaUnaRuta: Pedido pretendiente para la ruta:  
PedidoParaAlgoritmo{id=1, idAlmacenDestino=17, pedidas=800, entregadas=0, programadas=414, restante=386}
[2025-09-30T22:53:39.280912] capacidadMaxAsignableEnRuta: Este es el primer almacén y es infinito, no lo simularé: AlmacenParaAlgoritmo{id=3, capacidadMaxima=1000000, capacidadOcupada=0, capacidadSinOcupar=1000000, nombrePais=Europa, nombreCiudad=Euro Hub, esInfinito=true}
[2025-09-30T22:53:39.280918] construccionGRASPParaUnaRuta: Pedido id=1 no factible, cantidad factible: 0
[2025-09-30T22:53:39.280919] construccionGRASPParaUnaRuta: rclPedidos: esta fue la iteración en rcl de pedidos N°0 en iter. ruta: 39
[2025-09-30T22:53:39.280923] construccionGRASPParaUnaRuta: Pedido pretendiente para la ruta:  
PedidoParaAlgoritmo{id=1, idAlmacenDestino=17, pedidas=800, entregadas=0, programadas=414, restante=386}
[2025-09-30T22:53:39.280929] capacidadMaxAsignableEnRuta: Este es el primer almacén y es infinito, no lo simularé: AlmacenParaAlgoritmo{id=3, capacidadMaxima=1000000, capacidadOcupada=0, capacidadSinOcupar=1000000, nombrePais=Europa, nombreCiudad=Euro Hub, esInfinito=true}
[2025-09-30T22:53:39.280935] construccionGRASPParaUnaRuta: Pedido id=1 no factible, cantidad factible: 0
[2025-09-30T22:53:39.280937] construccionGRASPParaUnaRuta: rclPedidos: esta fue la iteración en rcl de pedidos N°1 en iter. ruta: 39
[2025-09-30T22:53:39.280938] construccionGRASPParaUnaRuta: La lista de vuelos no produjo asignaciones útiles para el pedido de RCL 
-> probando siguiente ruta (lista de vuelos) de la RCL.
[2025-09-30T22:53:39.280939] construccionGRASPParaUnaRuta: esta fue la iteración en rcl de rutas N°39
[2025-09-30T22:53:39.280943] construccionGRASPParaUnaRuta: Ninguna ruta en la RCL produjo un envío válido -> retornando null
[2025-09-30T22:53:39.280946] planificar: GRASP no pudo construir más minipedidos (null) — terminando planificación. YA NO SIGO INTENTANDO :(!!!!!!!!!!!!!
[2025-09-30T22:53:39.281177] Planificación finalizada. Iteraciones realizadas: 3. Rutas creadas: 2
[2025-09-30T22:53:39.281251] NO SE LOGRÓ PLANIFICAR TODO, COLAPSO LOGÍSTICO!!!!!!!!!!!!
